# Area burned each year, world and continents, by land cover
# Indicator: burned-area.gwis.annual-by-land-cover (vintage MCD64A1 C6.1 via GWIS, 2002–2025); unit: hectares (ha)
# Source: European Commission, Joint Research Centre (JRC), Global Wildfire Information System (GWIS) <https://gwis.jrc.ec.europa.eu/apps/country.profile>
# Credit: © European Union, Global Wildfire Information System (GWIS), Country Profile, https://gwis.jrc.ec.europa.eu/apps/country.profile, accessed 2026-10-05, CC BY 4.0. Burned area from NASA MODIS MCD64A1 v061 (Giglio et al. 2021, doi:10.5067/MODIS/MCD64A1.061).
# Licence: CC BY 4.0 (European Commission reuse policy) <https://creativecommons.org/licenses/by/4.0/>
# Provenance and processing: https://environmentdashboard.org/data/burned-area/gwis/annual-by-land-cover
indicator_id,entity,period,value,lower,upper,interval,status,note,missing_reason,age_bp,land_cover
burned-area.gwis.annual-by-land-cover,WLD,2002,463548794.4740024,,,,final,,,,total
burned-area.gwis.annual-by-land-cover,WLD,2003,438101244.9220014,,,,final,,,,total
burned-area.gwis.annual-by-land-cover,WLD,2004,460854205.68399805,,,,final,,,,total
burned-area.gwis.annual-by-land-cover,WLD,2005,457015700.6080001,,,,final,,,,total
burned-area.gwis.annual-by-land-cover,WLD,2006,430843678.02900434,,,,final,,,,total
burned-area.gwis.annual-by-land-cover,WLD,2007,463521232.39399904,,,,final,,,,total
burned-area.gwis.annual-by-land-cover,WLD,2008,423634602.6820018,,,,final,,,,total
burned-area.gwis.annual-by-land-cover,WLD,2009,381683428.8040018,,,,final,,,,total
burned-area.gwis.annual-by-land-cover,WLD,2010,416138313.9550021,,,,final,,,,total
burned-area.gwis.annual-by-land-cover,WLD,2011,458679927.946,,,,final,,,,total
burned-area.gwis.annual-by-land-cover,WLD,2012,454327444.2540005,,,,final,,,,total
burned-area.gwis.annual-by-land-cover,WLD,2013,355898650.4160002,,,,final,,,,total
burned-area.gwis.annual-by-land-cover,WLD,2014,381295347.4440014,,,,final,,,,total
burned-area.gwis.annual-by-land-cover,WLD,2015,384747058.8700029,,,,final,,,,total
burned-area.gwis.annual-by-land-cover,WLD,2016,365519094.07600087,,,,final,,,,total
burned-area.gwis.annual-by-land-cover,WLD,2017,387382788.28099984,,,,final,,,,total
burned-area.gwis.annual-by-land-cover,WLD,2018,353846856.86200047,,,,final,,,,total
burned-area.gwis.annual-by-land-cover,WLD,2019,345058151.23100114,,,,final,,,,total
burned-area.gwis.annual-by-land-cover,WLD,2020,349740715.63900167,,,,final,,,,total
burned-area.gwis.annual-by-land-cover,WLD,2021,352469456.56700325,,,,final,,,,total
burned-area.gwis.annual-by-land-cover,WLD,2022,330533551.11800086,,,,final,,,,total
burned-area.gwis.annual-by-land-cover,WLD,2023,383488364.7940016,,,,final,,,,total
burned-area.gwis.annual-by-land-cover,WLD,2024,365746181.40900034,,,,final,,,,total
burned-area.gwis.annual-by-land-cover,WLD,2025,332928197.51000077,,,,final,,,,total
burned-area.gwis.annual-by-land-cover,WLD,2002,25253798.908999916,,,,final,,,,forest
burned-area.gwis.annual-by-land-cover,WLD,2003,34195234.22599972,,,,final,,,,forest
burned-area.gwis.annual-by-land-cover,WLD,2004,36613364.20299984,,,,final,,,,forest
burned-area.gwis.annual-by-land-cover,WLD,2005,35332989.61599964,,,,final,,,,forest
burned-area.gwis.annual-by-land-cover,WLD,2006,31350598.970999796,,,,final,,,,forest
burned-area.gwis.annual-by-land-cover,WLD,2007,36855220.1439996,,,,final,,,,forest
burned-area.gwis.annual-by-land-cover,WLD,2008,31068322.809999786,,,,final,,,,forest
burned-area.gwis.annual-by-land-cover,WLD,2009,30055112.41099973,,,,final,,,,forest
burned-area.gwis.annual-by-land-cover,WLD,2010,40843771.448999844,,,,final,,,,forest
burned-area.gwis.annual-by-land-cover,WLD,2011,32444585.425999813,,,,final,,,,forest
burned-area.gwis.annual-by-land-cover,WLD,2012,35888676.51999981,,,,final,,,,forest
burned-area.gwis.annual-by-land-cover,WLD,2013,30350740.32299967,,,,final,,,,forest
burned-area.gwis.annual-by-land-cover,WLD,2014,31086890.78099985,,,,final,,,,forest
burned-area.gwis.annual-by-land-cover,WLD,2015,33364891.519999854,,,,final,,,,forest
burned-area.gwis.annual-by-land-cover,WLD,2016,32861130.54,,,,final,,,,forest
burned-area.gwis.annual-by-land-cover,WLD,2017,32823200.375999834,,,,final,,,,forest
burned-area.gwis.annual-by-land-cover,WLD,2018,28389468.40099977,,,,final,,,,forest
burned-area.gwis.annual-by-land-cover,WLD,2019,35679663.341999836,,,,final,,,,forest
burned-area.gwis.annual-by-land-cover,WLD,2020,33877560.80199976,,,,final,,,,forest
burned-area.gwis.annual-by-land-cover,WLD,2021,29652927.8689998,,,,final,,,,forest
burned-area.gwis.annual-by-land-cover,WLD,2022,24251471.637999848,,,,final,,,,forest
burned-area.gwis.annual-by-land-cover,WLD,2023,25527553.114999827,,,,final,,,,forest
burned-area.gwis.annual-by-land-cover,WLD,2024,35336488.55599975,,,,final,,,,forest
burned-area.gwis.annual-by-land-cover,WLD,2025,24596578.46699989,,,,final,,,,forest
burned-area.gwis.annual-by-land-cover,WLD,2002,184240036.94200078,,,,final,,,,savannas
burned-area.gwis.annual-by-land-cover,WLD,2003,208582287.57200155,,,,final,,,,savannas
burned-area.gwis.annual-by-land-cover,WLD,2004,189205886.3440016,,,,final,,,,savannas
burned-area.gwis.annual-by-land-cover,WLD,2005,207298821.84200114,,,,final,,,,savannas
burned-area.gwis.annual-by-land-cover,WLD,2006,176616155.03600144,,,,final,,,,savannas
burned-area.gwis.annual-by-land-cover,WLD,2007,196677832.7560017,,,,final,,,,savannas
burned-area.gwis.annual-by-land-cover,WLD,2008,190580624.8280017,,,,final,,,,savannas
burned-area.gwis.annual-by-land-cover,WLD,2009,170452574.76200128,,,,final,,,,savannas
burned-area.gwis.annual-by-land-cover,WLD,2010,185733739.32200083,,,,final,,,,savannas
burned-area.gwis.annual-by-land-cover,WLD,2011,176255700.26300064,,,,final,,,,savannas
burned-area.gwis.annual-by-land-cover,WLD,2012,181357407.07200205,,,,final,,,,savannas
burned-area.gwis.annual-by-land-cover,WLD,2013,167592741.6600008,,,,final,,,,savannas
burned-area.gwis.annual-by-land-cover,WLD,2014,171396364.536001,,,,final,,,,savannas
burned-area.gwis.annual-by-land-cover,WLD,2015,173593439.04100215,,,,final,,,,savannas
burned-area.gwis.annual-by-land-cover,WLD,2016,174357495.10900187,,,,final,,,,savannas
burned-area.gwis.annual-by-land-cover,WLD,2017,165588666.76000088,,,,final,,,,savannas
burned-area.gwis.annual-by-land-cover,WLD,2018,157802309.78400168,,,,final,,,,savannas
burned-area.gwis.annual-by-land-cover,WLD,2019,158796415.57100126,,,,final,,,,savannas
burned-area.gwis.annual-by-land-cover,WLD,2020,168139842.24900103,,,,final,,,,savannas
burned-area.gwis.annual-by-land-cover,WLD,2021,157443658.10600224,,,,final,,,,savannas
burned-area.gwis.annual-by-land-cover,WLD,2022,155113645.52500194,,,,final,,,,savannas
burned-area.gwis.annual-by-land-cover,WLD,2023,154088607.44700077,,,,final,,,,savannas
burned-area.gwis.annual-by-land-cover,WLD,2024,165234887.80700216,,,,final,,,,savannas
burned-area.gwis.annual-by-land-cover,WLD,2025,142168868.86900145,,,,final,,,,savannas
burned-area.gwis.annual-by-land-cover,WLD,2002,212980364.67200178,,,,final,,,,shrublands-grasslands
burned-area.gwis.annual-by-land-cover,WLD,2003,155430030.90300202,,,,final,,,,shrublands-grasslands
burned-area.gwis.annual-by-land-cover,WLD,2004,194898999.16400188,,,,final,,,,shrublands-grasslands
burned-area.gwis.annual-by-land-cover,WLD,2005,170008961.0550016,,,,final,,,,shrublands-grasslands
burned-area.gwis.annual-by-land-cover,WLD,2006,183751044.44800103,,,,final,,,,shrublands-grasslands
burned-area.gwis.annual-by-land-cover,WLD,2007,191679698.6490023,,,,final,,,,shrublands-grasslands
burned-area.gwis.annual-by-land-cover,WLD,2008,159760512.0510021,,,,final,,,,shrublands-grasslands
burned-area.gwis.annual-by-land-cover,WLD,2009,145463342.83200192,,,,final,,,,shrublands-grasslands
burned-area.gwis.annual-by-land-cover,WLD,2010,156274025.9230012,,,,final,,,,shrublands-grasslands
burned-area.gwis.annual-by-land-cover,WLD,2011,217540616.4470008,,,,final,,,,shrublands-grasslands
burned-area.gwis.annual-by-land-cover,WLD,2012,206551552.0590007,,,,final,,,,shrublands-grasslands
burned-area.gwis.annual-by-land-cover,WLD,2013,131492733.84000246,,,,final,,,,shrublands-grasslands
burned-area.gwis.annual-by-land-cover,WLD,2014,147489613.39900205,,,,final,,,,shrublands-grasslands
burned-area.gwis.annual-by-land-cover,WLD,2015,146678675.81600255,,,,final,,,,shrublands-grasslands
burned-area.gwis.annual-by-land-cover,WLD,2016,127826771.60700388,,,,final,,,,shrublands-grasslands
burned-area.gwis.annual-by-land-cover,WLD,2017,156923625.9490018,,,,final,,,,shrublands-grasslands
burned-area.gwis.annual-by-land-cover,WLD,2018,143486508.14900234,,,,final,,,,shrublands-grasslands
burned-area.gwis.annual-by-land-cover,WLD,2019,121664586.48300199,,,,final,,,,shrublands-grasslands
burned-area.gwis.annual-by-land-cover,WLD,2020,119397619.19300158,,,,final,,,,shrublands-grasslands
burned-area.gwis.annual-by-land-cover,WLD,2021,137935799.79600352,,,,final,,,,shrublands-grasslands
burned-area.gwis.annual-by-land-cover,WLD,2022,123564487.48100297,,,,final,,,,shrublands-grasslands
burned-area.gwis.annual-by-land-cover,WLD,2023,178454663.62700248,,,,final,,,,shrublands-grasslands
burned-area.gwis.annual-by-land-cover,WLD,2024,138900669.03200397,,,,final,,,,shrublands-grasslands
burned-area.gwis.annual-by-land-cover,WLD,2025,143247356.91200227,,,,final,,,,shrublands-grasslands
burned-area.gwis.annual-by-land-cover,WLD,2002,40428363.92700033,,,,final,,,,croplands
burned-area.gwis.annual-by-land-cover,WLD,2003,39464675.29400022,,,,final,,,,croplands
burned-area.gwis.annual-by-land-cover,WLD,2004,39681287.33700047,,,,final,,,,croplands
burned-area.gwis.annual-by-land-cover,WLD,2005,43876855.47800036,,,,final,,,,croplands
burned-area.gwis.annual-by-land-cover,WLD,2006,38659211.531000264,,,,final,,,,croplands
burned-area.gwis.annual-by-land-cover,WLD,2007,37985462.37300012,,,,final,,,,croplands
burned-area.gwis.annual-by-land-cover,WLD,2008,41615490.79500001,,,,final,,,,croplands
burned-area.gwis.annual-by-land-cover,WLD,2009,35340008.85400014,,,,final,,,,croplands
burned-area.gwis.annual-by-land-cover,WLD,2010,32821697.682000108,,,,final,,,,croplands
burned-area.gwis.annual-by-land-cover,WLD,2011,31955249.47499993,,,,final,,,,croplands
burned-area.gwis.annual-by-land-cover,WLD,2012,30060886.62600015,,,,final,,,,croplands
burned-area.gwis.annual-by-land-cover,WLD,2013,25908035.552999936,,,,final,,,,croplands
burned-area.gwis.annual-by-land-cover,WLD,2014,30896831.938000005,,,,final,,,,croplands
burned-area.gwis.annual-by-land-cover,WLD,2015,30418744.12699993,,,,final,,,,croplands
burned-area.gwis.annual-by-land-cover,WLD,2016,30002048.693000123,,,,final,,,,croplands
burned-area.gwis.annual-by-land-cover,WLD,2017,31598014.49599996,,,,final,,,,croplands
burned-area.gwis.annual-by-land-cover,WLD,2018,23796738.67500004,,,,final,,,,croplands
burned-area.gwis.annual-by-land-cover,WLD,2019,28282847.366999924,,,,final,,,,croplands
burned-area.gwis.annual-by-land-cover,WLD,2020,27265515.57499982,,,,final,,,,croplands
burned-area.gwis.annual-by-land-cover,WLD,2021,26794597.308999904,,,,final,,,,croplands
burned-area.gwis.annual-by-land-cover,WLD,2022,27059507.599999927,,,,final,,,,croplands
burned-area.gwis.annual-by-land-cover,WLD,2023,24709682.050999817,,,,final,,,,croplands
burned-area.gwis.annual-by-land-cover,WLD,2024,25474897.269000128,,,,final,,,,croplands
burned-area.gwis.annual-by-land-cover,WLD,2025,22486912.98000003,,,,final,,,,croplands
burned-area.gwis.annual-by-land-cover,WLD,2002,646230.024000006,,,,final,,,,other
burned-area.gwis.annual-by-land-cover,WLD,2003,429016.9269999994,,,,final,,,,other
burned-area.gwis.annual-by-land-cover,WLD,2004,454668.6359999987,,,,final,,,,other
burned-area.gwis.annual-by-land-cover,WLD,2005,498072.6169999989,,,,final,,,,other
burned-area.gwis.annual-by-land-cover,WLD,2006,466668.0429999997,,,,final,,,,other
burned-area.gwis.annual-by-land-cover,WLD,2007,323018.47199999826,,,,final,,,,other
burned-area.gwis.annual-by-land-cover,WLD,2008,609652.1980000035,,,,final,,,,other
burned-area.gwis.annual-by-land-cover,WLD,2009,372389.9449999985,,,,final,,,,other
burned-area.gwis.annual-by-land-cover,WLD,2010,465079.5789999991,,,,final,,,,other
burned-area.gwis.annual-by-land-cover,WLD,2011,483776.3350000005,,,,final,,,,other
burned-area.gwis.annual-by-land-cover,WLD,2012,468921.9770000002,,,,final,,,,other
burned-area.gwis.annual-by-land-cover,WLD,2013,554399.0400000005,,,,final,,,,other
burned-area.gwis.annual-by-land-cover,WLD,2014,425646.78999999823,,,,final,,,,other
burned-area.gwis.annual-by-land-cover,WLD,2015,691308.3660000034,,,,final,,,,other
burned-area.gwis.annual-by-land-cover,WLD,2016,471648.1269999998,,,,final,,,,other
burned-area.gwis.annual-by-land-cover,WLD,2017,449280.69999999943,,,,final,,,,other
burned-area.gwis.annual-by-land-cover,WLD,2018,371831.85299999925,,,,final,,,,other
burned-area.gwis.annual-by-land-cover,WLD,2019,634638.4680000035,,,,final,,,,other
burned-area.gwis.annual-by-land-cover,WLD,2020,1060177.8200000061,,,,final,,,,other
burned-area.gwis.annual-by-land-cover,WLD,2021,642473.4870000082,,,,final,,,,other
burned-area.gwis.annual-by-land-cover,WLD,2022,544438.8740000016,,,,final,,,,other
burned-area.gwis.annual-by-land-cover,WLD,2023,707858.5540000082,,,,final,,,,other
burned-area.gwis.annual-by-land-cover,WLD,2024,799238.7450000024,,,,final,,,,other
burned-area.gwis.annual-by-land-cover,WLD,2025,428480.2819999991,,,,final,,,,other
burned-area.gwis.annual-by-land-cover,UN_AFR,2002,281475672.04499984,,,,final,,,,total
burned-area.gwis.annual-by-land-cover,UN_AFR,2003,305343548.4920011,,,,final,,,,total
burned-area.gwis.annual-by-land-cover,UN_AFR,2004,294271153.5750011,,,,final,,,,total
burned-area.gwis.annual-by-land-cover,UN_AFR,2005,328330358.3130006,,,,final,,,,total
burned-area.gwis.annual-by-land-cover,UN_AFR,2006,283638830.3610007,,,,final,,,,total
burned-area.gwis.annual-by-land-cover,UN_AFR,2007,300076039.23700005,,,,final,,,,total
burned-area.gwis.annual-by-land-cover,UN_AFR,2008,297653401.49300057,,,,final,,,,total
burned-area.gwis.annual-by-land-cover,UN_AFR,2009,268226530.831,,,,final,,,,total
burned-area.gwis.annual-by-land-cover,UN_AFR,2010,286857594.2710006,,,,final,,,,total
burned-area.gwis.annual-by-land-cover,UN_AFR,2011,296716437.8250006,,,,final,,,,total
burned-area.gwis.annual-by-land-cover,UN_AFR,2012,273794927.06500053,,,,final,,,,total
burned-area.gwis.annual-by-land-cover,UN_AFR,2013,267405225.30200064,,,,final,,,,total
burned-area.gwis.annual-by-land-cover,UN_AFR,2014,247334982.8499997,,,,final,,,,total
burned-area.gwis.annual-by-land-cover,UN_AFR,2015,256735208.12500048,,,,final,,,,total
burned-area.gwis.annual-by-land-cover,UN_AFR,2016,271644154.4990004,,,,final,,,,total
burned-area.gwis.annual-by-land-cover,UN_AFR,2017,246654278.65900034,,,,final,,,,total
burned-area.gwis.annual-by-land-cover,UN_AFR,2018,238344111.53600043,,,,final,,,,total
burned-area.gwis.annual-by-land-cover,UN_AFR,2019,220970325.4000002,,,,final,,,,total
burned-area.gwis.annual-by-land-cover,UN_AFR,2020,244645073.55299956,,,,final,,,,total
burned-area.gwis.annual-by-land-cover,UN_AFR,2021,248320266.11300033,,,,final,,,,total
burned-area.gwis.annual-by-land-cover,UN_AFR,2022,240284175.21800056,,,,final,,,,total
burned-area.gwis.annual-by-land-cover,UN_AFR,2023,234625386.1810003,,,,final,,,,total
burned-area.gwis.annual-by-land-cover,UN_AFR,2024,240613161.08800107,,,,final,,,,total
burned-area.gwis.annual-by-land-cover,UN_AFR,2025,225525253.7269997,,,,final,,,,total
burned-area.gwis.annual-by-land-cover,UN_AFR,2002,15319567.057999961,,,,final,,,,forest
burned-area.gwis.annual-by-land-cover,UN_AFR,2003,21057393.413999993,,,,final,,,,forest
burned-area.gwis.annual-by-land-cover,UN_AFR,2004,20115750.22199993,,,,final,,,,forest
burned-area.gwis.annual-by-land-cover,UN_AFR,2005,23151989.80699994,,,,final,,,,forest
burned-area.gwis.annual-by-land-cover,UN_AFR,2006,20174309.08899992,,,,final,,,,forest
burned-area.gwis.annual-by-land-cover,UN_AFR,2007,20512568.23399992,,,,final,,,,forest
burned-area.gwis.annual-by-land-cover,UN_AFR,2008,21693791.98999992,,,,final,,,,forest
burned-area.gwis.annual-by-land-cover,UN_AFR,2009,19506205.428999975,,,,final,,,,forest
burned-area.gwis.annual-by-land-cover,UN_AFR,2010,23848042.018999934,,,,final,,,,forest
burned-area.gwis.annual-by-land-cover,UN_AFR,2011,23595775.1539999,,,,final,,,,forest
burned-area.gwis.annual-by-land-cover,UN_AFR,2012,23660752.34599993,,,,final,,,,forest
burned-area.gwis.annual-by-land-cover,UN_AFR,2013,22047592.39899994,,,,final,,,,forest
burned-area.gwis.annual-by-land-cover,UN_AFR,2014,20715570.947999965,,,,final,,,,forest
burned-area.gwis.annual-by-land-cover,UN_AFR,2015,22110981.110999934,,,,final,,,,forest
burned-area.gwis.annual-by-land-cover,UN_AFR,2016,23107963.27899995,,,,final,,,,forest
burned-area.gwis.annual-by-land-cover,UN_AFR,2017,22812077.779999997,,,,final,,,,forest
burned-area.gwis.annual-by-land-cover,UN_AFR,2018,20361641.708999954,,,,final,,,,forest
burned-area.gwis.annual-by-land-cover,UN_AFR,2019,20666285.284999967,,,,final,,,,forest
burned-area.gwis.annual-by-land-cover,UN_AFR,2020,19550339.243999913,,,,final,,,,forest
burned-area.gwis.annual-by-land-cover,UN_AFR,2021,18354754.844999958,,,,final,,,,forest
burned-area.gwis.annual-by-land-cover,UN_AFR,2022,16597365.733999956,,,,final,,,,forest
burned-area.gwis.annual-by-land-cover,UN_AFR,2023,13917030.216999952,,,,final,,,,forest
burned-area.gwis.annual-by-land-cover,UN_AFR,2024,16092960.816999951,,,,final,,,,forest
burned-area.gwis.annual-by-land-cover,UN_AFR,2025,15828072.017999928,,,,final,,,,forest
burned-area.gwis.annual-by-land-cover,UN_AFR,2002,138455016.09100017,,,,final,,,,savannas
burned-area.gwis.annual-by-land-cover,UN_AFR,2003,159699033.66600093,,,,final,,,,savannas
burned-area.gwis.annual-by-land-cover,UN_AFR,2004,146181676.5320002,,,,final,,,,savannas
burned-area.gwis.annual-by-land-cover,UN_AFR,2005,165284387.95400065,,,,final,,,,savannas
burned-area.gwis.annual-by-land-cover,UN_AFR,2006,142313935.01200047,,,,final,,,,savannas
burned-area.gwis.annual-by-land-cover,UN_AFR,2007,148660018.19500062,,,,final,,,,savannas
burned-area.gwis.annual-by-land-cover,UN_AFR,2008,151315796.78900063,,,,final,,,,savannas
burned-area.gwis.annual-by-land-cover,UN_AFR,2009,138709193.4120006,,,,final,,,,savannas
burned-area.gwis.annual-by-land-cover,UN_AFR,2010,141118114.51300076,,,,final,,,,savannas
burned-area.gwis.annual-by-land-cover,UN_AFR,2011,140600379.2430007,,,,final,,,,savannas
burned-area.gwis.annual-by-land-cover,UN_AFR,2012,134775251.2290007,,,,final,,,,savannas
burned-area.gwis.annual-by-land-cover,UN_AFR,2013,137715431.10500044,,,,final,,,,savannas
burned-area.gwis.annual-by-land-cover,UN_AFR,2014,130553494.72800063,,,,final,,,,savannas
burned-area.gwis.annual-by-land-cover,UN_AFR,2015,136334166.94100064,,,,final,,,,savannas
burned-area.gwis.annual-by-land-cover,UN_AFR,2016,143351358.9650006,,,,final,,,,savannas
burned-area.gwis.annual-by-land-cover,UN_AFR,2017,129350354.31200081,,,,final,,,,savannas
burned-area.gwis.annual-by-land-cover,UN_AFR,2018,127443798.89800045,,,,final,,,,savannas
burned-area.gwis.annual-by-land-cover,UN_AFR,2019,120016930.7580011,,,,final,,,,savannas
burned-area.gwis.annual-by-land-cover,UN_AFR,2020,129596782.49700075,,,,final,,,,savannas
burned-area.gwis.annual-by-land-cover,UN_AFR,2021,121828113.36300059,,,,final,,,,savannas
burned-area.gwis.annual-by-land-cover,UN_AFR,2022,127989289.5390005,,,,final,,,,savannas
burned-area.gwis.annual-by-land-cover,UN_AFR,2023,113480016.08400027,,,,final,,,,savannas
burned-area.gwis.annual-by-land-cover,UN_AFR,2024,127310968.10600027,,,,final,,,,savannas
burned-area.gwis.annual-by-land-cover,UN_AFR,2025,116994493.73300104,,,,final,,,,savannas
burned-area.gwis.annual-by-land-cover,UN_AFR,2002,103994013.2200004,,,,final,,,,shrublands-grasslands
burned-area.gwis.annual-by-land-cover,UN_AFR,2003,99707107.77100079,,,,final,,,,shrublands-grasslands
burned-area.gwis.annual-by-land-cover,UN_AFR,2004,107170231.68900089,,,,final,,,,shrublands-grasslands
burned-area.gwis.annual-by-land-cover,UN_AFR,2005,117235018.75300093,,,,final,,,,shrublands-grasslands
burned-area.gwis.annual-by-land-cover,UN_AFR,2006,102487839.13700089,,,,final,,,,shrublands-grasslands
burned-area.gwis.annual-by-land-cover,UN_AFR,2007,112833464.16400094,,,,final,,,,shrublands-grasslands
burned-area.gwis.annual-by-land-cover,UN_AFR,2008,106580070.62000056,,,,final,,,,shrublands-grasslands
burned-area.gwis.annual-by-land-cover,UN_AFR,2009,95135457.59300067,,,,final,,,,shrublands-grasslands
burned-area.gwis.annual-by-land-cover,UN_AFR,2010,107369220.30700102,,,,final,,,,shrublands-grasslands
burned-area.gwis.annual-by-land-cover,UN_AFR,2011,117024395.6900013,,,,final,,,,shrublands-grasslands
burned-area.gwis.annual-by-land-cover,UN_AFR,2012,102326007.93500096,,,,final,,,,shrublands-grasslands
burned-area.gwis.annual-by-land-cover,UN_AFR,2013,95614253.7390007,,,,final,,,,shrublands-grasslands
burned-area.gwis.annual-by-land-cover,UN_AFR,2014,85138352.3960004,,,,final,,,,shrublands-grasslands
burned-area.gwis.annual-by-land-cover,UN_AFR,2015,86445623.69200025,,,,final,,,,shrublands-grasslands
burned-area.gwis.annual-by-land-cover,UN_AFR,2016,89660502.27100056,,,,final,,,,shrublands-grasslands
burned-area.gwis.annual-by-land-cover,UN_AFR,2017,81217869.29300068,,,,final,,,,shrublands-grasslands
burned-area.gwis.annual-by-land-cover,UN_AFR,2018,79642703.94200009,,,,final,,,,shrublands-grasslands
burned-area.gwis.annual-by-land-cover,UN_AFR,2019,69672216.42900011,,,,final,,,,shrublands-grasslands
burned-area.gwis.annual-by-land-cover,UN_AFR,2020,83977134.85100009,,,,final,,,,shrublands-grasslands
burned-area.gwis.annual-by-land-cover,UN_AFR,2021,95571944.52400072,,,,final,,,,shrublands-grasslands
burned-area.gwis.annual-by-land-cover,UN_AFR,2022,81873780.34600058,,,,final,,,,shrublands-grasslands
burned-area.gwis.annual-by-land-cover,UN_AFR,2023,94662693.2900004,,,,final,,,,shrublands-grasslands
burned-area.gwis.annual-by-land-cover,UN_AFR,2024,86679408.45400064,,,,final,,,,shrublands-grasslands
burned-area.gwis.annual-by-land-cover,UN_AFR,2025,82581123.60200062,,,,final,,,,shrublands-grasslands
burned-area.gwis.annual-by-land-cover,UN_AFR,2002,23466872.586999997,,,,final,,,,croplands
burned-area.gwis.annual-by-land-cover,UN_AFR,2003,24654815.185000006,,,,final,,,,croplands
burned-area.gwis.annual-by-land-cover,UN_AFR,2004,20622602.228999846,,,,final,,,,croplands
burned-area.gwis.annual-by-land-cover,UN_AFR,2005,22381451.027999975,,,,final,,,,croplands
burned-area.gwis.annual-by-land-cover,UN_AFR,2006,18469597.205999956,,,,final,,,,croplands
burned-area.gwis.annual-by-land-cover,UN_AFR,2007,17924256.831999946,,,,final,,,,croplands
burned-area.gwis.annual-by-land-cover,UN_AFR,2008,17892165.38499987,,,,final,,,,croplands
burned-area.gwis.annual-by-land-cover,UN_AFR,2009,14738164.026999893,,,,final,,,,croplands
burned-area.gwis.annual-by-land-cover,UN_AFR,2010,14304553.493999856,,,,final,,,,croplands
burned-area.gwis.annual-by-land-cover,UN_AFR,2011,15272771.486999922,,,,final,,,,croplands
burned-area.gwis.annual-by-land-cover,UN_AFR,2012,12849575.551999921,,,,final,,,,croplands
burned-area.gwis.annual-by-land-cover,UN_AFR,2013,11763831.995999942,,,,final,,,,croplands
burned-area.gwis.annual-by-land-cover,UN_AFR,2014,10781468.046999937,,,,final,,,,croplands
burned-area.gwis.annual-by-land-cover,UN_AFR,2015,11515171.406999892,,,,final,,,,croplands
burned-area.gwis.annual-by-land-cover,UN_AFR,2016,15215028.27099992,,,,final,,,,croplands
burned-area.gwis.annual-by-land-cover,UN_AFR,2017,13031455.868999898,,,,final,,,,croplands
burned-area.gwis.annual-by-land-cover,UN_AFR,2018,10705929.631999914,,,,final,,,,croplands
burned-area.gwis.annual-by-land-cover,UN_AFR,2019,10282966.189999944,,,,final,,,,croplands
burned-area.gwis.annual-by-land-cover,UN_AFR,2020,11354971.630999906,,,,final,,,,croplands
burned-area.gwis.annual-by-land-cover,UN_AFR,2021,12387136.387999887,,,,final,,,,croplands
burned-area.gwis.annual-by-land-cover,UN_AFR,2022,13599829.103999924,,,,final,,,,croplands
burned-area.gwis.annual-by-land-cover,UN_AFR,2023,12404266.157999929,,,,final,,,,croplands
burned-area.gwis.annual-by-land-cover,UN_AFR,2024,10205732.008999921,,,,final,,,,croplands
burned-area.gwis.annual-by-land-cover,UN_AFR,2025,9852725.820999952,,,,final,,,,croplands
burned-area.gwis.annual-by-land-cover,UN_AFR,2002,240203.08899999902,,,,final,,,,other
burned-area.gwis.annual-by-land-cover,UN_AFR,2003,225198.4559999989,,,,final,,,,other
burned-area.gwis.annual-by-land-cover,UN_AFR,2004,180892.9029999997,,,,final,,,,other
burned-area.gwis.annual-by-land-cover,UN_AFR,2005,277510.77099999913,,,,final,,,,other
burned-area.gwis.annual-by-land-cover,UN_AFR,2006,193149.91699999885,,,,final,,,,other
burned-area.gwis.annual-by-land-cover,UN_AFR,2007,145731.81199999942,,,,final,,,,other
burned-area.gwis.annual-by-land-cover,UN_AFR,2008,171576.70899999954,,,,final,,,,other
burned-area.gwis.annual-by-land-cover,UN_AFR,2009,137510.36999999982,,,,final,,,,other
burned-area.gwis.annual-by-land-cover,UN_AFR,2010,217663.93799999933,,,,final,,,,other
burned-area.gwis.annual-by-land-cover,UN_AFR,2011,223116.25099999926,,,,final,,,,other
burned-area.gwis.annual-by-land-cover,UN_AFR,2012,183340.0029999994,,,,final,,,,other
burned-area.gwis.annual-by-land-cover,UN_AFR,2013,264116.0629999993,,,,final,,,,other
burned-area.gwis.annual-by-land-cover,UN_AFR,2014,146096.73099999962,,,,final,,,,other
burned-area.gwis.annual-by-land-cover,UN_AFR,2015,329264.97399999906,,,,final,,,,other
burned-area.gwis.annual-by-land-cover,UN_AFR,2016,309301.7129999999,,,,final,,,,other
burned-area.gwis.annual-by-land-cover,UN_AFR,2017,242521.40499999933,,,,final,,,,other
burned-area.gwis.annual-by-land-cover,UN_AFR,2018,190037.35499999925,,,,final,,,,other
burned-area.gwis.annual-by-land-cover,UN_AFR,2019,331926.73799999943,,,,final,,,,other
burned-area.gwis.annual-by-land-cover,UN_AFR,2020,165845.32999999952,,,,final,,,,other
burned-area.gwis.annual-by-land-cover,UN_AFR,2021,178316.99299999938,,,,final,,,,other
burned-area.gwis.annual-by-land-cover,UN_AFR,2022,223910.49499999936,,,,final,,,,other
burned-area.gwis.annual-by-land-cover,UN_AFR,2023,161380.43199999954,,,,final,,,,other
burned-area.gwis.annual-by-land-cover,UN_AFR,2024,324091.7019999992,,,,final,,,,other
burned-area.gwis.annual-by-land-cover,UN_AFR,2025,268838.55299999885,,,,final,,,,other
burned-area.gwis.annual-by-land-cover,UN_AME,2002,47358898.34500003,,,,final,,,,total
burned-area.gwis.annual-by-land-cover,UN_AME,2003,45886146.624000154,,,,final,,,,total
burned-area.gwis.annual-by-land-cover,UN_AME,2004,48796961.19800015,,,,final,,,,total
burned-area.gwis.annual-by-land-cover,UN_AME,2005,50810996.160000056,,,,final,,,,total
burned-area.gwis.annual-by-land-cover,UN_AME,2006,36153221.848000124,,,,final,,,,total
burned-area.gwis.annual-by-land-cover,UN_AME,2007,64024826.051000156,,,,final,,,,total
burned-area.gwis.annual-by-land-cover,UN_AME,2008,38191642.11999995,,,,final,,,,total
burned-area.gwis.annual-by-land-cover,UN_AME,2009,27547469.853000015,,,,final,,,,total
burned-area.gwis.annual-by-land-cover,UN_AME,2010,61654414.70500006,,,,final,,,,total
burned-area.gwis.annual-by-land-cover,UN_AME,2011,36449644.02499999,,,,final,,,,total
burned-area.gwis.annual-by-land-cover,UN_AME,2012,42313689.690999955,,,,final,,,,total
burned-area.gwis.annual-by-land-cover,UN_AME,2013,30308817.54000003,,,,final,,,,total
burned-area.gwis.annual-by-land-cover,UN_AME,2014,33245133.486000028,,,,final,,,,total
burned-area.gwis.annual-by-land-cover,UN_AME,2015,39232479.08900003,,,,final,,,,total
burned-area.gwis.annual-by-land-cover,UN_AME,2016,36037198.89199999,,,,final,,,,total
burned-area.gwis.annual-by-land-cover,UN_AME,2017,45646029.46000003,,,,final,,,,total
burned-area.gwis.annual-by-land-cover,UN_AME,2018,29189909.141999986,,,,final,,,,total
burned-area.gwis.annual-by-land-cover,UN_AME,2019,42418614.85599997,,,,final,,,,total
burned-area.gwis.annual-by-land-cover,UN_AME,2020,51729606.523,,,,final,,,,total
burned-area.gwis.annual-by-land-cover,UN_AME,2021,38875115.2820001,,,,final,,,,total
burned-area.gwis.annual-by-land-cover,UN_AME,2022,36434102.74000001,,,,final,,,,total
burned-area.gwis.annual-by-land-cover,UN_AME,2023,45759347.83199997,,,,final,,,,total
burned-area.gwis.annual-by-land-cover,UN_AME,2024,59217287.45400015,,,,final,,,,total
burned-area.gwis.annual-by-land-cover,UN_AME,2025,28494050.173999984,,,,final,,,,total
burned-area.gwis.annual-by-land-cover,UN_AME,2002,5003071.234999975,,,,final,,,,forest
burned-area.gwis.annual-by-land-cover,UN_AME,2003,5303464.574999988,,,,final,,,,forest
burned-area.gwis.annual-by-land-cover,UN_AME,2004,6277993.491999962,,,,final,,,,forest
burned-area.gwis.annual-by-land-cover,UN_AME,2005,6348358.620999959,,,,final,,,,forest
burned-area.gwis.annual-by-land-cover,UN_AME,2006,3924626.06699999,,,,final,,,,forest
burned-area.gwis.annual-by-land-cover,UN_AME,2007,7683642.908999985,,,,final,,,,forest
burned-area.gwis.annual-by-land-cover,UN_AME,2008,3364967.975,,,,final,,,,forest
burned-area.gwis.annual-by-land-cover,UN_AME,2009,1946396.1480000042,,,,final,,,,forest
burned-area.gwis.annual-by-land-cover,UN_AME,2010,8785614.662999962,,,,final,,,,forest
burned-area.gwis.annual-by-land-cover,UN_AME,2011,3139726.6140000015,,,,final,,,,forest
burned-area.gwis.annual-by-land-cover,UN_AME,2012,3480776.333999994,,,,final,,,,forest
burned-area.gwis.annual-by-land-cover,UN_AME,2013,2341089.0519999997,,,,final,,,,forest
burned-area.gwis.annual-by-land-cover,UN_AME,2014,2043915.561000003,,,,final,,,,forest
burned-area.gwis.annual-by-land-cover,UN_AME,2015,4387816.540999992,,,,final,,,,forest
burned-area.gwis.annual-by-land-cover,UN_AME,2016,3391091.938,,,,final,,,,forest
burned-area.gwis.annual-by-land-cover,UN_AME,2017,4501950.574999983,,,,final,,,,forest
burned-area.gwis.annual-by-land-cover,UN_AME,2018,2681280.096,,,,final,,,,forest
burned-area.gwis.annual-by-land-cover,UN_AME,2019,5852926.400999972,,,,final,,,,forest
burned-area.gwis.annual-by-land-cover,UN_AME,2020,6897841.87299998,,,,final,,,,forest
burned-area.gwis.annual-by-land-cover,UN_AME,2021,5055340.6179999905,,,,final,,,,forest
burned-area.gwis.annual-by-land-cover,UN_AME,2022,4355810.9299999885,,,,final,,,,forest
burned-area.gwis.annual-by-land-cover,UN_AME,2023,6447015.760999988,,,,final,,,,forest
burned-area.gwis.annual-by-land-cover,UN_AME,2024,14578350.699999962,,,,final,,,,forest
burned-area.gwis.annual-by-land-cover,UN_AME,2025,2560491.668000001,,,,final,,,,forest
burned-area.gwis.annual-by-land-cover,UN_AME,2002,26282078.208000027,,,,final,,,,savannas
burned-area.gwis.annual-by-land-cover,UN_AME,2003,24188576.56599993,,,,final,,,,savannas
burned-area.gwis.annual-by-land-cover,UN_AME,2004,25763162.32200009,,,,final,,,,savannas
burned-area.gwis.annual-by-land-cover,UN_AME,2005,27632130.96100018,,,,final,,,,savannas
burned-area.gwis.annual-by-land-cover,UN_AME,2006,17462568.999999918,,,,final,,,,savannas
burned-area.gwis.annual-by-land-cover,UN_AME,2007,34502453.56499992,,,,final,,,,savannas
burned-area.gwis.annual-by-land-cover,UN_AME,2008,19208709.982999906,,,,final,,,,savannas
burned-area.gwis.annual-by-land-cover,UN_AME,2009,12836116.492999898,,,,final,,,,savannas
burned-area.gwis.annual-by-land-cover,UN_AME,2010,32541246.065000065,,,,final,,,,savannas
burned-area.gwis.annual-by-land-cover,UN_AME,2011,17650073.35999994,,,,final,,,,savannas
burned-area.gwis.annual-by-land-cover,UN_AME,2012,24050937.41399996,,,,final,,,,savannas
burned-area.gwis.annual-by-land-cover,UN_AME,2013,16667623.555999892,,,,final,,,,savannas
burned-area.gwis.annual-by-land-cover,UN_AME,2014,18001576.936999936,,,,final,,,,savannas
burned-area.gwis.annual-by-land-cover,UN_AME,2015,20930938.001999922,,,,final,,,,savannas
burned-area.gwis.annual-by-land-cover,UN_AME,2016,17769767.059999924,,,,final,,,,savannas
burned-area.gwis.annual-by-land-cover,UN_AME,2017,24397117.422999945,,,,final,,,,savannas
burned-area.gwis.annual-by-land-cover,UN_AME,2018,13173817.50399995,,,,final,,,,savannas
burned-area.gwis.annual-by-land-cover,UN_AME,2019,21799339.666000012,,,,final,,,,savannas
burned-area.gwis.annual-by-land-cover,UN_AME,2020,24937434.80099996,,,,final,,,,savannas
burned-area.gwis.annual-by-land-cover,UN_AME,2021,19704185.13899996,,,,final,,,,savannas
burned-area.gwis.annual-by-land-cover,UN_AME,2022,17596430.15099992,,,,final,,,,savannas
burned-area.gwis.annual-by-land-cover,UN_AME,2023,25865211.071999986,,,,final,,,,savannas
burned-area.gwis.annual-by-land-cover,UN_AME,2024,25219968.54699998,,,,final,,,,savannas
burned-area.gwis.annual-by-land-cover,UN_AME,2025,14619693.940999914,,,,final,,,,savannas
burned-area.gwis.annual-by-land-cover,UN_AME,2002,12754438.828999933,,,,final,,,,shrublands-grasslands
burned-area.gwis.annual-by-land-cover,UN_AME,2003,12436100.017999912,,,,final,,,,shrublands-grasslands
burned-area.gwis.annual-by-land-cover,UN_AME,2004,12551564.921999915,,,,final,,,,shrublands-grasslands
burned-area.gwis.annual-by-land-cover,UN_AME,2005,13092440.384999879,,,,final,,,,shrublands-grasslands
burned-area.gwis.annual-by-land-cover,UN_AME,2006,11081839.92299992,,,,final,,,,shrublands-grasslands
burned-area.gwis.annual-by-land-cover,UN_AME,2007,17405684.429999925,,,,final,,,,shrublands-grasslands
burned-area.gwis.annual-by-land-cover,UN_AME,2008,11454702.047999928,,,,final,,,,shrublands-grasslands
burned-area.gwis.annual-by-land-cover,UN_AME,2009,9153410.822999936,,,,final,,,,shrublands-grasslands
burned-area.gwis.annual-by-land-cover,UN_AME,2010,16035968.935999865,,,,final,,,,shrublands-grasslands
burned-area.gwis.annual-by-land-cover,UN_AME,2011,11926328.602999931,,,,final,,,,shrublands-grasslands
burned-area.gwis.annual-by-land-cover,UN_AME,2012,11949683.478999922,,,,final,,,,shrublands-grasslands
burned-area.gwis.annual-by-land-cover,UN_AME,2013,8495932.747999948,,,,final,,,,shrublands-grasslands
burned-area.gwis.annual-by-land-cover,UN_AME,2014,10458964.838999907,,,,final,,,,shrublands-grasslands
burned-area.gwis.annual-by-land-cover,UN_AME,2015,10680557.012999926,,,,final,,,,shrublands-grasslands
burned-area.gwis.annual-by-land-cover,UN_AME,2016,11806355.874999935,,,,final,,,,shrublands-grasslands
burned-area.gwis.annual-by-land-cover,UN_AME,2017,13604637.457999883,,,,final,,,,shrublands-grasslands
burned-area.gwis.annual-by-land-cover,UN_AME,2018,10627944.143999945,,,,final,,,,shrublands-grasslands
burned-area.gwis.annual-by-land-cover,UN_AME,2019,11315066.569999903,,,,final,,,,shrublands-grasslands
burned-area.gwis.annual-by-land-cover,UN_AME,2020,15502864.102999913,,,,final,,,,shrublands-grasslands
burned-area.gwis.annual-by-land-cover,UN_AME,2021,10536821.54899992,,,,final,,,,shrublands-grasslands
burned-area.gwis.annual-by-land-cover,UN_AME,2022,11647615.796999894,,,,final,,,,shrublands-grasslands
burned-area.gwis.annual-by-land-cover,UN_AME,2023,10331758.126999928,,,,final,,,,shrublands-grasslands
burned-area.gwis.annual-by-land-cover,UN_AME,2024,15516258.772999903,,,,final,,,,shrublands-grasslands
burned-area.gwis.annual-by-land-cover,UN_AME,2025,9130699.903999923,,,,final,,,,shrublands-grasslands
burned-area.gwis.annual-by-land-cover,UN_AME,2002,3066463.598999993,,,,final,,,,croplands
burned-area.gwis.annual-by-land-cover,UN_AME,2003,3831764.6679999814,,,,final,,,,croplands
burned-area.gwis.annual-by-land-cover,UN_AME,2004,4058186.669999984,,,,final,,,,croplands
burned-area.gwis.annual-by-land-cover,UN_AME,2005,3586517.141999989,,,,final,,,,croplands
burned-area.gwis.annual-by-land-cover,UN_AME,2006,3510935.826999992,,,,final,,,,croplands
burned-area.gwis.annual-by-land-cover,UN_AME,2007,4309509.047999989,,,,final,,,,croplands
burned-area.gwis.annual-by-land-cover,UN_AME,2008,3790335.5599999875,,,,final,,,,croplands
burned-area.gwis.annual-by-land-cover,UN_AME,2009,3469635.504999997,,,,final,,,,croplands
burned-area.gwis.annual-by-land-cover,UN_AME,2010,4101011.0459999903,,,,final,,,,croplands
burned-area.gwis.annual-by-land-cover,UN_AME,2011,3549273.880999992,,,,final,,,,croplands
burned-area.gwis.annual-by-land-cover,UN_AME,2012,2691819.7899999944,,,,final,,,,croplands
burned-area.gwis.annual-by-land-cover,UN_AME,2013,2585370.569999991,,,,final,,,,croplands
burned-area.gwis.annual-by-land-cover,UN_AME,2014,2575045.4829999967,,,,final,,,,croplands
burned-area.gwis.annual-by-land-cover,UN_AME,2015,3110296.873999994,,,,final,,,,croplands
burned-area.gwis.annual-by-land-cover,UN_AME,2016,2979591.220999997,,,,final,,,,croplands
burned-area.gwis.annual-by-land-cover,UN_AME,2017,2993908.968999996,,,,final,,,,croplands
burned-area.gwis.annual-by-land-cover,UN_AME,2018,2615379.84399999,,,,final,,,,croplands
burned-area.gwis.annual-by-land-cover,UN_AME,2019,3289129.0379999895,,,,final,,,,croplands
burned-area.gwis.annual-by-land-cover,UN_AME,2020,3641426.8469999866,,,,final,,,,croplands
burned-area.gwis.annual-by-land-cover,UN_AME,2021,3245531.828999988,,,,final,,,,croplands
burned-area.gwis.annual-by-land-cover,UN_AME,2022,2604153.209999996,,,,final,,,,croplands
burned-area.gwis.annual-by-land-cover,UN_AME,2023,2670869.1229999987,,,,final,,,,croplands
burned-area.gwis.annual-by-land-cover,UN_AME,2024,3501791.3919999925,,,,final,,,,croplands
burned-area.gwis.annual-by-land-cover,UN_AME,2025,2072851.5360000005,,,,final,,,,croplands
burned-area.gwis.annual-by-land-cover,UN_AME,2002,252846.47399999897,,,,final,,,,other
burned-area.gwis.annual-by-land-cover,UN_AME,2003,126240.79699999986,,,,final,,,,other
burned-area.gwis.annual-by-land-cover,UN_AME,2004,146053.79199999964,,,,final,,,,other
burned-area.gwis.annual-by-land-cover,UN_AME,2005,151549.05099999957,,,,final,,,,other
burned-area.gwis.annual-by-land-cover,UN_AME,2006,173251.0309999992,,,,final,,,,other
burned-area.gwis.annual-by-land-cover,UN_AME,2007,123536.0989999999,,,,final,,,,other
burned-area.gwis.annual-by-land-cover,UN_AME,2008,372926.5539999994,,,,final,,,,other
burned-area.gwis.annual-by-land-cover,UN_AME,2009,141910.88399999976,,,,final,,,,other
burned-area.gwis.annual-by-land-cover,UN_AME,2010,190573.99499999985,,,,final,,,,other
burned-area.gwis.annual-by-land-cover,UN_AME,2011,184241.56699999966,,,,final,,,,other
burned-area.gwis.annual-by-land-cover,UN_AME,2012,140472.67399999974,,,,final,,,,other
burned-area.gwis.annual-by-land-cover,UN_AME,2013,218801.61399999948,,,,final,,,,other
burned-area.gwis.annual-by-land-cover,UN_AME,2014,165630.66599999956,,,,final,,,,other
burned-area.gwis.annual-by-land-cover,UN_AME,2015,122870.65899999997,,,,final,,,,other
burned-area.gwis.annual-by-land-cover,UN_AME,2016,90392.79800000001,,,,final,,,,other
burned-area.gwis.annual-by-land-cover,UN_AME,2017,148415.03499999983,,,,final,,,,other
burned-area.gwis.annual-by-land-cover,UN_AME,2018,91487.55399999995,,,,final,,,,other
burned-area.gwis.annual-by-land-cover,UN_AME,2019,162153.18099999975,,,,final,,,,other
burned-area.gwis.annual-by-land-cover,UN_AME,2020,750038.8990000034,,,,final,,,,other
burned-area.gwis.annual-by-land-cover,UN_AME,2021,333236.147,,,,final,,,,other
burned-area.gwis.annual-by-land-cover,UN_AME,2022,230092.65199999913,,,,final,,,,other
burned-area.gwis.annual-by-land-cover,UN_AME,2023,444493.74900000007,,,,final,,,,other
burned-area.gwis.annual-by-land-cover,UN_AME,2024,400918.04199999943,,,,final,,,,other
burned-area.gwis.annual-by-land-cover,UN_AME,2025,110313.12499999999,,,,final,,,,other
burned-area.gwis.annual-by-land-cover,UN_ASI,2002,38559438.22400003,,,,final,,,,total
burned-area.gwis.annual-by-land-cover,UN_ASI,2003,30640057.309000015,,,,final,,,,total
burned-area.gwis.annual-by-land-cover,UN_ASI,2004,40455496.87999995,,,,final,,,,total
burned-area.gwis.annual-by-land-cover,UN_ASI,2005,32949784.64900015,,,,final,,,,total
burned-area.gwis.annual-by-land-cover,UN_ASI,2006,35771666.06100014,,,,final,,,,total
burned-area.gwis.annual-by-land-cover,UN_ASI,2007,32971035.845000125,,,,final,,,,total
burned-area.gwis.annual-by-land-cover,UN_ASI,2008,26757397.07400004,,,,final,,,,total
burned-area.gwis.annual-by-land-cover,UN_ASI,2009,29050466.864000056,,,,final,,,,total
burned-area.gwis.annual-by-land-cover,UN_ASI,2010,36014809.97100017,,,,final,,,,total
burned-area.gwis.annual-by-land-cover,UN_ASI,2011,22536005.460999995,,,,final,,,,total
burned-area.gwis.annual-by-land-cover,UN_ASI,2012,31208645.16900007,,,,final,,,,total
burned-area.gwis.annual-by-land-cover,UN_ASI,2013,21447020.53799991,,,,final,,,,total
burned-area.gwis.annual-by-land-cover,UN_ASI,2014,30760330.5660001,,,,final,,,,total
burned-area.gwis.annual-by-land-cover,UN_ASI,2015,33150232.86000008,,,,final,,,,total
burned-area.gwis.annual-by-land-cover,UN_ASI,2016,21911821.01199995,,,,final,,,,total
burned-area.gwis.annual-by-land-cover,UN_ASI,2017,33797385.81600009,,,,final,,,,total
burned-area.gwis.annual-by-land-cover,UN_ASI,2018,20232932.53299988,,,,final,,,,total
burned-area.gwis.annual-by-land-cover,UN_ASI,2019,30918855.99100003,,,,final,,,,total
burned-area.gwis.annual-by-land-cover,UN_ASI,2020,24181900.845000032,,,,final,,,,total
burned-area.gwis.annual-by-land-cover,UN_ASI,2021,24554891.73899999,,,,final,,,,total
burned-area.gwis.annual-by-land-cover,UN_ASI,2022,16182108.641999869,,,,final,,,,total
burned-area.gwis.annual-by-land-cover,UN_ASI,2023,21271386.841999874,,,,final,,,,total
burned-area.gwis.annual-by-land-cover,UN_ASI,2024,19021270.170999914,,,,final,,,,total
burned-area.gwis.annual-by-land-cover,UN_ASI,2025,20723642.280999944,,,,final,,,,total
burned-area.gwis.annual-by-land-cover,UN_ASI,2002,3034629.718999996,,,,final,,,,forest
burned-area.gwis.annual-by-land-cover,UN_ASI,2003,4978385.475999978,,,,final,,,,forest
burned-area.gwis.annual-by-land-cover,UN_ASI,2004,8722354.731999975,,,,final,,,,forest
burned-area.gwis.annual-by-land-cover,UN_ASI,2005,4969069.309999996,,,,final,,,,forest
burned-area.gwis.annual-by-land-cover,UN_ASI,2006,5052957.901999977,,,,final,,,,forest
burned-area.gwis.annual-by-land-cover,UN_ASI,2007,7672137.1679999735,,,,final,,,,forest
burned-area.gwis.annual-by-land-cover,UN_ASI,2008,4084375.0349999946,,,,final,,,,forest
burned-area.gwis.annual-by-land-cover,UN_ASI,2009,7176533.226999972,,,,final,,,,forest
burned-area.gwis.annual-by-land-cover,UN_ASI,2010,6846559.909999982,,,,final,,,,forest
burned-area.gwis.annual-by-land-cover,UN_ASI,2011,4153237.549000001,,,,final,,,,forest
burned-area.gwis.annual-by-land-cover,UN_ASI,2012,6239526.63899998,,,,final,,,,forest
burned-area.gwis.annual-by-land-cover,UN_ASI,2013,4827179.902999985,,,,final,,,,forest
burned-area.gwis.annual-by-land-cover,UN_ASI,2014,5919771.082999972,,,,final,,,,forest
burned-area.gwis.annual-by-land-cover,UN_ASI,2015,5677099.439999975,,,,final,,,,forest
burned-area.gwis.annual-by-land-cover,UN_ASI,2016,4629693.925999985,,,,final,,,,forest
burned-area.gwis.annual-by-land-cover,UN_ASI,2017,4410742.067999985,,,,final,,,,forest
burned-area.gwis.annual-by-land-cover,UN_ASI,2018,3738538.4359999993,,,,final,,,,forest
burned-area.gwis.annual-by-land-cover,UN_ASI,2019,4681662.803999991,,,,final,,,,forest
burned-area.gwis.annual-by-land-cover,UN_ASI,2020,4940562.604999986,,,,final,,,,forest
burned-area.gwis.annual-by-land-cover,UN_ASI,2021,5531045.677999994,,,,final,,,,forest
burned-area.gwis.annual-by-land-cover,UN_ASI,2022,2525480.793000003,,,,final,,,,forest
burned-area.gwis.annual-by-land-cover,UN_ASI,2023,4445946.101999987,,,,final,,,,forest
burned-area.gwis.annual-by-land-cover,UN_ASI,2024,3972344.6669999952,,,,final,,,,forest
burned-area.gwis.annual-by-land-cover,UN_ASI,2025,5468258.032999985,,,,final,,,,forest
burned-area.gwis.annual-by-land-cover,UN_ASI,2002,4703235.973999986,,,,final,,,,savannas
burned-area.gwis.annual-by-land-cover,UN_ASI,2003,5613453.181999979,,,,final,,,,savannas
burned-area.gwis.annual-by-land-cover,UN_ASI,2004,7862646.754999978,,,,final,,,,savannas
burned-area.gwis.annual-by-land-cover,UN_ASI,2005,4337672.259999991,,,,final,,,,savannas
burned-area.gwis.annual-by-land-cover,UN_ASI,2006,5698479.4659999795,,,,final,,,,savannas
burned-area.gwis.annual-by-land-cover,UN_ASI,2007,5974079.752999981,,,,final,,,,savannas
burned-area.gwis.annual-by-land-cover,UN_ASI,2008,4835830.65499999,,,,final,,,,savannas
burned-area.gwis.annual-by-land-cover,UN_ASI,2009,6727016.500999974,,,,final,,,,savannas
burned-area.gwis.annual-by-land-cover,UN_ASI,2010,5951776.692999966,,,,final,,,,savannas
burned-area.gwis.annual-by-land-cover,UN_ASI,2011,4082078.1849999977,,,,final,,,,savannas
burned-area.gwis.annual-by-land-cover,UN_ASI,2012,5489101.379999959,,,,final,,,,savannas
burned-area.gwis.annual-by-land-cover,UN_ASI,2013,4072633.2049999926,,,,final,,,,savannas
burned-area.gwis.annual-by-land-cover,UN_ASI,2014,5627298.64899998,,,,final,,,,savannas
burned-area.gwis.annual-by-land-cover,UN_ASI,2015,6019651.78499999,,,,final,,,,savannas
burned-area.gwis.annual-by-land-cover,UN_ASI,2016,4033672.669999991,,,,final,,,,savannas
burned-area.gwis.annual-by-land-cover,UN_ASI,2017,3785140.835999993,,,,final,,,,savannas
burned-area.gwis.annual-by-land-cover,UN_ASI,2018,4260180.476999991,,,,final,,,,savannas
burned-area.gwis.annual-by-land-cover,UN_ASI,2019,4850663.568999979,,,,final,,,,savannas
burned-area.gwis.annual-by-land-cover,UN_ASI,2020,3864929.488999993,,,,final,,,,savannas
burned-area.gwis.annual-by-land-cover,UN_ASI,2021,3503508.668999994,,,,final,,,,savannas
burned-area.gwis.annual-by-land-cover,UN_ASI,2022,2454385.8489999995,,,,final,,,,savannas
burned-area.gwis.annual-by-land-cover,UN_ASI,2023,4858069.30699999,,,,final,,,,savannas
burned-area.gwis.annual-by-land-cover,UN_ASI,2024,3383514.446999993,,,,final,,,,savannas
burned-area.gwis.annual-by-land-cover,UN_ASI,2025,3955086.108999993,,,,final,,,,savannas
burned-area.gwis.annual-by-land-cover,UN_ASI,2002,24467589.85399995,,,,final,,,,shrublands-grasslands
burned-area.gwis.annual-by-land-cover,UN_ASI,2003,12470788.867999949,,,,final,,,,shrublands-grasslands
burned-area.gwis.annual-by-land-cover,UN_ASI,2004,15429644.030999944,,,,final,,,,shrublands-grasslands
burned-area.gwis.annual-by-land-cover,UN_ASI,2005,14592775.741999904,,,,final,,,,shrublands-grasslands
burned-area.gwis.annual-by-land-cover,UN_ASI,2006,16288493.378999919,,,,final,,,,shrublands-grasslands
burned-area.gwis.annual-by-land-cover,UN_ASI,2007,10441105.247999964,,,,final,,,,shrublands-grasslands
burned-area.gwis.annual-by-land-cover,UN_ASI,2008,11069754.640999943,,,,final,,,,shrublands-grasslands
burned-area.gwis.annual-by-land-cover,UN_ASI,2009,6204966.591999975,,,,final,,,,shrublands-grasslands
burned-area.gwis.annual-by-land-cover,UN_ASI,2010,13509371.954999892,,,,final,,,,shrublands-grasslands
burned-area.gwis.annual-by-land-cover,UN_ASI,2011,5541220.502999969,,,,final,,,,shrublands-grasslands
burned-area.gwis.annual-by-land-cover,UN_ASI,2012,8282969.891999976,,,,final,,,,shrublands-grasslands
burned-area.gwis.annual-by-land-cover,UN_ASI,2013,3185148.3759999936,,,,final,,,,shrublands-grasslands
burned-area.gwis.annual-by-land-cover,UN_ASI,2014,8377290.918999982,,,,final,,,,shrublands-grasslands
burned-area.gwis.annual-by-land-cover,UN_ASI,2015,10407811.674999949,,,,final,,,,shrublands-grasslands
burned-area.gwis.annual-by-land-cover,UN_ASI,2016,4695336.571999983,,,,final,,,,shrublands-grasslands
burned-area.gwis.annual-by-land-cover,UN_ASI,2017,15385660.465999963,,,,final,,,,shrublands-grasslands
burned-area.gwis.annual-by-land-cover,UN_ASI,2018,4576007.783999982,,,,final,,,,shrublands-grasslands
burned-area.gwis.annual-by-land-cover,UN_ASI,2019,11070720.60399992,,,,final,,,,shrublands-grasslands
burned-area.gwis.annual-by-land-cover,UN_ASI,2020,5723079.317999963,,,,final,,,,shrublands-grasslands
burned-area.gwis.annual-by-land-cover,UN_ASI,2021,6643535.742999951,,,,final,,,,shrublands-grasslands
burned-area.gwis.annual-by-land-cover,UN_ASI,2022,3049784.603999997,,,,final,,,,shrublands-grasslands
burned-area.gwis.annual-by-land-cover,UN_ASI,2023,4419972.395999984,,,,final,,,,shrublands-grasslands
burned-area.gwis.annual-by-land-cover,UN_ASI,2024,2475959.054999999,,,,final,,,,shrublands-grasslands
burned-area.gwis.annual-by-land-cover,UN_ASI,2025,3200238.8669999875,,,,final,,,,shrublands-grasslands
burned-area.gwis.annual-by-land-cover,UN_ASI,2002,6253350.669999963,,,,final,,,,croplands
burned-area.gwis.annual-by-land-cover,UN_ASI,2003,7543663.955999961,,,,final,,,,croplands
burned-area.gwis.annual-by-land-cover,UN_ASI,2004,8356447.554999936,,,,final,,,,croplands
burned-area.gwis.annual-by-land-cover,UN_ASI,2005,9014505.183999946,,,,final,,,,croplands
burned-area.gwis.annual-by-land-cover,UN_ASI,2006,8670922.501999933,,,,final,,,,croplands
burned-area.gwis.annual-by-land-cover,UN_ASI,2007,8862505.382999945,,,,final,,,,croplands
burned-area.gwis.annual-by-land-cover,UN_ASI,2008,6727381.42399997,,,,final,,,,croplands
burned-area.gwis.annual-by-land-cover,UN_ASI,2009,8889187.431999944,,,,final,,,,croplands
burned-area.gwis.annual-by-land-cover,UN_ASI,2010,9679238.699999908,,,,final,,,,croplands
burned-area.gwis.annual-by-land-cover,UN_ASI,2011,8733345.24599994,,,,final,,,,croplands
burned-area.gwis.annual-by-land-cover,UN_ASI,2012,11130910.899999928,,,,final,,,,croplands
burned-area.gwis.annual-by-land-cover,UN_ASI,2013,9331276.984999938,,,,final,,,,croplands
burned-area.gwis.annual-by-land-cover,UN_ASI,2014,10762341.96599994,,,,final,,,,croplands
burned-area.gwis.annual-by-land-cover,UN_ASI,2015,10892446.571999924,,,,final,,,,croplands
burned-area.gwis.annual-by-land-cover,UN_ASI,2016,8510229.024999943,,,,final,,,,croplands
burned-area.gwis.annual-by-land-cover,UN_ASI,2017,10196394.351999944,,,,final,,,,croplands
burned-area.gwis.annual-by-land-cover,UN_ASI,2018,7605442.710999942,,,,final,,,,croplands
burned-area.gwis.annual-by-land-cover,UN_ASI,2019,10237909.346999926,,,,final,,,,croplands
burned-area.gwis.annual-by-land-cover,UN_ASI,2020,9612351.071999956,,,,final,,,,croplands
burned-area.gwis.annual-by-land-cover,UN_ASI,2021,8784519.867999962,,,,final,,,,croplands
burned-area.gwis.annual-by-land-cover,UN_ASI,2022,8098105.806999948,,,,final,,,,croplands
burned-area.gwis.annual-by-land-cover,UN_ASI,2023,7480575.7659999775,,,,final,,,,croplands
burned-area.gwis.annual-by-land-cover,UN_ASI,2024,9155385.652999923,,,,final,,,,croplands
burned-area.gwis.annual-by-land-cover,UN_ASI,2025,8081298.078999973,,,,final,,,,croplands
burned-area.gwis.annual-by-land-cover,UN_ASI,2002,100632.007,,,,final,,,,other
burned-area.gwis.annual-by-land-cover,UN_ASI,2003,33765.827000000034,,,,final,,,,other
burned-area.gwis.annual-by-land-cover,UN_ASI,2004,84403.80700000002,,,,final,,,,other
burned-area.gwis.annual-by-land-cover,UN_ASI,2005,35762.153000000035,,,,final,,,,other
burned-area.gwis.annual-by-land-cover,UN_ASI,2006,60812.81200000001,,,,final,,,,other
burned-area.gwis.annual-by-land-cover,UN_ASI,2007,21208.293000000016,,,,final,,,,other
burned-area.gwis.annual-by-land-cover,UN_ASI,2008,40055.319000000025,,,,final,,,,other
burned-area.gwis.annual-by-land-cover,UN_ASI,2009,52763.11200000003,,,,final,,,,other
burned-area.gwis.annual-by-land-cover,UN_ASI,2010,27862.713000000043,,,,final,,,,other
burned-area.gwis.annual-by-land-cover,UN_ASI,2011,26123.978000000025,,,,final,,,,other
burned-area.gwis.annual-by-land-cover,UN_ASI,2012,66136.35800000001,,,,final,,,,other
burned-area.gwis.annual-by-land-cover,UN_ASI,2013,30782.069000000036,,,,final,,,,other
burned-area.gwis.annual-by-land-cover,UN_ASI,2014,73627.94900000004,,,,final,,,,other
burned-area.gwis.annual-by-land-cover,UN_ASI,2015,153223.3879999999,,,,final,,,,other
burned-area.gwis.annual-by-land-cover,UN_ASI,2016,42888.81900000003,,,,final,,,,other
burned-area.gwis.annual-by-land-cover,UN_ASI,2017,19448.09400000002,,,,final,,,,other
burned-area.gwis.annual-by-land-cover,UN_ASI,2018,52763.12500000004,,,,final,,,,other
burned-area.gwis.annual-by-land-cover,UN_ASI,2019,77899.667,,,,final,,,,other
burned-area.gwis.annual-by-land-cover,UN_ASI,2020,40978.361000000026,,,,final,,,,other
burned-area.gwis.annual-by-land-cover,UN_ASI,2021,92281.78100000003,,,,final,,,,other
burned-area.gwis.annual-by-land-cover,UN_ASI,2022,54351.589000000014,,,,final,,,,other
burned-area.gwis.annual-by-land-cover,UN_ASI,2023,66823.27100000004,,,,final,,,,other
burned-area.gwis.annual-by-land-cover,UN_ASI,2024,34066.34900000006,,,,final,,,,other
burned-area.gwis.annual-by-land-cover,UN_ASI,2025,18761.19300000002,,,,final,,,,other
burned-area.gwis.annual-by-land-cover,UN_EUR,2002,18750220.591999978,,,,final,,,,total
burned-area.gwis.annual-by-land-cover,UN_EUR,2003,24210407.401000015,,,,final,,,,total
burned-area.gwis.annual-by-land-cover,UN_EUR,2004,12636054.675999923,,,,final,,,,total
burned-area.gwis.annual-by-land-cover,UN_EUR,2005,16748056.157999927,,,,final,,,,total
burned-area.gwis.annual-by-land-cover,UN_EUR,2006,17254371.642999962,,,,final,,,,total
burned-area.gwis.annual-by-land-cover,UN_EUR,2007,14713220.824999932,,,,final,,,,total
burned-area.gwis.annual-by-land-cover,UN_EUR,2008,29236769.024999976,,,,final,,,,total
burned-area.gwis.annual-by-land-cover,UN_EUR,2009,15874631.535999935,,,,final,,,,total
burned-area.gwis.annual-by-land-cover,UN_EUR,2010,12926766.901999949,,,,final,,,,total
burned-area.gwis.annual-by-land-cover,UN_EUR,2011,14867474.540999949,,,,final,,,,total
burned-area.gwis.annual-by-land-cover,UN_EUR,2012,16814793.62199992,,,,final,,,,total
burned-area.gwis.annual-by-land-cover,UN_EUR,2013,8128115.164999967,,,,final,,,,total
burned-area.gwis.annual-by-land-cover,UN_EUR,2014,22740639.457999926,,,,final,,,,total
burned-area.gwis.annual-by-land-cover,UN_EUR,2015,12658529.422999961,,,,final,,,,total
burned-area.gwis.annual-by-land-cover,UN_EUR,2016,11512552.612999955,,,,final,,,,total
burned-area.gwis.annual-by-land-cover,UN_EUR,2017,11901170.719999941,,,,final,,,,total
burned-area.gwis.annual-by-land-cover,UN_EUR,2018,13435851.422999978,,,,final,,,,total
burned-area.gwis.annual-by-land-cover,UN_EUR,2019,14405979.807999918,,,,final,,,,total
burned-area.gwis.annual-by-land-cover,UN_EUR,2020,12149509.295999957,,,,final,,,,total
burned-area.gwis.annual-by-land-cover,UN_EUR,2021,13977778.679999951,,,,final,,,,total
burned-area.gwis.annual-by-land-cover,UN_EUR,2022,9308694.967999974,,,,final,,,,total
burned-area.gwis.annual-by-land-cover,UN_EUR,2023,9029187.85699996,,,,final,,,,total
burned-area.gwis.annual-by-land-cover,UN_EUR,2024,11589529.20799996,,,,final,,,,total
burned-area.gwis.annual-by-land-cover,UN_EUR,2025,7554890.639999972,,,,final,,,,total
burned-area.gwis.annual-by-land-cover,UN_EUR,2002,1092720.0270000014,,,,final,,,,forest
burned-area.gwis.annual-by-land-cover,UN_EUR,2003,1652785.9570000004,,,,final,,,,forest
burned-area.gwis.annual-by-land-cover,UN_EUR,2004,1271659.4890000015,,,,final,,,,forest
burned-area.gwis.annual-by-land-cover,UN_EUR,2005,735248.9120000007,,,,final,,,,forest
burned-area.gwis.annual-by-land-cover,UN_EUR,2006,1202281.7970000005,,,,final,,,,forest
burned-area.gwis.annual-by-land-cover,UN_EUR,2007,615576.7200000004,,,,final,,,,forest
burned-area.gwis.annual-by-land-cover,UN_EUR,2008,1847116.4420000014,,,,final,,,,forest
burned-area.gwis.annual-by-land-cover,UN_EUR,2009,846442.117000001,,,,final,,,,forest
burned-area.gwis.annual-by-land-cover,UN_EUR,2010,1262772.6069999994,,,,final,,,,forest
burned-area.gwis.annual-by-land-cover,UN_EUR,2011,1337108.914,,,,final,,,,forest
burned-area.gwis.annual-by-land-cover,UN_EUR,2012,2175844.7479999987,,,,final,,,,forest
burned-area.gwis.annual-by-land-cover,UN_EUR,2013,614825.3940000004,,,,final,,,,forest
burned-area.gwis.annual-by-land-cover,UN_EUR,2014,2030821.345000001,,,,final,,,,forest
burned-area.gwis.annual-by-land-cover,UN_EUR,2015,754010.0830000014,,,,final,,,,forest
burned-area.gwis.annual-by-land-cover,UN_EUR,2016,1422886.5130000012,,,,final,,,,forest
burned-area.gwis.annual-by-land-cover,UN_EUR,2017,894547.1350000019,,,,final,,,,forest
burned-area.gwis.annual-by-land-cover,UN_EUR,2018,1258737.027000001,,,,final,,,,forest
burned-area.gwis.annual-by-land-cover,UN_EUR,2019,1168601.8440000021,,,,final,,,,forest
burned-area.gwis.annual-by-land-cover,UN_EUR,2020,652154.5370000012,,,,final,,,,forest
burned-area.gwis.annual-by-land-cover,UN_EUR,2021,638351.9910000024,,,,final,,,,forest
burned-area.gwis.annual-by-land-cover,UN_EUR,2022,684567.9940000001,,,,final,,,,forest
burned-area.gwis.annual-by-land-cover,UN_EUR,2023,530593.3230000001,,,,final,,,,forest
burned-area.gwis.annual-by-land-cover,UN_EUR,2024,556459.7119999999,,,,final,,,,forest
burned-area.gwis.annual-by-land-cover,UN_EUR,2025,443720.9629999997,,,,final,,,,forest
burned-area.gwis.annual-by-land-cover,UN_EUR,2002,6930190.896999985,,,,final,,,,savannas
burned-area.gwis.annual-by-land-cover,UN_EUR,2003,12856144.09499996,,,,final,,,,savannas
burned-area.gwis.annual-by-land-cover,UN_EUR,2004,3847048.3850000002,,,,final,,,,savannas
burned-area.gwis.annual-by-land-cover,UN_EUR,2005,4433045.089999991,,,,final,,,,savannas
burned-area.gwis.annual-by-land-cover,UN_EUR,2006,5078995.9669999955,,,,final,,,,savannas
burned-area.gwis.annual-by-land-cover,UN_EUR,2007,3650056.134999992,,,,final,,,,savannas
burned-area.gwis.annual-by-land-cover,UN_EUR,2008,10827104.452999974,,,,final,,,,savannas
burned-area.gwis.annual-by-land-cover,UN_EUR,2009,4650344.077999992,,,,final,,,,savannas
burned-area.gwis.annual-by-land-cover,UN_EUR,2010,3793276.384,,,,final,,,,savannas
burned-area.gwis.annual-by-land-cover,UN_EUR,2011,6943542.702999998,,,,final,,,,savannas
burned-area.gwis.annual-by-land-cover,UN_EUR,2012,8843400.739999976,,,,final,,,,savannas
burned-area.gwis.annual-by-land-cover,UN_EUR,2013,4536961.346999996,,,,final,,,,savannas
burned-area.gwis.annual-by-land-cover,UN_EUR,2014,10606585.598999986,,,,final,,,,savannas
burned-area.gwis.annual-by-land-cover,UN_EUR,2015,4535888.074999989,,,,final,,,,savannas
burned-area.gwis.annual-by-land-cover,UN_EUR,2016,5202918.417999993,,,,final,,,,savannas
burned-area.gwis.annual-by-land-cover,UN_EUR,2017,4582597.795999985,,,,final,,,,savannas
burned-area.gwis.annual-by-land-cover,UN_EUR,2018,8066508.062999986,,,,final,,,,savannas
burned-area.gwis.annual-by-land-cover,UN_EUR,2019,5952399.189999989,,,,final,,,,savannas
burned-area.gwis.annual-by-land-cover,UN_EUR,2020,5830215.4699999895,,,,final,,,,savannas
burned-area.gwis.annual-by-land-cover,UN_EUR,2021,9312494.330999978,,,,final,,,,savannas
burned-area.gwis.annual-by-land-cover,UN_EUR,2022,4303112.208999996,,,,final,,,,savannas
burned-area.gwis.annual-by-land-cover,UN_EUR,2023,4938823.841999991,,,,final,,,,savannas
burned-area.gwis.annual-by-land-cover,UN_EUR,2024,6621146.813999999,,,,final,,,,savannas
burned-area.gwis.annual-by-land-cover,UN_EUR,2025,3533088.5979999984,,,,final,,,,savannas
burned-area.gwis.annual-by-land-cover,UN_EUR,2002,3205369.1959999953,,,,final,,,,shrublands-grasslands
burned-area.gwis.annual-by-land-cover,UN_EUR,2003,6365810.306999985,,,,final,,,,shrublands-grasslands
burned-area.gwis.annual-by-land-cover,UN_EUR,2004,1764687.518000002,,,,final,,,,shrublands-grasslands
burned-area.gwis.annual-by-land-cover,UN_EUR,2005,3227071.182999996,,,,final,,,,shrublands-grasslands
burned-area.gwis.annual-by-land-cover,UN_EUR,2006,3592205.5949999946,,,,final,,,,shrublands-grasslands
burned-area.gwis.annual-by-land-cover,UN_EUR,2007,3602895.5979999886,,,,final,,,,shrublands-grasslands
burned-area.gwis.annual-by-land-cover,UN_EUR,2008,3500911.2609999967,,,,final,,,,shrublands-grasslands
burned-area.gwis.annual-by-land-cover,UN_EUR,2009,2385244.253999999,,,,final,,,,shrublands-grasslands
burned-area.gwis.annual-by-land-cover,UN_EUR,2010,3481269.9859999963,,,,final,,,,shrublands-grasslands
burned-area.gwis.annual-by-land-cover,UN_EUR,2011,2986825.208999997,,,,final,,,,shrublands-grasslands
burned-area.gwis.annual-by-land-cover,UN_EUR,2012,2941940.080999995,,,,final,,,,shrublands-grasslands
burned-area.gwis.annual-by-land-cover,UN_EUR,2013,1051913.3950000035,,,,final,,,,shrublands-grasslands
burned-area.gwis.annual-by-land-cover,UN_EUR,2014,3883325.684999998,,,,final,,,,shrublands-grasslands
burned-area.gwis.annual-by-land-cover,UN_EUR,2015,2843862.5099999923,,,,final,,,,shrublands-grasslands
burned-area.gwis.annual-by-land-cover,UN_EUR,2016,1967754.6119999988,,,,final,,,,shrublands-grasslands
burned-area.gwis.annual-by-land-cover,UN_EUR,2017,2025390.469,,,,final,,,,shrublands-grasslands
burned-area.gwis.annual-by-land-cover,UN_EUR,2018,1585189.937000003,,,,final,,,,shrublands-grasslands
burned-area.gwis.annual-by-land-cover,UN_EUR,2019,3250490.4489999963,,,,final,,,,shrublands-grasslands
burned-area.gwis.annual-by-land-cover,UN_EUR,2020,3058585.594999995,,,,final,,,,shrublands-grasslands
burned-area.gwis.annual-by-land-cover,UN_EUR,2021,2167687.699999999,,,,final,,,,shrublands-grasslands
burned-area.gwis.annual-by-land-cover,UN_EUR,2022,2066841.0670000024,,,,final,,,,shrublands-grasslands
burned-area.gwis.annual-by-land-cover,UN_EUR,2023,1922483.1049999997,,,,final,,,,shrublands-grasslands
burned-area.gwis.annual-by-land-cover,UN_EUR,2024,2342892.1069999984,,,,final,,,,shrublands-grasslands
burned-area.gwis.annual-by-land-cover,UN_EUR,2025,1625331.0940000028,,,,final,,,,shrublands-grasslands
burned-area.gwis.annual-by-land-cover,UN_EUR,2002,7506034.253999959,,,,final,,,,croplands
burned-area.gwis.annual-by-land-cover,UN_EUR,2003,3309628.932999993,,,,final,,,,croplands
burned-area.gwis.annual-by-land-cover,UN_EUR,2004,5741776.077999965,,,,final,,,,croplands
burned-area.gwis.annual-by-land-cover,UN_EUR,2005,8335689.995999968,,,,final,,,,croplands
burned-area.gwis.annual-by-land-cover,UN_EUR,2006,7363672.64199997,,,,final,,,,croplands
burned-area.gwis.annual-by-land-cover,UN_EUR,2007,6822324.929999975,,,,final,,,,croplands
burned-area.gwis.annual-by-land-cover,UN_EUR,2008,13048478.276999941,,,,final,,,,croplands
burned-area.gwis.annual-by-land-cover,UN_EUR,2009,7976673.406999972,,,,final,,,,croplands
burned-area.gwis.annual-by-land-cover,UN_EUR,2010,4368690.421999989,,,,final,,,,croplands
burned-area.gwis.annual-by-land-cover,UN_EUR,2011,3565437.6609999877,,,,final,,,,croplands
burned-area.gwis.annual-by-land-cover,UN_EUR,2012,2789532.4269999946,,,,final,,,,croplands
burned-area.gwis.annual-by-land-cover,UN_EUR,2013,1906598.3549999967,,,,final,,,,croplands
burned-area.gwis.annual-by-land-cover,UN_EUR,2014,6206512.118999985,,,,final,,,,croplands
burned-area.gwis.annual-by-land-cover,UN_EUR,2015,4495961.54999999,,,,final,,,,croplands
burned-area.gwis.annual-by-land-cover,UN_EUR,2016,2907551.7509999936,,,,final,,,,croplands
burned-area.gwis.annual-by-land-cover,UN_EUR,2017,4376761.588999993,,,,final,,,,croplands
burned-area.gwis.annual-by-land-cover,UN_EUR,2018,2508393.949999999,,,,final,,,,croplands
burned-area.gwis.annual-by-land-cover,UN_EUR,2019,4002332.445999984,,,,final,,,,croplands
burned-area.gwis.annual-by-land-cover,UN_EUR,2020,2530138.873999998,,,,final,,,,croplands
burned-area.gwis.annual-by-land-cover,UN_EUR,2021,1836190.3130000017,,,,final,,,,croplands
burned-area.gwis.annual-by-land-cover,UN_EUR,2022,2229809.927000001,,,,final,,,,croplands
burned-area.gwis.annual-by-land-cover,UN_EUR,2023,1621059.3850000014,,,,final,,,,croplands
burned-area.gwis.annual-by-land-cover,UN_EUR,2024,2047757.8910000008,,,,final,,,,croplands
burned-area.gwis.annual-by-land-cover,UN_EUR,2025,1936994.0280000032,,,,final,,,,croplands
burned-area.gwis.annual-by-land-cover,UN_EUR,2002,15906.218000000008,,,,final,,,,other
burned-area.gwis.annual-by-land-cover,UN_EUR,2003,26038.109000000026,,,,final,,,,other
burned-area.gwis.annual-by-land-cover,UN_EUR,2004,10883.206000000002,,,,final,,,,other
burned-area.gwis.annual-by-land-cover,UN_EUR,2005,17000.97700000001,,,,final,,,,other
burned-area.gwis.annual-by-land-cover,UN_EUR,2006,17215.642000000007,,,,final,,,,other
burned-area.gwis.annual-by-land-cover,UN_EUR,2007,22367.44200000003,,,,final,,,,other
burned-area.gwis.annual-by-land-cover,UN_EUR,2008,13158.592000000011,,,,final,,,,other
burned-area.gwis.annual-by-land-cover,UN_EUR,2009,15927.680000000011,,,,final,,,,other
burned-area.gwis.annual-by-land-cover,UN_EUR,2010,20757.50300000002,,,,final,,,,other
burned-area.gwis.annual-by-land-cover,UN_EUR,2011,34560.05400000004,,,,final,,,,other
burned-area.gwis.annual-by-land-cover,UN_EUR,2012,64075.626000000004,,,,final,,,,other
burned-area.gwis.annual-by-land-cover,UN_EUR,2013,17816.67400000001,,,,final,,,,other
burned-area.gwis.annual-by-land-cover,UN_EUR,2014,13394.710000000008,,,,final,,,,other
burned-area.gwis.annual-by-land-cover,UN_EUR,2015,28807.205000000024,,,,final,,,,other
burned-area.gwis.annual-by-land-cover,UN_EUR,2016,11441.319000000001,,,,final,,,,other
burned-area.gwis.annual-by-land-cover,UN_EUR,2017,21873.73100000002,,,,final,,,,other
burned-area.gwis.annual-by-land-cover,UN_EUR,2018,17022.44600000001,,,,final,,,,other
burned-area.gwis.annual-by-land-cover,UN_EUR,2019,32155.879000000015,,,,final,,,,other
burned-area.gwis.annual-by-land-cover,UN_EUR,2020,78414.81999999998,,,,final,,,,other
burned-area.gwis.annual-by-land-cover,UN_EUR,2021,23054.34500000001,,,,final,,,,other
burned-area.gwis.annual-by-land-cover,UN_EUR,2022,24363.771000000015,,,,final,,,,other
burned-area.gwis.annual-by-land-cover,UN_EUR,2023,16228.202000000003,,,,final,,,,other
burned-area.gwis.annual-by-land-cover,UN_EUR,2024,21272.68400000001,,,,final,,,,other
burned-area.gwis.annual-by-land-cover,UN_EUR,2025,15755.957000000011,,,,final,,,,other
burned-area.gwis.annual-by-land-cover,UN_OCE,2002,77404522.336,,,,final,,,,total
burned-area.gwis.annual-by-land-cover,UN_OCE,2003,32019754.213000003,,,,final,,,,total
burned-area.gwis.annual-by-land-cover,UN_OCE,2004,64694453.49099998,,,,final,,,,total
burned-area.gwis.annual-by-land-cover,UN_OCE,2005,28174830.989999995,,,,final,,,,total
burned-area.gwis.annual-by-land-cover,UN_OCE,2006,58025588.11600002,,,,final,,,,total
burned-area.gwis.annual-by-land-cover,UN_OCE,2007,51736088.969999984,,,,final,,,,total
burned-area.gwis.annual-by-land-cover,UN_OCE,2008,31795392.97,,,,final,,,,total
burned-area.gwis.annual-by-land-cover,UN_OCE,2009,40984329.719999984,,,,final,,,,total
burned-area.gwis.annual-by-land-cover,UN_OCE,2010,18684298.788999982,,,,final,,,,total
burned-area.gwis.annual-by-land-cover,UN_OCE,2011,88109893.84500007,,,,final,,,,total
burned-area.gwis.annual-by-land-cover,UN_OCE,2012,90195216.98,,,,final,,,,total
burned-area.gwis.annual-by-land-cover,UN_OCE,2013,28609386.00799999,,,,final,,,,total
burned-area.gwis.annual-by-land-cover,UN_OCE,2014,47214261.084,,,,final,,,,total
burned-area.gwis.annual-by-land-cover,UN_OCE,2015,42970609.37299997,,,,final,,,,total
burned-area.gwis.annual-by-land-cover,UN_OCE,2016,24413367.06000003,,,,final,,,,total
burned-area.gwis.annual-by-land-cover,UN_OCE,2017,49383923.626,,,,final,,,,total
burned-area.gwis.annual-by-land-cover,UN_OCE,2018,52644052.228000015,,,,final,,,,total
burned-area.gwis.annual-by-land-cover,UN_OCE,2019,36344375.17600001,,,,final,,,,total
burned-area.gwis.annual-by-land-cover,UN_OCE,2020,17033766.786999993,,,,final,,,,total
burned-area.gwis.annual-by-land-cover,UN_OCE,2021,26741404.752999995,,,,final,,,,total
burned-area.gwis.annual-by-land-cover,UN_OCE,2022,28322408.826000005,,,,final,,,,total
burned-area.gwis.annual-by-land-cover,UN_OCE,2023,72803056.08199994,,,,final,,,,total
burned-area.gwis.annual-by-land-cover,UN_OCE,2024,35304461.238999985,,,,final,,,,total
burned-area.gwis.annual-by-land-cover,UN_OCE,2025,50630360.687999964,,,,final,,,,total
burned-area.gwis.annual-by-land-cover,UN_OCE,2002,803810.8700000001,,,,final,,,,forest
burned-area.gwis.annual-by-land-cover,UN_OCE,2003,1203204.804,,,,final,,,,forest
burned-area.gwis.annual-by-land-cover,UN_OCE,2004,225606.26799999987,,,,final,,,,forest
burned-area.gwis.annual-by-land-cover,UN_OCE,2005,128322.96599999997,,,,final,,,,forest
burned-area.gwis.annual-by-land-cover,UN_OCE,2006,996424.1159999999,,,,final,,,,forest
burned-area.gwis.annual-by-land-cover,UN_OCE,2007,371295.11299999995,,,,final,,,,forest
burned-area.gwis.annual-by-land-cover,UN_OCE,2008,78071.36799999997,,,,final,,,,forest
burned-area.gwis.annual-by-land-cover,UN_OCE,2009,579535.4900000002,,,,final,,,,forest
burned-area.gwis.annual-by-land-cover,UN_OCE,2010,100782.24999999997,,,,final,,,,forest
burned-area.gwis.annual-by-land-cover,UN_OCE,2011,218737.1949999997,,,,final,,,,forest
burned-area.gwis.annual-by-land-cover,UN_OCE,2012,331776.4529999999,,,,final,,,,forest
burned-area.gwis.annual-by-land-cover,UN_OCE,2013,520053.5750000001,,,,final,,,,forest
burned-area.gwis.annual-by-land-cover,UN_OCE,2014,376811.84399999987,,,,final,,,,forest
burned-area.gwis.annual-by-land-cover,UN_OCE,2015,434984.3449999998,,,,final,,,,forest
burned-area.gwis.annual-by-land-cover,UN_OCE,2016,309494.88399999967,,,,final,,,,forest
burned-area.gwis.annual-by-land-cover,UN_OCE,2017,203882.81799999994,,,,final,,,,forest
burned-area.gwis.annual-by-land-cover,UN_OCE,2018,349271.1329999999,,,,final,,,,forest
burned-area.gwis.annual-by-land-cover,UN_OCE,2019,3310187.007999998,,,,final,,,,forest
burned-area.gwis.annual-by-land-cover,UN_OCE,2020,1836662.543,,,,final,,,,forest
burned-area.gwis.annual-by-land-cover,UN_OCE,2021,73434.73700000001,,,,final,,,,forest
burned-area.gwis.annual-by-land-cover,UN_OCE,2022,88246.18699999999,,,,final,,,,forest
burned-area.gwis.annual-by-land-cover,UN_OCE,2023,186967.71199999994,,,,final,,,,forest
burned-area.gwis.annual-by-land-cover,UN_OCE,2024,136372.65999999995,,,,final,,,,forest
burned-area.gwis.annual-by-land-cover,UN_OCE,2025,296035.785,,,,final,,,,forest
burned-area.gwis.annual-by-land-cover,UN_OCE,2002,7869515.772,,,,final,,,,savannas
burned-area.gwis.annual-by-land-cover,UN_OCE,2003,6225080.063,,,,final,,,,savannas
burned-area.gwis.annual-by-land-cover,UN_OCE,2004,5551352.349999996,,,,final,,,,savannas
burned-area.gwis.annual-by-land-cover,UN_OCE,2005,5611585.577,,,,final,,,,savannas
burned-area.gwis.annual-by-land-cover,UN_OCE,2006,6062175.590999995,,,,final,,,,savannas
burned-area.gwis.annual-by-land-cover,UN_OCE,2007,3891225.107999998,,,,final,,,,savannas
burned-area.gwis.annual-by-land-cover,UN_OCE,2008,4393182.947999999,,,,final,,,,savannas
burned-area.gwis.annual-by-land-cover,UN_OCE,2009,7529904.277999997,,,,final,,,,savannas
burned-area.gwis.annual-by-land-cover,UN_OCE,2010,2329325.666999999,,,,final,,,,savannas
burned-area.gwis.annual-by-land-cover,UN_OCE,2011,6979626.771999998,,,,final,,,,savannas
burned-area.gwis.annual-by-land-cover,UN_OCE,2012,8198716.308999996,,,,final,,,,savannas
burned-area.gwis.annual-by-land-cover,UN_OCE,2013,4600092.447,,,,final,,,,savannas
burned-area.gwis.annual-by-land-cover,UN_OCE,2014,6607408.622999995,,,,final,,,,savannas
burned-area.gwis.annual-by-land-cover,UN_OCE,2015,5772794.237999995,,,,final,,,,savannas
burned-area.gwis.annual-by-land-cover,UN_OCE,2016,3999777.996,,,,final,,,,savannas
burned-area.gwis.annual-by-land-cover,UN_OCE,2017,3473456.3929999988,,,,final,,,,savannas
burned-area.gwis.annual-by-land-cover,UN_OCE,2018,4858004.841999998,,,,final,,,,savannas
burned-area.gwis.annual-by-land-cover,UN_OCE,2019,6177082.3879999975,,,,final,,,,savannas
burned-area.gwis.annual-by-land-cover,UN_OCE,2020,3910479.9919999996,,,,final,,,,savannas
burned-area.gwis.annual-by-land-cover,UN_OCE,2021,3095356.604,,,,final,,,,savannas
burned-area.gwis.annual-by-land-cover,UN_OCE,2022,2770427.777,,,,final,,,,savannas
burned-area.gwis.annual-by-land-cover,UN_OCE,2023,4946487.142000001,,,,final,,,,savannas
burned-area.gwis.annual-by-land-cover,UN_OCE,2024,2699289.8929999997,,,,final,,,,savannas
burned-area.gwis.annual-by-land-cover,UN_OCE,2025,3066506.487999999,,,,final,,,,savannas
burned-area.gwis.annual-by-land-cover,UN_OCE,2002,68558953.57299998,,,,final,,,,shrublands-grasslands
burned-area.gwis.annual-by-land-cover,UN_OCE,2003,24450181.007000003,,,,final,,,,shrublands-grasslands
burned-area.gwis.annual-by-land-cover,UN_OCE,2004,57982871.004000016,,,,final,,,,shrublands-grasslands
burned-area.gwis.annual-by-land-cover,UN_OCE,2005,21861633.525999997,,,,final,,,,shrublands-grasslands
burned-area.gwis.annual-by-land-cover,UN_OCE,2006,50300666.41400002,,,,final,,,,shrublands-grasslands
burned-area.gwis.annual-by-land-cover,UN_OCE,2007,47396549.20899999,,,,final,,,,shrublands-grasslands
burned-area.gwis.annual-by-land-cover,UN_OCE,2008,27155073.481000002,,,,final,,,,shrublands-grasslands
burned-area.gwis.annual-by-land-cover,UN_OCE,2009,32584263.570000008,,,,final,,,,shrublands-grasslands
burned-area.gwis.annual-by-land-cover,UN_OCE,2010,15877915.682999995,,,,final,,,,shrublands-grasslands
burned-area.gwis.annual-by-land-cover,UN_OCE,2011,80061846.44200005,,,,final,,,,shrublands-grasslands
burned-area.gwis.annual-by-land-cover,UN_OCE,2012,81050800.411,,,,final,,,,shrublands-grasslands
burned-area.gwis.annual-by-land-cover,UN_OCE,2013,23145399.719000004,,,,final,,,,shrublands-grasslands
burned-area.gwis.annual-by-land-cover,UN_OCE,2014,39631679.559999995,,,,final,,,,shrublands-grasslands
burned-area.gwis.annual-by-land-cover,UN_OCE,2015,36300820.92599999,,,,final,,,,shrublands-grasslands
burned-area.gwis.annual-by-land-cover,UN_OCE,2016,19696822.277,,,,final,,,,shrublands-grasslands
burned-area.gwis.annual-by-land-cover,UN_OCE,2017,44690068.26299999,,,,final,,,,shrublands-grasslands
burned-area.gwis.annual-by-land-cover,UN_OCE,2018,47054662.34199999,,,,final,,,,shrublands-grasslands
burned-area.gwis.annual-by-land-cover,UN_OCE,2019,26356092.431000005,,,,final,,,,shrublands-grasslands
burned-area.gwis.annual-by-land-cover,UN_OCE,2020,11135268.417999994,,,,final,,,,shrublands-grasslands
burned-area.gwis.annual-by-land-cover,UN_OCE,2021,23015810.279999997,,,,final,,,,shrublands-grasslands
burned-area.gwis.annual-by-land-cover,UN_OCE,2022,24924533.739,,,,final,,,,shrublands-grasslands
burned-area.gwis.annual-by-land-cover,UN_OCE,2023,67117756.709,,,,final,,,,shrublands-grasslands
burned-area.gwis.annual-by-land-cover,UN_OCE,2024,31886086.24500001,,,,final,,,,shrublands-grasslands
burned-area.gwis.annual-by-land-cover,UN_OCE,2025,46709963.44500003,,,,final,,,,shrublands-grasslands
burned-area.gwis.annual-by-land-cover,UN_OCE,2002,135599.88499999992,,,,final,,,,croplands
burned-area.gwis.annual-by-land-cover,UN_OCE,2003,123514.60099999994,,,,final,,,,croplands
burned-area.gwis.annual-by-land-cover,UN_OCE,2004,902188.9410000003,,,,final,,,,croplands
burned-area.gwis.annual-by-land-cover,UN_OCE,2005,557039.2560000002,,,,final,,,,croplands
burned-area.gwis.annual-by-land-cover,UN_OCE,2006,644083.3540000004,,,,final,,,,croplands
burned-area.gwis.annual-by-land-cover,UN_OCE,2007,66844.714,,,,final,,,,croplands
burned-area.gwis.annual-by-land-cover,UN_OCE,2008,157130.14899999998,,,,final,,,,croplands
burned-area.gwis.annual-by-land-cover,UN_OCE,2009,266348.48300000007,,,,final,,,,croplands
burned-area.gwis.annual-by-land-cover,UN_OCE,2010,368053.75900000014,,,,final,,,,croplands
burned-area.gwis.annual-by-land-cover,UN_OCE,2011,833948.9510000004,,,,final,,,,croplands
burned-area.gwis.annual-by-land-cover,UN_OCE,2012,599026.491,,,,final,,,,croplands
burned-area.gwis.annual-by-land-cover,UN_OCE,2013,320957.647,,,,final,,,,croplands
burned-area.gwis.annual-by-land-cover,UN_OCE,2014,571464.3230000003,,,,final,,,,croplands
burned-area.gwis.annual-by-land-cover,UN_OCE,2015,404867.7240000001,,,,final,,,,croplands
burned-area.gwis.annual-by-land-cover,UN_OCE,2016,389648.425,,,,final,,,,croplands
burned-area.gwis.annual-by-land-cover,UN_OCE,2017,999493.7170000002,,,,final,,,,croplands
burned-area.gwis.annual-by-land-cover,UN_OCE,2018,361592.538,,,,final,,,,croplands
burned-area.gwis.annual-by-land-cover,UN_OCE,2019,470510.34600000014,,,,final,,,,croplands
burned-area.gwis.annual-by-land-cover,UN_OCE,2020,126455.424,,,,final,,,,croplands
burned-area.gwis.annual-by-land-cover,UN_OCE,2021,541218.9110000001,,,,final,,,,croplands
burned-area.gwis.annual-by-land-cover,UN_OCE,2022,527609.5519999999,,,,final,,,,croplands
burned-area.gwis.annual-by-land-cover,UN_OCE,2023,532911.6189999998,,,,final,,,,croplands
burned-area.gwis.annual-by-land-cover,UN_OCE,2024,563822.473,,,,final,,,,croplands
burned-area.gwis.annual-by-land-cover,UN_OCE,2025,543043.5160000002,,,,final,,,,croplands
burned-area.gwis.annual-by-land-cover,UN_OCE,2002,36642.236000000004,,,,final,,,,other
burned-area.gwis.annual-by-land-cover,UN_OCE,2003,17773.73800000001,,,,final,,,,other
burned-area.gwis.annual-by-land-cover,UN_OCE,2004,32434.928000000014,,,,final,,,,other
burned-area.gwis.annual-by-land-cover,UN_OCE,2005,16249.665,,,,final,,,,other
burned-area.gwis.annual-by-land-cover,UN_OCE,2006,22238.641000000007,,,,final,,,,other
burned-area.gwis.annual-by-land-cover,UN_OCE,2007,10174.826000000005,,,,final,,,,other
burned-area.gwis.annual-by-land-cover,UN_OCE,2008,11935.024000000003,,,,final,,,,other
burned-area.gwis.annual-by-land-cover,UN_OCE,2009,24277.89900000001,,,,final,,,,other
burned-area.gwis.annual-by-land-cover,UN_OCE,2010,8221.43,,,,final,,,,other
burned-area.gwis.annual-by-land-cover,UN_OCE,2011,15734.485000000002,,,,final,,,,other
burned-area.gwis.annual-by-land-cover,UN_OCE,2012,14897.316000000006,,,,final,,,,other
burned-area.gwis.annual-by-land-cover,UN_OCE,2013,22882.619999999995,,,,final,,,,other
burned-area.gwis.annual-by-land-cover,UN_OCE,2014,26896.73400000001,,,,final,,,,other
burned-area.gwis.annual-by-land-cover,UN_OCE,2015,57142.13999999999,,,,final,,,,other
burned-area.gwis.annual-by-land-cover,UN_OCE,2016,17623.478000000003,,,,final,,,,other
burned-area.gwis.annual-by-land-cover,UN_OCE,2017,17022.435000000005,,,,final,,,,other
burned-area.gwis.annual-by-land-cover,UN_OCE,2018,20521.373000000003,,,,final,,,,other
burned-area.gwis.annual-by-land-cover,UN_OCE,2019,30503.003000000015,,,,final,,,,other
burned-area.gwis.annual-by-land-cover,UN_OCE,2020,24900.41000000001,,,,final,,,,other
burned-area.gwis.annual-by-land-cover,UN_OCE,2021,15584.221,,,,final,,,,other
burned-area.gwis.annual-by-land-cover,UN_OCE,2022,11591.571000000005,,,,final,,,,other
burned-area.gwis.annual-by-land-cover,UN_OCE,2023,18932.900000000012,,,,final,,,,other
burned-area.gwis.annual-by-land-cover,UN_OCE,2024,18889.968,,,,final,,,,other
burned-area.gwis.annual-by-land-cover,UN_OCE,2025,14811.454000000002,,,,final,,,,other
