# Carbon dioxide removed by novel methods, by method
# Indicator: cdr.socdr-3.novel-by-method (vintage The State of Carbon Dioxide Removal, 3rd Edition (2026)); unit: million tonnes of carbon dioxide per year (MtCO2/yr)
# Source: The State of Carbon Dioxide Removal (University of Oxford Smith School and partners) <https://www.stateofcdr.org/data-portal/3rd-edition>
# Credit: The State of Carbon Dioxide Removal, 3rd Edition (2026), chapter 7 data (https://www.stateofcdr.org/data-portal/3rd-edition). CC BY 4.0.
# Notice: Novel CDR includes values the report takes from CDR.fyi for projects not listed on registries; CDR.fyi's own terms do not allow republishing its data, and whether the report's CC BY 4.0 licence covers them is not yet confirmed.
# Licence: CC BY 4.0 <https://creativecommons.org/licenses/by/4.0/>
# Provenance and processing: https://environmentdashboard.org/data/cdr/socdr-3/novel-by-method
indicator_id,entity,period,value,lower,upper,interval,status,note,missing_reason,age_bp,method
cdr.socdr-3.novel-by-method,WLD,2017,0.43,,,,final,,,,all
cdr.socdr-3.novel-by-method,WLD,2018,0.43,,,,final,,,,all
cdr.socdr-3.novel-by-method,WLD,2019,0.43,,,,final,,,,all
cdr.socdr-3.novel-by-method,WLD,2020,0.43,,,,final,,,,all
cdr.socdr-3.novel-by-method,WLD,2021,0.64,,,,final,,,,all
cdr.socdr-3.novel-by-method,WLD,2022,1.02,,,,final,,,,all
cdr.socdr-3.novel-by-method,WLD,2023,1.4,,,,final,,,,all
cdr.socdr-3.novel-by-method,WLD,2024,1.83,,,,final,,,,all
cdr.socdr-3.novel-by-method,WLD,2025,2.04,,,,final,,,,all
cdr.socdr-3.novel-by-method,WLD,2021,0.205026752,,,,final,,,,biochar
cdr.socdr-3.novel-by-method,WLD,2022,0.4961,,,,final,,,,biochar
cdr.socdr-3.novel-by-method,WLD,2023,0.788980784,,,,final,,,,biochar
cdr.socdr-3.novel-by-method,WLD,2024,1.1305,,,,final,,,,biochar
cdr.socdr-3.novel-by-method,WLD,2025,1.4629,,,,final,,,,biochar
cdr.socdr-3.novel-by-method,WLD,2017,0.50665,,,,final,,,,beccs
cdr.socdr-3.novel-by-method,WLD,2018,0.525002,,,,final,,,,beccs
cdr.socdr-3.novel-by-method,WLD,2019,0.51978,,,,final,,,,beccs
cdr.socdr-3.novel-by-method,WLD,2020,0.428,,,,final,,,,beccs
cdr.socdr-3.novel-by-method,WLD,2021,0.428,,,,final,,,,beccs
cdr.socdr-3.novel-by-method,WLD,2022,0.519,,,,final,,,,beccs
cdr.socdr-3.novel-by-method,WLD,2023,0.6061,,,,final,,,,beccs
cdr.socdr-3.novel-by-method,WLD,2024,0.6635,,,,final,,,,beccs
cdr.socdr-3.novel-by-method,WLD,2025,0.5105,,,,final,,,,beccs
cdr.socdr-3.novel-by-method,WLD,2023,0.0019,,,,final,,,,biomass-burial
cdr.socdr-3.novel-by-method,WLD,2024,0.0174,,,,final,,,,biomass-burial
cdr.socdr-3.novel-by-method,WLD,2025,0.0465,,,,final,,,,biomass-burial
cdr.socdr-3.novel-by-method,WLD,2020,0.0,,,,final,,,,mineral-products
cdr.socdr-3.novel-by-method,WLD,2021,0.0004,,,,final,,,,mineral-products
cdr.socdr-3.novel-by-method,WLD,2022,0.0015,,,,final,,,,mineral-products
cdr.socdr-3.novel-by-method,WLD,2023,0.0037,,,,final,,,,mineral-products
cdr.socdr-3.novel-by-method,WLD,2024,0.0117,,,,final,,,,mineral-products
cdr.socdr-3.novel-by-method,WLD,2025,0.0022,,,,final,,,,mineral-products
cdr.socdr-3.novel-by-method,WLD,2020,0.0,,,,final,,,,enhanced-weathering
cdr.socdr-3.novel-by-method,WLD,2021,0.0025,,,,final,,,,enhanced-weathering
cdr.socdr-3.novel-by-method,WLD,2022,0.0029,,,,final,,,,enhanced-weathering
cdr.socdr-3.novel-by-method,WLD,2023,0.0028,,,,final,,,,enhanced-weathering
cdr.socdr-3.novel-by-method,WLD,2024,0.0063,,,,final,,,,enhanced-weathering
cdr.socdr-3.novel-by-method,WLD,2025,0.0038,,,,final,,,,enhanced-weathering
cdr.socdr-3.novel-by-method,WLD,2020,0.0035,,,,final,,,,bio-oil-storage
cdr.socdr-3.novel-by-method,WLD,2021,0.0025,,,,final,,,,bio-oil-storage
cdr.socdr-3.novel-by-method,WLD,2022,0.0003,,,,final,,,,bio-oil-storage
cdr.socdr-3.novel-by-method,WLD,2023,0.0008,,,,final,,,,bio-oil-storage
cdr.socdr-3.novel-by-method,WLD,2024,0.0008,,,,final,,,,bio-oil-storage
cdr.socdr-3.novel-by-method,WLD,2025,0.0057,,,,final,,,,bio-oil-storage
cdr.socdr-3.novel-by-method,WLD,2023,0.00013725,,,,final,,,,alkalinity-enhancement
cdr.socdr-3.novel-by-method,WLD,2024,0.001192819,,,,final,,,,alkalinity-enhancement
cdr.socdr-3.novel-by-method,WLD,2025,0.00354,,,,final,,,,alkalinity-enhancement
cdr.socdr-3.novel-by-method,WLD,2022,0.0,,,,final,,,,daccs
cdr.socdr-3.novel-by-method,WLD,2023,0.0001,,,,final,,,,daccs
cdr.socdr-3.novel-by-method,WLD,2024,0.0014,,,,final,,,,daccs
cdr.socdr-3.novel-by-method,WLD,2025,0.0015,,,,final,,,,daccs
cdr.socdr-3.novel-by-method,WLD,2020,0.0021,,,,final,,,,biomass-sinking
cdr.socdr-3.novel-by-method,WLD,2021,0.0005,,,,final,,,,biomass-sinking
cdr.socdr-3.novel-by-method,WLD,2022,0.0037,,,,final,,,,biomass-sinking
cdr.socdr-3.novel-by-method,WLD,2023,0.004726,,,,final,,,,biomass-sinking
cdr.socdr-3.novel-by-method,WLD,2024,0.0,,,,final,,,,biomass-sinking
cdr.socdr-3.novel-by-method,WLD,2025,0.0,,,,final,,,,biomass-sinking
cdr.socdr-3.novel-by-method,WLD,2020,0.0035,,,,final,,,,other
cdr.socdr-3.novel-by-method,WLD,2021,0.0025,,,,final,,,,other
cdr.socdr-3.novel-by-method,WLD,2022,0.0003,,,,final,,,,other
cdr.socdr-3.novel-by-method,WLD,2023,0.001,,,,final,,,,other
cdr.socdr-3.novel-by-method,WLD,2024,0.002,,,,final,,,,other
cdr.socdr-3.novel-by-method,WLD,2025,0.0093,,,,final,,,,other
