# Methane, global annual mean
# Indicator: ch4.noaa-gml.annual-global (vintage 2026-09); unit: parts per billion (ppb)
# Source: NOAA Global Monitoring Laboratory <https://gml.noaa.gov/ccgg/trends_doi.html>
# Credit: NOAA Global Monitoring Laboratory (Lan, Thoning & Dlugokencky), version 2026-09, doi:10.15138/P8XG-AA10.
# Notice: The NOAA Global Monitoring Laboratory methane and nitrous oxide global marine surface means are US Government material and are not subject to copyright protection in the United States.
# Licence: Public domain (work of the US federal government) <https://www.copyright.gov/title17/92chap1.html#105>
# Provenance and processing: https://environmentdashboard.org/data/ch4.noaa-gml.annual-global
indicator_id,entity,period,value,lower,upper,interval,status,note,missing_reason
ch4.noaa-gml.annual-global,WLD,1984,1644.84,1644.24,1645.44,1sigma,final,,
ch4.noaa-gml.annual-global,WLD,1985,1657.3,1656.75,1657.85,1sigma,final,,
ch4.noaa-gml.annual-global,WLD,1986,1670.09,1669.32,1670.86,1sigma,final,,
ch4.noaa-gml.annual-global,WLD,1987,1682.71,1682.2,1683.22,1sigma,final,,
ch4.noaa-gml.annual-global,WLD,1988,1693.19,1692.57,1693.81,1sigma,final,,
ch4.noaa-gml.annual-global,WLD,1989,1704.55,1704.02,1705.08,1sigma,final,,
ch4.noaa-gml.annual-global,WLD,1990,1714.43,1713.74,1715.12,1sigma,final,,
ch4.noaa-gml.annual-global,WLD,1991,1724.79,1724.11,1725.47,1sigma,final,,
ch4.noaa-gml.annual-global,WLD,1992,1735.47,1734.89,1736.05,1sigma,final,,
ch4.noaa-gml.annual-global,WLD,1993,1736.48,1736.01,1736.95,1sigma,final,,
ch4.noaa-gml.annual-global,WLD,1994,1742.08,1741.51,1742.65,1sigma,final,,
ch4.noaa-gml.annual-global,WLD,1995,1748.88,1748.36,1749.4,1sigma,final,,
ch4.noaa-gml.annual-global,WLD,1996,1751.3,1750.67,1751.93,1sigma,final,,
ch4.noaa-gml.annual-global,WLD,1997,1754.51,1754.13,1754.89,1sigma,final,,
ch4.noaa-gml.annual-global,WLD,1998,1765.57,1764.96,1766.18,1sigma,final,,
ch4.noaa-gml.annual-global,WLD,1999,1772.3,1771.74,1772.86,1sigma,final,,
ch4.noaa-gml.annual-global,WLD,2000,1773.22,1772.52,1773.92,1sigma,final,,
ch4.noaa-gml.annual-global,WLD,2001,1771.29,1770.77,1771.81,1sigma,final,,
ch4.noaa-gml.annual-global,WLD,2002,1772.68,1772.22,1773.14,1sigma,final,,
ch4.noaa-gml.annual-global,WLD,2003,1777.33,1776.82,1777.84,1sigma,final,,
ch4.noaa-gml.annual-global,WLD,2004,1777.13,1776.64,1777.62,1sigma,final,,
ch4.noaa-gml.annual-global,WLD,2005,1774.23,1773.64,1774.82,1sigma,final,,
ch4.noaa-gml.annual-global,WLD,2006,1774.93,1774.43,1775.43,1sigma,final,,
ch4.noaa-gml.annual-global,WLD,2007,1781.31,1780.75,1781.87,1sigma,final,,
ch4.noaa-gml.annual-global,WLD,2008,1787.01,1786.45,1787.57,1sigma,final,,
ch4.noaa-gml.annual-global,WLD,2009,1793.51,1792.92,1794.1,1sigma,final,,
ch4.noaa-gml.annual-global,WLD,2010,1798.93,1798.22,1799.64,1sigma,final,,
ch4.noaa-gml.annual-global,WLD,2011,1803.03,1802.47,1803.59,1sigma,final,,
ch4.noaa-gml.annual-global,WLD,2012,1808.07,1807.49,1808.65,1sigma,final,,
ch4.noaa-gml.annual-global,WLD,2013,1813.42,1812.85,1813.99,1sigma,final,,
ch4.noaa-gml.annual-global,WLD,2014,1822.58,1822.02,1823.14,1sigma,final,,
ch4.noaa-gml.annual-global,WLD,2015,1834.19,1833.7,1834.68,1sigma,final,,
ch4.noaa-gml.annual-global,WLD,2016,1843.18,1842.6,1843.76,1sigma,final,,
ch4.noaa-gml.annual-global,WLD,2017,1849.62,1848.93,1850.31,1sigma,final,,
ch4.noaa-gml.annual-global,WLD,2018,1857.33,1856.56,1858.1,1sigma,final,,
ch4.noaa-gml.annual-global,WLD,2019,1866.59,1866.02,1867.16,1sigma,final,,
ch4.noaa-gml.annual-global,WLD,2020,1878.72,1878.06,1879.38,1sigma,final,,
ch4.noaa-gml.annual-global,WLD,2021,1894.79,1894.16,1895.42,1sigma,final,,
ch4.noaa-gml.annual-global,WLD,2022,1910.95,1910.06,1911.84,1sigma,final,,
ch4.noaa-gml.annual-global,WLD,2023,1921.4,1920.7,1922.1,1sigma,final,,
ch4.noaa-gml.annual-global,WLD,2024,1929.41,1928.82,1930.0,1sigma,final,,
ch4.noaa-gml.annual-global,WLD,2025,1935.94,1935.46,1936.42,1sigma,preliminary,,
