# Carbon dioxide over the last 2,000 years (Law Dome ice cores)
# Indicator: co2.law-dome.2k (vintage v3); unit: parts per million (ppm)
# Source: CSIRO (with the Australian Antarctic Division and ANSTO) <https://data.csiro.au/collection/csiro:37077>
# Credit: Rubino et al., Law Dome Ice Core 2000-Year CO2, CH4, N2O and d13C-CO2, v3, CSIRO, doi:10.25919/5bfe29ff807fb; Rubino et al. (2019), Earth System Science Data 11, 473-492, doi:10.5194/essd-11-473-2019. CC BY 4.0.
# Licence: CC BY 4.0 <https://creativecommons.org/licenses/by/4.0/>
# Provenance and processing: https://environmentdashboard.org/data/co2.law-dome.2k
indicator_id,entity,period,value,lower,upper,interval,status,note,missing_reason
co2.law-dome.2k,LAWDOME,0154,278.18106,,,,final,,
co2.law-dome.2k,LAWDOME,0155,278.13663,,,,final,,
co2.law-dome.2k,LAWDOME,0156,278.09262,,,,final,,
co2.law-dome.2k,LAWDOME,0157,278.04932,,,,final,,
co2.law-dome.2k,LAWDOME,0158,278.00696,,,,final,,
co2.law-dome.2k,LAWDOME,0159,277.96588,,,,final,,
co2.law-dome.2k,LAWDOME,0160,277.92633,,,,final,,
co2.law-dome.2k,LAWDOME,0161,277.88858,,,,final,,
co2.law-dome.2k,LAWDOME,0162,277.85297,,,,final,,
co2.law-dome.2k,LAWDOME,0163,277.8197,,,,final,,
co2.law-dome.2k,LAWDOME,0164,277.78909,,,,final,,
co2.law-dome.2k,LAWDOME,0165,277.76141,,,,final,,
co2.law-dome.2k,LAWDOME,0166,277.73697,,,,final,,
co2.law-dome.2k,LAWDOME,0167,277.716,,,,final,,
co2.law-dome.2k,LAWDOME,0168,277.69882,,,,final,,
co2.law-dome.2k,LAWDOME,0169,277.68573,,,,final,,
co2.law-dome.2k,LAWDOME,0170,277.67694,,,,final,,
co2.law-dome.2k,LAWDOME,0171,277.67279,,,,final,,
co2.law-dome.2k,LAWDOME,0172,277.67355,,,,final,,
co2.law-dome.2k,LAWDOME,0173,277.67947,,,,final,,
co2.law-dome.2k,LAWDOME,0174,277.69086,,,,final,,
co2.law-dome.2k,LAWDOME,0175,277.70801,,,,final,,
co2.law-dome.2k,LAWDOME,0176,277.7309,,,,final,,
co2.law-dome.2k,LAWDOME,0177,277.75934,,,,final,,
co2.law-dome.2k,LAWDOME,0178,277.79309,,,,final,,
co2.law-dome.2k,LAWDOME,0179,277.83191,,,,final,,
co2.law-dome.2k,LAWDOME,0180,277.87558,,,,final,,
co2.law-dome.2k,LAWDOME,0181,277.92383,,,,final,,
co2.law-dome.2k,LAWDOME,0182,277.97644,,,,final,,
co2.law-dome.2k,LAWDOME,0183,278.0332,,,,final,,
co2.law-dome.2k,LAWDOME,0184,278.09384,,,,final,,
co2.law-dome.2k,LAWDOME,0185,278.15814,,,,final,,
co2.law-dome.2k,LAWDOME,0186,278.22586,,,,final,,
co2.law-dome.2k,LAWDOME,0187,278.29678,,,,final,,
co2.law-dome.2k,LAWDOME,0188,278.37064,,,,final,,
co2.law-dome.2k,LAWDOME,0189,278.4472,,,,final,,
co2.law-dome.2k,LAWDOME,0190,278.52625,,,,final,,
co2.law-dome.2k,LAWDOME,0191,278.60751,,,,final,,
co2.law-dome.2k,LAWDOME,0192,278.6908,,,,final,,
co2.law-dome.2k,LAWDOME,0193,278.77585,,,,final,,
co2.law-dome.2k,LAWDOME,0194,278.86243,,,,final,,
co2.law-dome.2k,LAWDOME,0195,278.95029,,,,final,,
co2.law-dome.2k,LAWDOME,0196,279.03925,,,,final,,
co2.law-dome.2k,LAWDOME,0197,279.129,,,,final,,
co2.law-dome.2k,LAWDOME,0198,279.21933,,,,final,,
co2.law-dome.2k,LAWDOME,0199,279.31003,,,,final,,
co2.law-dome.2k,LAWDOME,0200,279.40085,,,,final,,
co2.law-dome.2k,LAWDOME,0201,279.49152,,,,final,,
co2.law-dome.2k,LAWDOME,0202,279.58185,,,,final,,
co2.law-dome.2k,LAWDOME,0203,279.6716,,,,final,,
co2.law-dome.2k,LAWDOME,0204,279.7605,,,,final,,
co2.law-dome.2k,LAWDOME,0205,279.84833,,,,final,,
co2.law-dome.2k,LAWDOME,0206,279.93488,,,,final,,
co2.law-dome.2k,LAWDOME,0207,280.01987,,,,final,,
co2.law-dome.2k,LAWDOME,0208,280.10309,,,,final,,
co2.law-dome.2k,LAWDOME,0209,280.1843,,,,final,,
co2.law-dome.2k,LAWDOME,0210,280.26328,,,,final,,
co2.law-dome.2k,LAWDOME,0211,280.33975,,,,final,,
co2.law-dome.2k,LAWDOME,0212,280.41351,,,,final,,
co2.law-dome.2k,LAWDOME,0213,280.48434,,,,final,,
co2.law-dome.2k,LAWDOME,0214,280.55194,,,,final,,
co2.law-dome.2k,LAWDOME,0215,280.61615,,,,final,,
co2.law-dome.2k,LAWDOME,0216,280.67667,,,,final,,
co2.law-dome.2k,LAWDOME,0217,280.73331,,,,final,,
co2.law-dome.2k,LAWDOME,0218,280.7858,,,,final,,
co2.law-dome.2k,LAWDOME,0219,280.83392,,,,final,,
co2.law-dome.2k,LAWDOME,0220,280.87744,,,,final,,
co2.law-dome.2k,LAWDOME,0221,280.91611,,,,final,,
co2.law-dome.2k,LAWDOME,0222,280.94971,,,,final,,
co2.law-dome.2k,LAWDOME,0223,280.97797,,,,final,,
co2.law-dome.2k,LAWDOME,0224,281.0007,,,,final,,
co2.law-dome.2k,LAWDOME,0225,281.01764,,,,final,,
co2.law-dome.2k,LAWDOME,0226,281.02853,,,,final,,
co2.law-dome.2k,LAWDOME,0227,281.03317,,,,final,,
co2.law-dome.2k,LAWDOME,0228,281.03134,,,,final,,
co2.law-dome.2k,LAWDOME,0229,281.02277,,,,final,,
co2.law-dome.2k,LAWDOME,0230,281.0072,,,,final,,
co2.law-dome.2k,LAWDOME,0231,280.98444,,,,final,,
co2.law-dome.2k,LAWDOME,0232,280.95425,,,,final,,
co2.law-dome.2k,LAWDOME,0233,280.91638,,,,final,,
co2.law-dome.2k,LAWDOME,0234,280.87061,,,,final,,
co2.law-dome.2k,LAWDOME,0235,280.81665,,,,final,,
co2.law-dome.2k,LAWDOME,0236,280.75433,,,,final,,
co2.law-dome.2k,LAWDOME,0237,280.68341,,,,final,,
co2.law-dome.2k,LAWDOME,0238,280.60361,,,,final,,
co2.law-dome.2k,LAWDOME,0239,280.51471,,,,final,,
co2.law-dome.2k,LAWDOME,0240,280.41647,,,,final,,
co2.law-dome.2k,LAWDOME,0241,280.30872,,,,final,,
co2.law-dome.2k,LAWDOME,0242,280.19189,,,,final,,
co2.law-dome.2k,LAWDOME,0243,280.06747,,,,final,,
co2.law-dome.2k,LAWDOME,0244,279.93695,,,,final,,
co2.law-dome.2k,LAWDOME,0245,279.80185,,,,final,,
co2.law-dome.2k,LAWDOME,0246,279.66367,,,,final,,
co2.law-dome.2k,LAWDOME,0247,279.52386,,,,final,,
co2.law-dome.2k,LAWDOME,0248,279.384,,,,final,,
co2.law-dome.2k,LAWDOME,0249,279.24557,,,,final,,
co2.law-dome.2k,LAWDOME,0250,279.11008,,,,final,,
co2.law-dome.2k,LAWDOME,0251,278.979,,,,final,,
co2.law-dome.2k,LAWDOME,0252,278.85385,,,,final,,
co2.law-dome.2k,LAWDOME,0253,278.73615,,,,final,,
co2.law-dome.2k,LAWDOME,0254,278.62738,,,,final,,
co2.law-dome.2k,LAWDOME,0255,278.52908,,,,final,,
co2.law-dome.2k,LAWDOME,0256,278.44275,,,,final,,
co2.law-dome.2k,LAWDOME,0257,278.36984,,,,final,,
co2.law-dome.2k,LAWDOME,0258,278.31192,,,,final,,
co2.law-dome.2k,LAWDOME,0259,278.27045,,,,final,,
co2.law-dome.2k,LAWDOME,0260,278.24698,,,,final,,
co2.law-dome.2k,LAWDOME,0261,278.24295,,,,final,,
co2.law-dome.2k,LAWDOME,0262,278.25992,,,,final,,
co2.law-dome.2k,LAWDOME,0263,278.29935,,,,final,,
co2.law-dome.2k,LAWDOME,0264,278.36279,,,,final,,
co2.law-dome.2k,LAWDOME,0265,278.45172,,,,final,,
co2.law-dome.2k,LAWDOME,0266,278.56766,,,,final,,
co2.law-dome.2k,LAWDOME,0267,278.71118,,,,final,,
co2.law-dome.2k,LAWDOME,0268,278.87805,,,,final,,
co2.law-dome.2k,LAWDOME,0269,279.06238,,,,final,,
co2.law-dome.2k,LAWDOME,0270,279.2583,,,,final,,
co2.law-dome.2k,LAWDOME,0271,279.4599,,,,final,,
co2.law-dome.2k,LAWDOME,0272,279.66132,,,,final,,
co2.law-dome.2k,LAWDOME,0273,279.85663,,,,final,,
co2.law-dome.2k,LAWDOME,0274,280.03998,,,,final,,
co2.law-dome.2k,LAWDOME,0275,280.20566,,,,final,,
co2.law-dome.2k,LAWDOME,0276,280.35168,,,,final,,
co2.law-dome.2k,LAWDOME,0277,280.47925,,,,final,,
co2.law-dome.2k,LAWDOME,0278,280.58963,,,,final,,
co2.law-dome.2k,LAWDOME,0279,280.68408,,,,final,,
co2.law-dome.2k,LAWDOME,0280,280.76389,,,,final,,
co2.law-dome.2k,LAWDOME,0281,280.83029,,,,final,,
co2.law-dome.2k,LAWDOME,0282,280.88461,,,,final,,
co2.law-dome.2k,LAWDOME,0283,280.92813,,,,final,,
co2.law-dome.2k,LAWDOME,0284,280.96207,,,,final,,
co2.law-dome.2k,LAWDOME,0285,280.98773,,,,final,,
co2.law-dome.2k,LAWDOME,0286,281.00638,,,,final,,
co2.law-dome.2k,LAWDOME,0287,281.01929,,,,final,,
co2.law-dome.2k,LAWDOME,0288,281.02774,,,,final,,
co2.law-dome.2k,LAWDOME,0289,281.03302,,,,final,,
co2.law-dome.2k,LAWDOME,0290,281.03635,,,,final,,
co2.law-dome.2k,LAWDOME,0291,281.03906,,,,final,,
co2.law-dome.2k,LAWDOME,0292,281.04242,,,,final,,
co2.law-dome.2k,LAWDOME,0293,281.04767,,,,final,,
co2.law-dome.2k,LAWDOME,0294,281.05612,,,,final,,
co2.law-dome.2k,LAWDOME,0295,281.069,,,,final,,
co2.law-dome.2k,LAWDOME,0296,281.08762,,,,final,,
co2.law-dome.2k,LAWDOME,0297,281.11234,,,,final,,
co2.law-dome.2k,LAWDOME,0298,281.14255,,,,final,,
co2.law-dome.2k,LAWDOME,0299,281.17758,,,,final,,
co2.law-dome.2k,LAWDOME,0300,281.21667,,,,final,,
co2.law-dome.2k,LAWDOME,0301,281.25912,,,,final,,
co2.law-dome.2k,LAWDOME,0302,281.3042,,,,final,,
co2.law-dome.2k,LAWDOME,0303,281.35126,,,,final,,
co2.law-dome.2k,LAWDOME,0304,281.39951,,,,final,,
co2.law-dome.2k,LAWDOME,0305,281.4483,,,,final,,
co2.law-dome.2k,LAWDOME,0306,281.49689,,,,final,,
co2.law-dome.2k,LAWDOME,0307,281.54456,,,,final,,
co2.law-dome.2k,LAWDOME,0308,281.59061,,,,final,,
co2.law-dome.2k,LAWDOME,0309,281.63434,,,,final,,
co2.law-dome.2k,LAWDOME,0310,281.67502,,,,final,,
co2.law-dome.2k,LAWDOME,0311,281.71198,,,,final,,
co2.law-dome.2k,LAWDOME,0312,281.74445,,,,final,,
co2.law-dome.2k,LAWDOME,0313,281.77173,,,,final,,
co2.law-dome.2k,LAWDOME,0314,281.79315,,,,final,,
co2.law-dome.2k,LAWDOME,0315,281.80795,,,,final,,
co2.law-dome.2k,LAWDOME,0316,281.81546,,,,final,,
co2.law-dome.2k,LAWDOME,0317,281.81494,,,,final,,
co2.law-dome.2k,LAWDOME,0318,281.80569,,,,final,,
co2.law-dome.2k,LAWDOME,0319,281.78754,,,,final,,
co2.law-dome.2k,LAWDOME,0320,281.76074,,,,final,,
co2.law-dome.2k,LAWDOME,0321,281.72571,,,,final,,
co2.law-dome.2k,LAWDOME,0322,281.68277,,,,final,,
co2.law-dome.2k,LAWDOME,0323,281.63232,,,,final,,
co2.law-dome.2k,LAWDOME,0324,281.57465,,,,final,,
co2.law-dome.2k,LAWDOME,0325,281.51016,,,,final,,
co2.law-dome.2k,LAWDOME,0326,281.43921,,,,final,,
co2.law-dome.2k,LAWDOME,0327,281.36212,,,,final,,
co2.law-dome.2k,LAWDOME,0328,281.2793,,,,final,,
co2.law-dome.2k,LAWDOME,0329,281.19104,,,,final,,
co2.law-dome.2k,LAWDOME,0330,281.09775,,,,final,,
co2.law-dome.2k,LAWDOME,0331,280.99976,,,,final,,
co2.law-dome.2k,LAWDOME,0332,280.89743,,,,final,,
co2.law-dome.2k,LAWDOME,0333,280.79111,,,,final,,
co2.law-dome.2k,LAWDOME,0334,280.68115,,,,final,,
co2.law-dome.2k,LAWDOME,0335,280.56793,,,,final,,
co2.law-dome.2k,LAWDOME,0336,280.45181,,,,final,,
co2.law-dome.2k,LAWDOME,0337,280.3331,,,,final,,
co2.law-dome.2k,LAWDOME,0338,280.21222,,,,final,,
co2.law-dome.2k,LAWDOME,0339,280.08945,,,,final,,
co2.law-dome.2k,LAWDOME,0340,279.96521,,,,final,,
co2.law-dome.2k,LAWDOME,0341,279.83984,,,,final,,
co2.law-dome.2k,LAWDOME,0342,279.71365,,,,final,,
co2.law-dome.2k,LAWDOME,0343,279.58707,,,,final,,
co2.law-dome.2k,LAWDOME,0344,279.46042,,,,final,,
co2.law-dome.2k,LAWDOME,0345,279.33405,,,,final,,
co2.law-dome.2k,LAWDOME,0346,279.20831,,,,final,,
co2.law-dome.2k,LAWDOME,0347,279.08356,,,,final,,
co2.law-dome.2k,LAWDOME,0348,278.96017,,,,final,,
co2.law-dome.2k,LAWDOME,0349,278.8385,,,,final,,
co2.law-dome.2k,LAWDOME,0350,278.71887,,,,final,,
co2.law-dome.2k,LAWDOME,0351,278.60168,,,,final,,
co2.law-dome.2k,LAWDOME,0352,278.48727,,,,final,,
co2.law-dome.2k,LAWDOME,0353,278.37598,,,,final,,
co2.law-dome.2k,LAWDOME,0354,278.26816,,,,final,,
co2.law-dome.2k,LAWDOME,0355,278.16422,,,,final,,
co2.law-dome.2k,LAWDOME,0356,278.06445,,,,final,,
co2.law-dome.2k,LAWDOME,0357,277.96924,,,,final,,
co2.law-dome.2k,LAWDOME,0358,277.87891,,,,final,,
co2.law-dome.2k,LAWDOME,0359,277.79364,,,,final,,
co2.law-dome.2k,LAWDOME,0360,277.71344,,,,final,,
co2.law-dome.2k,LAWDOME,0361,277.63834,,,,final,,
co2.law-dome.2k,LAWDOME,0362,277.56836,,,,final,,
co2.law-dome.2k,LAWDOME,0363,277.50354,,,,final,,
co2.law-dome.2k,LAWDOME,0364,277.44388,,,,final,,
co2.law-dome.2k,LAWDOME,0365,277.38947,,,,final,,
co2.law-dome.2k,LAWDOME,0366,277.34024,,,,final,,
co2.law-dome.2k,LAWDOME,0367,277.2963,,,,final,,
co2.law-dome.2k,LAWDOME,0368,277.25766,,,,final,,
co2.law-dome.2k,LAWDOME,0369,277.22433,,,,final,,
co2.law-dome.2k,LAWDOME,0370,277.19632,,,,final,,
co2.law-dome.2k,LAWDOME,0371,277.17371,,,,final,,
co2.law-dome.2k,LAWDOME,0372,277.15646,,,,final,,
co2.law-dome.2k,LAWDOME,0373,277.14468,,,,final,,
co2.law-dome.2k,LAWDOME,0374,277.13831,,,,final,,
co2.law-dome.2k,LAWDOME,0375,277.13745,,,,final,,
co2.law-dome.2k,LAWDOME,0376,277.14206,,,,final,,
co2.law-dome.2k,LAWDOME,0377,277.15222,,,,final,,
co2.law-dome.2k,LAWDOME,0378,277.16794,,,,final,,
co2.law-dome.2k,LAWDOME,0379,277.18927,,,,final,,
co2.law-dome.2k,LAWDOME,0380,277.21619,,,,final,,
co2.law-dome.2k,LAWDOME,0381,277.24875,,,,final,,
co2.law-dome.2k,LAWDOME,0382,277.28696,,,,final,,
co2.law-dome.2k,LAWDOME,0383,277.3309,,,,final,,
co2.law-dome.2k,LAWDOME,0384,277.38052,,,,final,,
co2.law-dome.2k,LAWDOME,0385,277.43588,,,,final,,
co2.law-dome.2k,LAWDOME,0386,277.49667,,,,final,,
co2.law-dome.2k,LAWDOME,0387,277.56253,,,,final,,
co2.law-dome.2k,LAWDOME,0388,277.63297,,,,final,,
co2.law-dome.2k,LAWDOME,0389,277.70764,,,,final,,
co2.law-dome.2k,LAWDOME,0390,277.78613,,,,final,,
co2.law-dome.2k,LAWDOME,0391,277.86801,,,,final,,
co2.law-dome.2k,LAWDOME,0392,277.95288,,,,final,,
co2.law-dome.2k,LAWDOME,0393,278.04031,,,,final,,
co2.law-dome.2k,LAWDOME,0394,278.12994,,,,final,,
co2.law-dome.2k,LAWDOME,0395,278.22134,,,,final,,
co2.law-dome.2k,LAWDOME,0396,278.31409,,,,final,,
co2.law-dome.2k,LAWDOME,0397,278.40781,,,,final,,
co2.law-dome.2k,LAWDOME,0398,278.50204,,,,final,,
co2.law-dome.2k,LAWDOME,0399,278.59641,,,,final,,
co2.law-dome.2k,LAWDOME,0400,278.69052,,,,final,,
co2.law-dome.2k,LAWDOME,0401,278.78394,,,,final,,
co2.law-dome.2k,LAWDOME,0402,278.87628,,,,final,,
co2.law-dome.2k,LAWDOME,0403,278.9671,,,,final,,
co2.law-dome.2k,LAWDOME,0404,279.05603,,,,final,,
co2.law-dome.2k,LAWDOME,0405,279.14264,,,,final,,
co2.law-dome.2k,LAWDOME,0406,279.22653,,,,final,,
co2.law-dome.2k,LAWDOME,0407,279.30731,,,,final,,
co2.law-dome.2k,LAWDOME,0408,279.3848,,,,final,,
co2.law-dome.2k,LAWDOME,0409,279.45898,,,,final,,
co2.law-dome.2k,LAWDOME,0410,279.52985,,,,final,,
co2.law-dome.2k,LAWDOME,0411,279.59738,,,,final,,
co2.law-dome.2k,LAWDOME,0412,279.66156,,,,final,,
co2.law-dome.2k,LAWDOME,0413,279.72238,,,,final,,
co2.law-dome.2k,LAWDOME,0414,279.77982,,,,final,,
co2.law-dome.2k,LAWDOME,0415,279.83386,,,,final,,
co2.law-dome.2k,LAWDOME,0416,279.88449,,,,final,,
co2.law-dome.2k,LAWDOME,0417,279.9317,,,,final,,
co2.law-dome.2k,LAWDOME,0418,279.97549,,,,final,,
co2.law-dome.2k,LAWDOME,0419,280.01581,,,,final,,
co2.law-dome.2k,LAWDOME,0420,280.05264,,,,final,,
co2.law-dome.2k,LAWDOME,0421,280.08603,,,,final,,
co2.law-dome.2k,LAWDOME,0422,280.11588,,,,final,,
co2.law-dome.2k,LAWDOME,0423,280.14224,,,,final,,
co2.law-dome.2k,LAWDOME,0424,280.16504,,,,final,,
co2.law-dome.2k,LAWDOME,0425,280.18433,,,,final,,
co2.law-dome.2k,LAWDOME,0426,280.20001,,,,final,,
co2.law-dome.2k,LAWDOME,0427,280.21216,,,,final,,
co2.law-dome.2k,LAWDOME,0428,280.2207,,,,final,,
co2.law-dome.2k,LAWDOME,0429,280.22565,,,,final,,
co2.law-dome.2k,LAWDOME,0430,280.22696,,,,final,,
co2.law-dome.2k,LAWDOME,0431,280.22464,,,,final,,
co2.law-dome.2k,LAWDOME,0432,280.21866,,,,final,,
co2.law-dome.2k,LAWDOME,0433,280.20901,,,,final,,
co2.law-dome.2k,LAWDOME,0434,280.19568,,,,final,,
co2.law-dome.2k,LAWDOME,0435,280.17865,,,,final,,
co2.law-dome.2k,LAWDOME,0436,280.15793,,,,final,,
co2.law-dome.2k,LAWDOME,0437,280.13345,,,,final,,
co2.law-dome.2k,LAWDOME,0438,280.10529,,,,final,,
co2.law-dome.2k,LAWDOME,0439,280.07355,,,,final,,
co2.law-dome.2k,LAWDOME,0440,280.03836,,,,final,,
co2.law-dome.2k,LAWDOME,0441,279.99988,,,,final,,
co2.law-dome.2k,LAWDOME,0442,279.95828,,,,final,,
co2.law-dome.2k,LAWDOME,0443,279.9137,,,,final,,
co2.law-dome.2k,LAWDOME,0444,279.8663,,,,final,,
co2.law-dome.2k,LAWDOME,0445,279.81619,,,,final,,
co2.law-dome.2k,LAWDOME,0446,279.76358,,,,final,,
co2.law-dome.2k,LAWDOME,0447,279.70859,,,,final,,
co2.law-dome.2k,LAWDOME,0448,279.65134,,,,final,,
co2.law-dome.2k,LAWDOME,0449,279.59204,,,,final,,
co2.law-dome.2k,LAWDOME,0450,279.53079,,,,final,,
co2.law-dome.2k,LAWDOME,0451,279.46777,,,,final,,
co2.law-dome.2k,LAWDOME,0452,279.40314,,,,final,,
co2.law-dome.2k,LAWDOME,0453,279.33701,,,,final,,
co2.law-dome.2k,LAWDOME,0454,279.26956,,,,final,,
co2.law-dome.2k,LAWDOME,0455,279.20096,,,,final,,
co2.law-dome.2k,LAWDOME,0456,279.13129,,,,final,,
co2.law-dome.2k,LAWDOME,0457,279.06076,,,,final,,
co2.law-dome.2k,LAWDOME,0458,278.98953,,,,final,,
co2.law-dome.2k,LAWDOME,0459,278.91769,,,,final,,
co2.law-dome.2k,LAWDOME,0460,278.84546,,,,final,,
co2.law-dome.2k,LAWDOME,0461,278.77292,,,,final,,
co2.law-dome.2k,LAWDOME,0462,278.70029,,,,final,,
co2.law-dome.2k,LAWDOME,0463,278.62766,,,,final,,
co2.law-dome.2k,LAWDOME,0464,278.55521,,,,final,,
co2.law-dome.2k,LAWDOME,0465,278.48309,,,,final,,
co2.law-dome.2k,LAWDOME,0466,278.41147,,,,final,,
co2.law-dome.2k,LAWDOME,0467,278.34045,,,,final,,
co2.law-dome.2k,LAWDOME,0468,278.2702,,,,final,,
co2.law-dome.2k,LAWDOME,0469,278.20093,,,,final,,
co2.law-dome.2k,LAWDOME,0470,278.13269,,,,final,,
co2.law-dome.2k,LAWDOME,0471,278.0657,,,,final,,
co2.law-dome.2k,LAWDOME,0472,278.00009,,,,final,,
co2.law-dome.2k,LAWDOME,0473,277.936,,,,final,,
co2.law-dome.2k,LAWDOME,0474,277.8736,,,,final,,
co2.law-dome.2k,LAWDOME,0475,277.81305,,,,final,,
co2.law-dome.2k,LAWDOME,0476,277.75446,,,,final,,
co2.law-dome.2k,LAWDOME,0477,277.698,,,,final,,
co2.law-dome.2k,LAWDOME,0478,277.64383,,,,final,,
co2.law-dome.2k,LAWDOME,0479,277.59207,,,,final,,
co2.law-dome.2k,LAWDOME,0480,277.54294,,,,final,,
co2.law-dome.2k,LAWDOME,0481,277.49652,,,,final,,
co2.law-dome.2k,LAWDOME,0482,277.45297,,,,final,,
co2.law-dome.2k,LAWDOME,0483,277.41248,,,,final,,
co2.law-dome.2k,LAWDOME,0484,277.37515,,,,final,,
co2.law-dome.2k,LAWDOME,0485,277.34116,,,,final,,
co2.law-dome.2k,LAWDOME,0486,277.31067,,,,final,,
co2.law-dome.2k,LAWDOME,0487,277.28381,,,,final,,
co2.law-dome.2k,LAWDOME,0488,277.26074,,,,final,,
co2.law-dome.2k,LAWDOME,0489,277.24158,,,,final,,
co2.law-dome.2k,LAWDOME,0490,277.22623,,,,final,,
co2.law-dome.2k,LAWDOME,0491,277.21429,,,,final,,
co2.law-dome.2k,LAWDOME,0492,277.20547,,,,final,,
co2.law-dome.2k,LAWDOME,0493,277.19937,,,,final,,
co2.law-dome.2k,LAWDOME,0494,277.19568,,,,final,,
co2.law-dome.2k,LAWDOME,0495,277.19397,,,,final,,
co2.law-dome.2k,LAWDOME,0496,277.19394,,,,final,,
co2.law-dome.2k,LAWDOME,0497,277.19525,,,,final,,
co2.law-dome.2k,LAWDOME,0498,277.19748,,,,final,,
co2.law-dome.2k,LAWDOME,0499,277.20035,,,,final,,
co2.law-dome.2k,LAWDOME,0500,277.20343,,,,final,,
co2.law-dome.2k,LAWDOME,0501,277.20642,,,,final,,
co2.law-dome.2k,LAWDOME,0502,277.20895,,,,final,,
co2.law-dome.2k,LAWDOME,0503,277.21069,,,,final,,
co2.law-dome.2k,LAWDOME,0504,277.21121,,,,final,,
co2.law-dome.2k,LAWDOME,0505,277.21024,,,,final,,
co2.law-dome.2k,LAWDOME,0506,277.20737,,,,final,,
co2.law-dome.2k,LAWDOME,0507,277.20224,,,,final,,
co2.law-dome.2k,LAWDOME,0508,277.19455,,,,final,,
co2.law-dome.2k,LAWDOME,0509,277.1839,,,,final,,
co2.law-dome.2k,LAWDOME,0510,277.16995,,,,final,,
co2.law-dome.2k,LAWDOME,0511,277.15234,,,,final,,
co2.law-dome.2k,LAWDOME,0512,277.13071,,,,final,,
co2.law-dome.2k,LAWDOME,0513,277.10474,,,,final,,
co2.law-dome.2k,LAWDOME,0514,277.07401,,,,final,,
co2.law-dome.2k,LAWDOME,0515,277.03821,,,,final,,
co2.law-dome.2k,LAWDOME,0516,276.99698,,,,final,,
co2.law-dome.2k,LAWDOME,0517,276.94995,,,,final,,
co2.law-dome.2k,LAWDOME,0518,276.89679,,,,final,,
co2.law-dome.2k,LAWDOME,0519,276.83737,,,,final,,
co2.law-dome.2k,LAWDOME,0520,276.77237,,,,final,,
co2.law-dome.2k,LAWDOME,0521,276.70267,,,,final,,
co2.law-dome.2k,LAWDOME,0522,276.62912,,,,final,,
co2.law-dome.2k,LAWDOME,0523,276.55264,,,,final,,
co2.law-dome.2k,LAWDOME,0524,276.47409,,,,final,,
co2.law-dome.2k,LAWDOME,0525,276.39432,,,,final,,
co2.law-dome.2k,LAWDOME,0526,276.31424,,,,final,,
co2.law-dome.2k,LAWDOME,0527,276.23471,,,,final,,
co2.law-dome.2k,LAWDOME,0528,276.15662,,,,final,,
co2.law-dome.2k,LAWDOME,0529,276.08078,,,,final,,
co2.law-dome.2k,LAWDOME,0530,276.00815,,,,final,,
co2.law-dome.2k,LAWDOME,0531,275.93958,,,,final,,
co2.law-dome.2k,LAWDOME,0532,275.87592,,,,final,,
co2.law-dome.2k,LAWDOME,0533,275.81805,,,,final,,
co2.law-dome.2k,LAWDOME,0534,275.76685,,,,final,,
co2.law-dome.2k,LAWDOME,0535,275.72321,,,,final,,
co2.law-dome.2k,LAWDOME,0536,275.68799,,,,final,,
co2.law-dome.2k,LAWDOME,0537,275.66208,,,,final,,
co2.law-dome.2k,LAWDOME,0538,275.64633,,,,final,,
co2.law-dome.2k,LAWDOME,0539,275.64163,,,,final,,
co2.law-dome.2k,LAWDOME,0540,275.64886,,,,final,,
co2.law-dome.2k,LAWDOME,0541,275.66888,,,,final,,
co2.law-dome.2k,LAWDOME,0542,275.70261,,,,final,,
co2.law-dome.2k,LAWDOME,0543,275.75085,,,,final,,
co2.law-dome.2k,LAWDOME,0544,275.81451,,,,final,,
co2.law-dome.2k,LAWDOME,0545,275.89447,,,,final,,
co2.law-dome.2k,LAWDOME,0546,275.99164,,,,final,,
co2.law-dome.2k,LAWDOME,0547,276.10681,,,,final,,
co2.law-dome.2k,LAWDOME,0548,276.24094,,,,final,,
co2.law-dome.2k,LAWDOME,0549,276.39484,,,,final,,
co2.law-dome.2k,LAWDOME,0550,276.56943,,,,final,,
co2.law-dome.2k,LAWDOME,0551,276.76556,,,,final,,
co2.law-dome.2k,LAWDOME,0552,276.98401,,,,final,,
co2.law-dome.2k,LAWDOME,0553,277.22104,,,,final,,
co2.law-dome.2k,LAWDOME,0554,277.46661,,,,final,,
co2.law-dome.2k,LAWDOME,0555,277.71039,,,,final,,
co2.law-dome.2k,LAWDOME,0556,277.94186,,,,final,,
co2.law-dome.2k,LAWDOME,0557,278.1507,,,,final,,
co2.law-dome.2k,LAWDOME,0558,278.32672,,,,final,,
co2.law-dome.2k,LAWDOME,0559,278.46613,,,,final,,
co2.law-dome.2k,LAWDOME,0560,278.5708,,,,final,,
co2.law-dome.2k,LAWDOME,0561,278.64288,,,,final,,
co2.law-dome.2k,LAWDOME,0562,278.68457,,,,final,,
co2.law-dome.2k,LAWDOME,0563,278.69794,,,,final,,
co2.law-dome.2k,LAWDOME,0564,278.68515,,,,final,,
co2.law-dome.2k,LAWDOME,0565,278.64838,,,,final,,
co2.law-dome.2k,LAWDOME,0566,278.58972,,,,final,,
co2.law-dome.2k,LAWDOME,0567,278.51135,,,,final,,
co2.law-dome.2k,LAWDOME,0568,278.41541,,,,final,,
co2.law-dome.2k,LAWDOME,0569,278.30402,,,,final,,
co2.law-dome.2k,LAWDOME,0570,278.17932,,,,final,,
co2.law-dome.2k,LAWDOME,0571,278.04349,,,,final,,
co2.law-dome.2k,LAWDOME,0572,277.89865,,,,final,,
co2.law-dome.2k,LAWDOME,0573,277.74692,,,,final,,
co2.law-dome.2k,LAWDOME,0574,277.59048,,,,final,,
co2.law-dome.2k,LAWDOME,0575,277.43146,,,,final,,
co2.law-dome.2k,LAWDOME,0576,277.27197,,,,final,,
co2.law-dome.2k,LAWDOME,0577,277.1142,,,,final,,
co2.law-dome.2k,LAWDOME,0578,276.96027,,,,final,,
co2.law-dome.2k,LAWDOME,0579,276.81232,,,,final,,
co2.law-dome.2k,LAWDOME,0580,276.67252,,,,final,,
co2.law-dome.2k,LAWDOME,0581,276.54297,,,,final,,
co2.law-dome.2k,LAWDOME,0582,276.42584,,,,final,,
co2.law-dome.2k,LAWDOME,0583,276.32315,,,,final,,
co2.law-dome.2k,LAWDOME,0584,276.23557,,,,final,,
co2.law-dome.2k,LAWDOME,0585,276.16254,,,,final,,
co2.law-dome.2k,LAWDOME,0586,276.10355,,,,final,,
co2.law-dome.2k,LAWDOME,0587,276.05804,,,,final,,
co2.law-dome.2k,LAWDOME,0588,276.02545,,,,final,,
co2.law-dome.2k,LAWDOME,0589,276.00528,,,,final,,
co2.law-dome.2k,LAWDOME,0590,275.99695,,,,final,,
co2.law-dome.2k,LAWDOME,0591,275.99994,,,,final,,
co2.law-dome.2k,LAWDOME,0592,276.0137,,,,final,,
co2.law-dome.2k,LAWDOME,0593,276.03769,,,,final,,
co2.law-dome.2k,LAWDOME,0594,276.07135,,,,final,,
co2.law-dome.2k,LAWDOME,0595,276.11414,,,,final,,
co2.law-dome.2k,LAWDOME,0596,276.16556,,,,final,,
co2.law-dome.2k,LAWDOME,0597,276.22501,,,,final,,
co2.law-dome.2k,LAWDOME,0598,276.29196,,,,final,,
co2.law-dome.2k,LAWDOME,0599,276.36588,,,,final,,
co2.law-dome.2k,LAWDOME,0600,276.44623,,,,final,,
co2.law-dome.2k,LAWDOME,0601,276.53247,,,,final,,
co2.law-dome.2k,LAWDOME,0602,276.62405,,,,final,,
co2.law-dome.2k,LAWDOME,0603,276.72043,,,,final,,
co2.law-dome.2k,LAWDOME,0604,276.82104,,,,final,,
co2.law-dome.2k,LAWDOME,0605,276.92535,,,,final,,
co2.law-dome.2k,LAWDOME,0606,277.03287,,,,final,,
co2.law-dome.2k,LAWDOME,0607,277.14297,,,,final,,
co2.law-dome.2k,LAWDOME,0608,277.25519,,,,final,,
co2.law-dome.2k,LAWDOME,0609,277.36893,,,,final,,
co2.law-dome.2k,LAWDOME,0610,277.48367,,,,final,,
co2.law-dome.2k,LAWDOME,0611,277.59885,,,,final,,
co2.law-dome.2k,LAWDOME,0612,277.71393,,,,final,,
co2.law-dome.2k,LAWDOME,0613,277.8284,,,,final,,
co2.law-dome.2k,LAWDOME,0614,277.94168,,,,final,,
co2.law-dome.2k,LAWDOME,0615,278.05325,,,,final,,
co2.law-dome.2k,LAWDOME,0616,278.16275,,,,final,,
co2.law-dome.2k,LAWDOME,0617,278.27002,,,,final,,
co2.law-dome.2k,LAWDOME,0618,278.37494,,,,final,,
co2.law-dome.2k,LAWDOME,0619,278.47736,,,,final,,
co2.law-dome.2k,LAWDOME,0620,278.57709,,,,final,,
co2.law-dome.2k,LAWDOME,0621,278.67398,,,,final,,
co2.law-dome.2k,LAWDOME,0622,278.76794,,,,final,,
co2.law-dome.2k,LAWDOME,0623,278.8588,,,,final,,
co2.law-dome.2k,LAWDOME,0624,278.94638,,,,final,,
co2.law-dome.2k,LAWDOME,0625,279.03055,,,,final,,
co2.law-dome.2k,LAWDOME,0626,279.11118,,,,final,,
co2.law-dome.2k,LAWDOME,0627,279.18811,,,,final,,
co2.law-dome.2k,LAWDOME,0628,279.26117,,,,final,,
co2.law-dome.2k,LAWDOME,0629,279.33026,,,,final,,
co2.law-dome.2k,LAWDOME,0630,279.39517,,,,final,,
co2.law-dome.2k,LAWDOME,0631,279.45581,,,,final,,
co2.law-dome.2k,LAWDOME,0632,279.51202,,,,final,,
co2.law-dome.2k,LAWDOME,0633,279.5636,,,,final,,
co2.law-dome.2k,LAWDOME,0634,279.61047,,,,final,,
co2.law-dome.2k,LAWDOME,0635,279.65247,,,,final,,
co2.law-dome.2k,LAWDOME,0636,279.68939,,,,final,,
co2.law-dome.2k,LAWDOME,0637,279.72116,,,,final,,
co2.law-dome.2k,LAWDOME,0638,279.74765,,,,final,,
co2.law-dome.2k,LAWDOME,0639,279.76892,,,,final,,
co2.law-dome.2k,LAWDOME,0640,279.7851,,,,final,,
co2.law-dome.2k,LAWDOME,0641,279.79633,,,,final,,
co2.law-dome.2k,LAWDOME,0642,279.80273,,,,final,,
co2.law-dome.2k,LAWDOME,0643,279.80441,,,,final,,
co2.law-dome.2k,LAWDOME,0644,279.80151,,,,final,,
co2.law-dome.2k,LAWDOME,0645,279.79416,,,,final,,
co2.law-dome.2k,LAWDOME,0646,279.78247,,,,final,,
co2.law-dome.2k,LAWDOME,0647,279.76657,,,,final,,
co2.law-dome.2k,LAWDOME,0648,279.74658,,,,final,,
co2.law-dome.2k,LAWDOME,0649,279.72266,,,,final,,
co2.law-dome.2k,LAWDOME,0650,279.69485,,,,final,,
co2.law-dome.2k,LAWDOME,0651,279.66336,,,,final,,
co2.law-dome.2k,LAWDOME,0652,279.62827,,,,final,,
co2.law-dome.2k,LAWDOME,0653,279.58972,,,,final,,
co2.law-dome.2k,LAWDOME,0654,279.54782,,,,final,,
co2.law-dome.2k,LAWDOME,0655,279.50272,,,,final,,
co2.law-dome.2k,LAWDOME,0656,279.45453,,,,final,,
co2.law-dome.2k,LAWDOME,0657,279.40335,,,,final,,
co2.law-dome.2k,LAWDOME,0658,279.34933,,,,final,,
co2.law-dome.2k,LAWDOME,0659,279.2926,,,,final,,
co2.law-dome.2k,LAWDOME,0660,279.23331,,,,final,,
co2.law-dome.2k,LAWDOME,0661,279.17151,,,,final,,
co2.law-dome.2k,LAWDOME,0662,279.10736,,,,final,,
co2.law-dome.2k,LAWDOME,0663,279.04102,,,,final,,
co2.law-dome.2k,LAWDOME,0664,278.97256,,,,final,,
co2.law-dome.2k,LAWDOME,0665,278.90213,,,,final,,
co2.law-dome.2k,LAWDOME,0666,278.82986,,,,final,,
co2.law-dome.2k,LAWDOME,0667,278.75589,,,,final,,
co2.law-dome.2k,LAWDOME,0668,278.6803,,,,final,,
co2.law-dome.2k,LAWDOME,0669,278.60321,,,,final,,
co2.law-dome.2k,LAWDOME,0670,278.52481,,,,final,,
co2.law-dome.2k,LAWDOME,0671,278.44537,,,,final,,
co2.law-dome.2k,LAWDOME,0672,278.3652,,,,final,,
co2.law-dome.2k,LAWDOME,0673,278.28467,,,,final,,
co2.law-dome.2k,LAWDOME,0674,278.2041,,,,final,,
co2.law-dome.2k,LAWDOME,0675,278.12381,,,,final,,
co2.law-dome.2k,LAWDOME,0676,278.04416,,,,final,,
co2.law-dome.2k,LAWDOME,0677,277.96545,,,,final,,
co2.law-dome.2k,LAWDOME,0678,277.88806,,,,final,,
co2.law-dome.2k,LAWDOME,0679,277.81232,,,,final,,
co2.law-dome.2k,LAWDOME,0680,277.73856,,,,final,,
co2.law-dome.2k,LAWDOME,0681,277.66708,,,,final,,
co2.law-dome.2k,LAWDOME,0682,277.5983,,,,final,,
co2.law-dome.2k,LAWDOME,0683,277.53247,,,,final,,
co2.law-dome.2k,LAWDOME,0684,277.46997,,,,final,,
co2.law-dome.2k,LAWDOME,0685,277.41113,,,,final,,
co2.law-dome.2k,LAWDOME,0686,277.35629,,,,final,,
co2.law-dome.2k,LAWDOME,0687,277.30579,,,,final,,
co2.law-dome.2k,LAWDOME,0688,277.25992,,,,final,,
co2.law-dome.2k,LAWDOME,0689,277.21909,,,,final,,
co2.law-dome.2k,LAWDOME,0690,277.18359,,,,final,,
co2.law-dome.2k,LAWDOME,0691,277.15378,,,,final,,
co2.law-dome.2k,LAWDOME,0692,277.12994,,,,final,,
co2.law-dome.2k,LAWDOME,0693,277.11249,,,,final,,
co2.law-dome.2k,LAWDOME,0694,277.10172,,,,final,,
co2.law-dome.2k,LAWDOME,0695,277.09799,,,,final,,
co2.law-dome.2k,LAWDOME,0696,277.10159,,,,final,,
co2.law-dome.2k,LAWDOME,0697,277.11288,,,,final,,
co2.law-dome.2k,LAWDOME,0698,277.13223,,,,final,,
co2.law-dome.2k,LAWDOME,0699,277.15994,,,,final,,
co2.law-dome.2k,LAWDOME,0700,277.19635,,,,final,,
co2.law-dome.2k,LAWDOME,0701,277.24182,,,,final,,
co2.law-dome.2k,LAWDOME,0702,277.2966,,,,final,,
co2.law-dome.2k,LAWDOME,0703,277.36032,,,,final,,
co2.law-dome.2k,LAWDOME,0704,277.43237,,,,final,,
co2.law-dome.2k,LAWDOME,0705,277.51212,,,,final,,
co2.law-dome.2k,LAWDOME,0706,277.59885,,,,final,,
co2.law-dome.2k,LAWDOME,0707,277.69193,,,,final,,
co2.law-dome.2k,LAWDOME,0708,277.79074,,,,final,,
co2.law-dome.2k,LAWDOME,0709,277.89459,,,,final,,
co2.law-dome.2k,LAWDOME,0710,278.00284,,,,final,,
co2.law-dome.2k,LAWDOME,0711,278.11484,,,,final,,
co2.law-dome.2k,LAWDOME,0712,278.22992,,,,final,,
co2.law-dome.2k,LAWDOME,0713,278.34744,,,,final,,
co2.law-dome.2k,LAWDOME,0714,278.46677,,,,final,,
co2.law-dome.2k,LAWDOME,0715,278.58719,,,,final,,
co2.law-dome.2k,LAWDOME,0716,278.70813,,,,final,,
co2.law-dome.2k,LAWDOME,0717,278.82886,,,,final,,
co2.law-dome.2k,LAWDOME,0718,278.94879,,,,final,,
co2.law-dome.2k,LAWDOME,0719,279.06723,,,,final,,
co2.law-dome.2k,LAWDOME,0720,279.18353,,,,final,,
co2.law-dome.2k,LAWDOME,0721,279.29706,,,,final,,
co2.law-dome.2k,LAWDOME,0722,279.40714,,,,final,,
co2.law-dome.2k,LAWDOME,0723,279.51312,,,,final,,
co2.law-dome.2k,LAWDOME,0724,279.61435,,,,final,,
co2.law-dome.2k,LAWDOME,0725,279.71021,,,,final,,
co2.law-dome.2k,LAWDOME,0726,279.79996,,,,final,,
co2.law-dome.2k,LAWDOME,0727,279.88306,,,,final,,
co2.law-dome.2k,LAWDOME,0728,279.95874,,,,final,,
co2.law-dome.2k,LAWDOME,0729,280.02646,,,,final,,
co2.law-dome.2k,LAWDOME,0730,280.08548,,,,final,,
co2.law-dome.2k,LAWDOME,0731,280.13522,,,,final,,
co2.law-dome.2k,LAWDOME,0732,280.17563,,,,final,,
co2.law-dome.2k,LAWDOME,0733,280.20718,,,,final,,
co2.law-dome.2k,LAWDOME,0734,280.23035,,,,final,,
co2.law-dome.2k,LAWDOME,0735,280.24554,,,,final,,
co2.law-dome.2k,LAWDOME,0736,280.2533,,,,final,,
co2.law-dome.2k,LAWDOME,0737,280.25403,,,,final,,
co2.law-dome.2k,LAWDOME,0738,280.24823,,,,final,,
co2.law-dome.2k,LAWDOME,0739,280.23636,,,,final,,
co2.law-dome.2k,LAWDOME,0740,280.2189,,,,final,,
co2.law-dome.2k,LAWDOME,0741,280.19629,,,,final,,
co2.law-dome.2k,LAWDOME,0742,280.16901,,,,final,,
co2.law-dome.2k,LAWDOME,0743,280.13754,,,,final,,
co2.law-dome.2k,LAWDOME,0744,280.10233,,,,final,,
co2.law-dome.2k,LAWDOME,0745,280.06384,,,,final,,
co2.law-dome.2k,LAWDOME,0746,280.02255,,,,final,,
co2.law-dome.2k,LAWDOME,0747,279.97894,,,,final,,
co2.law-dome.2k,LAWDOME,0748,279.93347,,,,final,,
co2.law-dome.2k,LAWDOME,0749,279.88657,,,,final,,
co2.law-dome.2k,LAWDOME,0750,279.83875,,,,final,,
co2.law-dome.2k,LAWDOME,0751,279.79044,,,,final,,
co2.law-dome.2k,LAWDOME,0752,279.74216,,,,final,,
co2.law-dome.2k,LAWDOME,0753,279.69431,,,,final,,
co2.law-dome.2k,LAWDOME,0754,279.6474,,,,final,,
co2.law-dome.2k,LAWDOME,0755,279.6019,,,,final,,
co2.law-dome.2k,LAWDOME,0756,279.55826,,,,final,,
co2.law-dome.2k,LAWDOME,0757,279.51697,,,,final,,
co2.law-dome.2k,LAWDOME,0758,279.47845,,,,final,,
co2.law-dome.2k,LAWDOME,0759,279.44321,,,,final,,
co2.law-dome.2k,LAWDOME,0760,279.41168,,,,final,,
co2.law-dome.2k,LAWDOME,0761,279.38437,,,,final,,
co2.law-dome.2k,LAWDOME,0762,279.36172,,,,final,,
co2.law-dome.2k,LAWDOME,0763,279.34415,,,,final,,
co2.law-dome.2k,LAWDOME,0764,279.33163,,,,final,,
co2.law-dome.2k,LAWDOME,0765,279.32385,,,,final,,
co2.law-dome.2k,LAWDOME,0766,279.3205,,,,final,,
co2.law-dome.2k,LAWDOME,0767,279.32129,,,,final,,
co2.law-dome.2k,LAWDOME,0768,279.32587,,,,final,,
co2.law-dome.2k,LAWDOME,0769,279.33392,,,,final,,
co2.law-dome.2k,LAWDOME,0770,279.34518,,,,final,,
co2.law-dome.2k,LAWDOME,0771,279.35928,,,,final,,
co2.law-dome.2k,LAWDOME,0772,279.37598,,,,final,,
co2.law-dome.2k,LAWDOME,0773,279.3949,,,,final,,
co2.law-dome.2k,LAWDOME,0774,279.41577,,,,final,,
co2.law-dome.2k,LAWDOME,0775,279.43823,,,,final,,
co2.law-dome.2k,LAWDOME,0776,279.46204,,,,final,,
co2.law-dome.2k,LAWDOME,0777,279.48682,,,,final,,
co2.law-dome.2k,LAWDOME,0778,279.5123,,,,final,,
co2.law-dome.2k,LAWDOME,0779,279.53815,,,,final,,
co2.law-dome.2k,LAWDOME,0780,279.56406,,,,final,,
co2.law-dome.2k,LAWDOME,0781,279.58972,,,,final,,
co2.law-dome.2k,LAWDOME,0782,279.61481,,,,final,,
co2.law-dome.2k,LAWDOME,0783,279.63904,,,,final,,
co2.law-dome.2k,LAWDOME,0784,279.66208,,,,final,,
co2.law-dome.2k,LAWDOME,0785,279.68362,,,,final,,
co2.law-dome.2k,LAWDOME,0786,279.70337,,,,final,,
co2.law-dome.2k,LAWDOME,0787,279.72098,,,,final,,
co2.law-dome.2k,LAWDOME,0788,279.73618,,,,final,,
co2.law-dome.2k,LAWDOME,0789,279.7486,,,,final,,
co2.law-dome.2k,LAWDOME,0790,279.758,,,,final,,
co2.law-dome.2k,LAWDOME,0791,279.76401,,,,final,,
co2.law-dome.2k,LAWDOME,0792,279.76633,,,,final,,
co2.law-dome.2k,LAWDOME,0793,279.76468,,,,final,,
co2.law-dome.2k,LAWDOME,0794,279.75879,,,,final,,
co2.law-dome.2k,LAWDOME,0795,279.74875,,,,final,,
co2.law-dome.2k,LAWDOME,0796,279.73483,,,,final,,
co2.law-dome.2k,LAWDOME,0797,279.71725,,,,final,,
co2.law-dome.2k,LAWDOME,0798,279.69626,,,,final,,
co2.law-dome.2k,LAWDOME,0799,279.67206,,,,final,,
co2.law-dome.2k,LAWDOME,0800,279.64493,,,,final,,
co2.law-dome.2k,LAWDOME,0801,279.61502,,,,final,,
co2.law-dome.2k,LAWDOME,0802,279.58264,,,,final,,
co2.law-dome.2k,LAWDOME,0803,279.548,,,,final,,
co2.law-dome.2k,LAWDOME,0804,279.51135,,,,final,,
co2.law-dome.2k,LAWDOME,0805,279.4729,,,,final,,
co2.law-dome.2k,LAWDOME,0806,279.43286,,,,final,,
co2.law-dome.2k,LAWDOME,0807,279.39151,,,,final,,
co2.law-dome.2k,LAWDOME,0808,279.34909,,,,final,,
co2.law-dome.2k,LAWDOME,0809,279.30576,,,,final,,
co2.law-dome.2k,LAWDOME,0810,279.26184,,,,final,,
co2.law-dome.2k,LAWDOME,0811,279.2175,,,,final,,
co2.law-dome.2k,LAWDOME,0812,279.173,,,,final,,
co2.law-dome.2k,LAWDOME,0813,279.12857,,,,final,,
co2.law-dome.2k,LAWDOME,0814,279.08444,,,,final,,
co2.law-dome.2k,LAWDOME,0815,279.04086,,,,final,,
co2.law-dome.2k,LAWDOME,0816,278.99805,,,,final,,
co2.law-dome.2k,LAWDOME,0817,278.95624,,,,final,,
co2.law-dome.2k,LAWDOME,0818,278.91565,,,,final,,
co2.law-dome.2k,LAWDOME,0819,278.87656,,,,final,,
co2.law-dome.2k,LAWDOME,0820,278.83914,,,,final,,
co2.law-dome.2k,LAWDOME,0821,278.80368,,,,final,,
co2.law-dome.2k,LAWDOME,0822,278.77036,,,,final,,
co2.law-dome.2k,LAWDOME,0823,278.73944,,,,final,,
co2.law-dome.2k,LAWDOME,0824,278.71097,,,,final,,
co2.law-dome.2k,LAWDOME,0825,278.68491,,,,final,,
co2.law-dome.2k,LAWDOME,0826,278.66122,,,,final,,
co2.law-dome.2k,LAWDOME,0827,278.63986,,,,final,,
co2.law-dome.2k,LAWDOME,0828,278.62079,,,,final,,
co2.law-dome.2k,LAWDOME,0829,278.60394,,,,final,,
co2.law-dome.2k,LAWDOME,0830,278.58929,,,,final,,
co2.law-dome.2k,LAWDOME,0831,278.57681,,,,final,,
co2.law-dome.2k,LAWDOME,0832,278.56647,,,,final,,
co2.law-dome.2k,LAWDOME,0833,278.5582,,,,final,,
co2.law-dome.2k,LAWDOME,0834,278.55194,,,,final,,
co2.law-dome.2k,LAWDOME,0835,278.5477,,,,final,,
co2.law-dome.2k,LAWDOME,0836,278.54538,,,,final,,
co2.law-dome.2k,LAWDOME,0837,278.54501,,,,final,,
co2.law-dome.2k,LAWDOME,0838,278.54648,,,,final,,
co2.law-dome.2k,LAWDOME,0839,278.5498,,,,final,,
co2.law-dome.2k,LAWDOME,0840,278.5549,,,,final,,
co2.law-dome.2k,LAWDOME,0841,278.56174,,,,final,,
co2.law-dome.2k,LAWDOME,0842,278.57028,,,,final,,
co2.law-dome.2k,LAWDOME,0843,278.58051,,,,final,,
co2.law-dome.2k,LAWDOME,0844,278.59235,,,,final,,
co2.law-dome.2k,LAWDOME,0845,278.60574,,,,final,,
co2.law-dome.2k,LAWDOME,0846,278.6207,,,,final,,
co2.law-dome.2k,LAWDOME,0847,278.63715,,,,final,,
co2.law-dome.2k,LAWDOME,0848,278.65506,,,,final,,
co2.law-dome.2k,LAWDOME,0849,278.67438,,,,final,,
co2.law-dome.2k,LAWDOME,0850,278.69507,,,,final,,
co2.law-dome.2k,LAWDOME,0851,278.7171,,,,final,,
co2.law-dome.2k,LAWDOME,0852,278.74042,,,,final,,
co2.law-dome.2k,LAWDOME,0853,278.76498,,,,final,,
co2.law-dome.2k,LAWDOME,0854,278.79074,,,,final,,
co2.law-dome.2k,LAWDOME,0855,278.81769,,,,final,,
co2.law-dome.2k,LAWDOME,0856,278.84576,,,,final,,
co2.law-dome.2k,LAWDOME,0857,278.87491,,,,final,,
co2.law-dome.2k,LAWDOME,0858,278.90509,,,,final,,
co2.law-dome.2k,LAWDOME,0859,278.93628,,,,final,,
co2.law-dome.2k,LAWDOME,0860,278.96841,,,,final,,
co2.law-dome.2k,LAWDOME,0861,279.00146,,,,final,,
co2.law-dome.2k,LAWDOME,0862,279.0354,,,,final,,
co2.law-dome.2k,LAWDOME,0863,279.07019,,,,final,,
co2.law-dome.2k,LAWDOME,0864,279.10574,,,,final,,
co2.law-dome.2k,LAWDOME,0865,279.14206,,,,final,,
co2.law-dome.2k,LAWDOME,0866,279.17908,,,,final,,
co2.law-dome.2k,LAWDOME,0867,279.21677,,,,final,,
co2.law-dome.2k,LAWDOME,0868,279.2551,,,,final,,
co2.law-dome.2k,LAWDOME,0869,279.29401,,,,final,,
co2.law-dome.2k,LAWDOME,0870,279.33344,,,,final,,
co2.law-dome.2k,LAWDOME,0871,279.37341,,,,final,,
co2.law-dome.2k,LAWDOME,0872,279.41382,,,,final,,
co2.law-dome.2k,LAWDOME,0873,279.45465,,,,final,,
co2.law-dome.2k,LAWDOME,0874,279.49585,,,,final,,
co2.law-dome.2k,LAWDOME,0875,279.53741,,,,final,,
co2.law-dome.2k,LAWDOME,0876,279.57925,,,,final,,
co2.law-dome.2k,LAWDOME,0877,279.62131,,,,final,,
co2.law-dome.2k,LAWDOME,0878,279.66342,,,,final,,
co2.law-dome.2k,LAWDOME,0879,279.70551,,,,final,,
co2.law-dome.2k,LAWDOME,0880,279.74741,,,,final,,
co2.law-dome.2k,LAWDOME,0881,279.789,,,,final,,
co2.law-dome.2k,LAWDOME,0882,279.83017,,,,final,,
co2.law-dome.2k,LAWDOME,0883,279.87079,,,,final,,
co2.law-dome.2k,LAWDOME,0884,279.91071,,,,final,,
co2.law-dome.2k,LAWDOME,0885,279.94986,,,,final,,
co2.law-dome.2k,LAWDOME,0886,279.98804,,,,final,,
co2.law-dome.2k,LAWDOME,0887,280.02518,,,,final,,
co2.law-dome.2k,LAWDOME,0888,280.06113,,,,final,,
co2.law-dome.2k,LAWDOME,0889,280.09576,,,,final,,
co2.law-dome.2k,LAWDOME,0890,280.12897,,,,final,,
co2.law-dome.2k,LAWDOME,0891,280.16061,,,,final,,
co2.law-dome.2k,LAWDOME,0892,280.19058,,,,final,,
co2.law-dome.2k,LAWDOME,0893,280.21869,,,,final,,
co2.law-dome.2k,LAWDOME,0894,280.2449,,,,final,,
co2.law-dome.2k,LAWDOME,0895,280.26901,,,,final,,
co2.law-dome.2k,LAWDOME,0896,280.29092,,,,final,,
co2.law-dome.2k,LAWDOME,0897,280.31052,,,,final,,
co2.law-dome.2k,LAWDOME,0898,280.3277,,,,final,,
co2.law-dome.2k,LAWDOME,0899,280.34225,,,,final,,
co2.law-dome.2k,LAWDOME,0900,280.35413,,,,final,,
co2.law-dome.2k,LAWDOME,0901,280.36319,,,,final,,
co2.law-dome.2k,LAWDOME,0902,280.36929,,,,final,,
co2.law-dome.2k,LAWDOME,0903,280.37228,,,,final,,
co2.law-dome.2k,LAWDOME,0904,280.3721,,,,final,,
co2.law-dome.2k,LAWDOME,0905,280.36859,,,,final,,
co2.law-dome.2k,LAWDOME,0906,280.3616,,,,final,,
co2.law-dome.2k,LAWDOME,0907,280.35101,,,,final,,
co2.law-dome.2k,LAWDOME,0908,280.33676,,,,final,,
co2.law-dome.2k,LAWDOME,0909,280.31863,,,,final,,
co2.law-dome.2k,LAWDOME,0910,280.29654,,,,final,,
co2.law-dome.2k,LAWDOME,0911,280.27039,,,,final,,
co2.law-dome.2k,LAWDOME,0912,280.23999,,,,final,,
co2.law-dome.2k,LAWDOME,0913,280.20526,,,,final,,
co2.law-dome.2k,LAWDOME,0914,280.16605,,,,final,,
co2.law-dome.2k,LAWDOME,0915,280.12225,,,,final,,
co2.law-dome.2k,LAWDOME,0916,280.07397,,,,final,,
co2.law-dome.2k,LAWDOME,0917,280.02145,,,,final,,
co2.law-dome.2k,LAWDOME,0918,279.96497,,,,final,,
co2.law-dome.2k,LAWDOME,0919,279.90479,,,,final,,
co2.law-dome.2k,LAWDOME,0920,279.84122,,,,final,,
co2.law-dome.2k,LAWDOME,0921,279.77444,,,,final,,
co2.law-dome.2k,LAWDOME,0922,279.70483,,,,final,,
co2.law-dome.2k,LAWDOME,0923,279.6326,,,,final,,
co2.law-dome.2k,LAWDOME,0924,279.55801,,,,final,,
co2.law-dome.2k,LAWDOME,0925,279.48135,,,,final,,
co2.law-dome.2k,LAWDOME,0926,279.40292,,,,final,,
co2.law-dome.2k,LAWDOME,0927,279.32294,,,,final,,
co2.law-dome.2k,LAWDOME,0928,279.2417,,,,final,,
co2.law-dome.2k,LAWDOME,0929,279.15948,,,,final,,
co2.law-dome.2k,LAWDOME,0930,279.07654,,,,final,,
co2.law-dome.2k,LAWDOME,0931,278.99316,,,,final,,
co2.law-dome.2k,LAWDOME,0932,278.90961,,,,final,,
co2.law-dome.2k,LAWDOME,0933,278.82614,,,,final,,
co2.law-dome.2k,LAWDOME,0934,278.74304,,,,final,,
co2.law-dome.2k,LAWDOME,0935,278.66058,,,,final,,
co2.law-dome.2k,LAWDOME,0936,278.57901,,,,final,,
co2.law-dome.2k,LAWDOME,0937,278.49863,,,,final,,
co2.law-dome.2k,LAWDOME,0938,278.41971,,,,final,,
co2.law-dome.2k,LAWDOME,0939,278.34247,,,,final,,
co2.law-dome.2k,LAWDOME,0940,278.26724,,,,final,,
co2.law-dome.2k,LAWDOME,0941,278.19427,,,,final,,
co2.law-dome.2k,LAWDOME,0942,278.12384,,,,final,,
co2.law-dome.2k,LAWDOME,0943,278.05621,,,,final,,
co2.law-dome.2k,LAWDOME,0944,277.99164,,,,final,,
co2.law-dome.2k,LAWDOME,0945,277.93039,,,,final,,
co2.law-dome.2k,LAWDOME,0946,277.87277,,,,final,,
co2.law-dome.2k,LAWDOME,0947,277.81903,,,,final,,
co2.law-dome.2k,LAWDOME,0948,277.76944,,,,final,,
co2.law-dome.2k,LAWDOME,0949,277.7243,,,,final,,
co2.law-dome.2k,LAWDOME,0950,277.68381,,,,final,,
co2.law-dome.2k,LAWDOME,0951,277.64832,,,,final,,
co2.law-dome.2k,LAWDOME,0952,277.61804,,,,final,,
co2.law-dome.2k,LAWDOME,0953,277.59326,,,,final,,
co2.law-dome.2k,LAWDOME,0954,277.57428,,,,final,,
co2.law-dome.2k,LAWDOME,0955,277.56134,,,,final,,
co2.law-dome.2k,LAWDOME,0956,277.55469,,,,final,,
co2.law-dome.2k,LAWDOME,0957,277.55466,,,,final,,
co2.law-dome.2k,LAWDOME,0958,277.56146,,,,final,,
co2.law-dome.2k,LAWDOME,0959,277.57513,,,,final,,
co2.law-dome.2k,LAWDOME,0960,277.59525,,,,final,,
co2.law-dome.2k,LAWDOME,0961,277.62143,,,,final,,
co2.law-dome.2k,LAWDOME,0962,277.65323,,,,final,,
co2.law-dome.2k,LAWDOME,0963,277.69025,,,,final,,
co2.law-dome.2k,LAWDOME,0964,277.73206,,,,final,,
co2.law-dome.2k,LAWDOME,0965,277.77826,,,,final,,
co2.law-dome.2k,LAWDOME,0966,277.8284,,,,final,,
co2.law-dome.2k,LAWDOME,0967,277.88205,,,,final,,
co2.law-dome.2k,LAWDOME,0968,277.93884,,,,final,,
co2.law-dome.2k,LAWDOME,0969,277.99832,,,,final,,
co2.law-dome.2k,LAWDOME,0970,278.06009,,,,final,,
co2.law-dome.2k,LAWDOME,0971,278.12369,,,,final,,
co2.law-dome.2k,LAWDOME,0972,278.18875,,,,final,,
co2.law-dome.2k,LAWDOME,0973,278.25482,,,,final,,
co2.law-dome.2k,LAWDOME,0974,278.3215,,,,final,,
co2.law-dome.2k,LAWDOME,0975,278.38837,,,,final,,
co2.law-dome.2k,LAWDOME,0976,278.45499,,,,final,,
co2.law-dome.2k,LAWDOME,0977,278.52097,,,,final,,
co2.law-dome.2k,LAWDOME,0978,278.58585,,,,final,,
co2.law-dome.2k,LAWDOME,0979,278.64926,,,,final,,
co2.law-dome.2k,LAWDOME,0980,278.71075,,,,final,,
co2.law-dome.2k,LAWDOME,0981,278.7699,,,,final,,
co2.law-dome.2k,LAWDOME,0982,278.82629,,,,final,,
co2.law-dome.2k,LAWDOME,0983,278.87955,,,,final,,
co2.law-dome.2k,LAWDOME,0984,278.92944,,,,final,,
co2.law-dome.2k,LAWDOME,0985,278.97614,,,,final,,
co2.law-dome.2k,LAWDOME,0986,279.01981,,,,final,,
co2.law-dome.2k,LAWDOME,0987,279.06067,,,,final,,
co2.law-dome.2k,LAWDOME,0988,279.09885,,,,final,,
co2.law-dome.2k,LAWDOME,0989,279.13458,,,,final,,
co2.law-dome.2k,LAWDOME,0990,279.16806,,,,final,,
co2.law-dome.2k,LAWDOME,0991,279.1994,,,,final,,
co2.law-dome.2k,LAWDOME,0992,279.22882,,,,final,,
co2.law-dome.2k,LAWDOME,0993,279.25653,,,,final,,
co2.law-dome.2k,LAWDOME,0994,279.28268,,,,final,,
co2.law-dome.2k,LAWDOME,0995,279.30746,,,,final,,
co2.law-dome.2k,LAWDOME,0996,279.33102,,,,final,,
co2.law-dome.2k,LAWDOME,0997,279.35361,,,,final,,
co2.law-dome.2k,LAWDOME,0998,279.37537,,,,final,,
co2.law-dome.2k,LAWDOME,0999,279.39648,,,,final,,
co2.law-dome.2k,LAWDOME,1000,279.41714,,,,final,,
co2.law-dome.2k,LAWDOME,1001,279.43753,,,,final,,
co2.law-dome.2k,LAWDOME,1002,279.45779,,,,final,,
co2.law-dome.2k,LAWDOME,1003,279.47818,,,,final,,
co2.law-dome.2k,LAWDOME,1004,279.49884,,,,final,,
co2.law-dome.2k,LAWDOME,1005,279.51993,,,,final,,
co2.law-dome.2k,LAWDOME,1006,279.54166,,,,final,,
co2.law-dome.2k,LAWDOME,1007,279.56421,,,,final,,
co2.law-dome.2k,LAWDOME,1008,279.58777,,,,final,,
co2.law-dome.2k,LAWDOME,1009,279.61252,,,,final,,
co2.law-dome.2k,LAWDOME,1010,279.63861,,,,final,,
co2.law-dome.2k,LAWDOME,1011,279.66629,,,,final,,
co2.law-dome.2k,LAWDOME,1012,279.69565,,,,final,,
co2.law-dome.2k,LAWDOME,1013,279.72696,,,,final,,
co2.law-dome.2k,LAWDOME,1014,279.76035,,,,final,,
co2.law-dome.2k,LAWDOME,1015,279.79602,,,,final,,
co2.law-dome.2k,LAWDOME,1016,279.83417,,,,final,,
co2.law-dome.2k,LAWDOME,1017,279.87494,,,,final,,
co2.law-dome.2k,LAWDOME,1018,279.91855,,,,final,,
co2.law-dome.2k,LAWDOME,1019,279.96536,,,,final,,
co2.law-dome.2k,LAWDOME,1020,280.01584,,,,final,,
co2.law-dome.2k,LAWDOME,1021,280.06979,,,,final,,
co2.law-dome.2k,LAWDOME,1022,280.12671,,,,final,,
co2.law-dome.2k,LAWDOME,1023,280.18594,,,,final,,
co2.law-dome.2k,LAWDOME,1024,280.24698,,,,final,,
co2.law-dome.2k,LAWDOME,1025,280.3092,,,,final,,
co2.law-dome.2k,LAWDOME,1026,280.37204,,,,final,,
co2.law-dome.2k,LAWDOME,1027,280.43497,,,,final,,
co2.law-dome.2k,LAWDOME,1028,280.49734,,,,final,,
co2.law-dome.2k,LAWDOME,1029,280.55865,,,,final,,
co2.law-dome.2k,LAWDOME,1030,280.61829,,,,final,,
co2.law-dome.2k,LAWDOME,1031,280.67566,,,,final,,
co2.law-dome.2k,LAWDOME,1032,280.73026,,,,final,,
co2.law-dome.2k,LAWDOME,1033,280.78143,,,,final,,
co2.law-dome.2k,LAWDOME,1034,280.82867,,,,final,,
co2.law-dome.2k,LAWDOME,1035,280.87137,,,,final,,
co2.law-dome.2k,LAWDOME,1036,280.90894,,,,final,,
co2.law-dome.2k,LAWDOME,1037,280.94086,,,,final,,
co2.law-dome.2k,LAWDOME,1038,280.96649,,,,final,,
co2.law-dome.2k,LAWDOME,1039,280.98532,,,,final,,
co2.law-dome.2k,LAWDOME,1040,280.99673,,,,final,,
co2.law-dome.2k,LAWDOME,1041,281.00055,,,,final,,
co2.law-dome.2k,LAWDOME,1042,280.9985,,,,final,,
co2.law-dome.2k,LAWDOME,1043,280.99286,,,,final,,
co2.law-dome.2k,LAWDOME,1044,280.98602,,,,final,,
co2.law-dome.2k,LAWDOME,1045,280.98026,,,,final,,
co2.law-dome.2k,LAWDOME,1046,280.97794,,,,final,,
co2.law-dome.2k,LAWDOME,1047,280.98135,,,,final,,
co2.law-dome.2k,LAWDOME,1048,280.99283,,,,final,,
co2.law-dome.2k,LAWDOME,1049,281.01474,,,,final,,
co2.law-dome.2k,LAWDOME,1050,281.04904,,,,final,,
co2.law-dome.2k,LAWDOME,1051,281.09564,,,,final,,
co2.law-dome.2k,LAWDOME,1052,281.1535,,,,final,,
co2.law-dome.2k,LAWDOME,1053,281.22159,,,,final,,
co2.law-dome.2k,LAWDOME,1054,281.29883,,,,final,,
co2.law-dome.2k,LAWDOME,1055,281.38422,,,,final,,
co2.law-dome.2k,LAWDOME,1056,281.47675,,,,final,,
co2.law-dome.2k,LAWDOME,1057,281.57532,,,,final,,
co2.law-dome.2k,LAWDOME,1058,281.67889,,,,final,,
co2.law-dome.2k,LAWDOME,1059,281.7865,,,,final,,
co2.law-dome.2k,LAWDOME,1060,281.89703,,,,final,,
co2.law-dome.2k,LAWDOME,1061,282.00949,,,,final,,
co2.law-dome.2k,LAWDOME,1062,282.12283,,,,final,,
co2.law-dome.2k,LAWDOME,1063,282.23599,,,,final,,
co2.law-dome.2k,LAWDOME,1064,282.34796,,,,final,,
co2.law-dome.2k,LAWDOME,1065,282.4577,,,,final,,
co2.law-dome.2k,LAWDOME,1066,282.56415,,,,final,,
co2.law-dome.2k,LAWDOME,1067,282.66629,,,,final,,
co2.law-dome.2k,LAWDOME,1068,282.76309,,,,final,,
co2.law-dome.2k,LAWDOME,1069,282.85352,,,,final,,
co2.law-dome.2k,LAWDOME,1070,282.93649,,,,final,,
co2.law-dome.2k,LAWDOME,1071,283.01111,,,,final,,
co2.law-dome.2k,LAWDOME,1072,283.07736,,,,final,,
co2.law-dome.2k,LAWDOME,1073,283.13559,,,,final,,
co2.law-dome.2k,LAWDOME,1074,283.18613,,,,final,,
co2.law-dome.2k,LAWDOME,1075,283.22937,,,,final,,
co2.law-dome.2k,LAWDOME,1076,283.26566,,,,final,,
co2.law-dome.2k,LAWDOME,1077,283.29532,,,,final,,
co2.law-dome.2k,LAWDOME,1078,283.31879,,,,final,,
co2.law-dome.2k,LAWDOME,1079,283.33636,,,,final,,
co2.law-dome.2k,LAWDOME,1080,283.34842,,,,final,,
co2.law-dome.2k,LAWDOME,1081,283.35532,,,,final,,
co2.law-dome.2k,LAWDOME,1082,283.35739,,,,final,,
co2.law-dome.2k,LAWDOME,1083,283.35504,,,,final,,
co2.law-dome.2k,LAWDOME,1084,283.3486,,,,final,,
co2.law-dome.2k,LAWDOME,1085,283.33841,,,,final,,
co2.law-dome.2k,LAWDOME,1086,283.32486,,,,final,,
co2.law-dome.2k,LAWDOME,1087,283.30832,,,,final,,
co2.law-dome.2k,LAWDOME,1088,283.28909,,,,final,,
co2.law-dome.2k,LAWDOME,1089,283.26758,,,,final,,
co2.law-dome.2k,LAWDOME,1090,283.24414,,,,final,,
co2.law-dome.2k,LAWDOME,1091,283.21912,,,,final,,
co2.law-dome.2k,LAWDOME,1092,283.19287,,,,final,,
co2.law-dome.2k,LAWDOME,1093,283.16577,,,,final,,
co2.law-dome.2k,LAWDOME,1094,283.13815,,,,final,,
co2.law-dome.2k,LAWDOME,1095,283.11038,,,,final,,
co2.law-dome.2k,LAWDOME,1096,283.08286,,,,final,,
co2.law-dome.2k,LAWDOME,1097,283.05588,,,,final,,
co2.law-dome.2k,LAWDOME,1098,283.02982,,,,final,,
co2.law-dome.2k,LAWDOME,1099,283.00507,,,,final,,
co2.law-dome.2k,LAWDOME,1100,282.98193,,,,final,,
co2.law-dome.2k,LAWDOME,1101,282.96069,,,,final,,
co2.law-dome.2k,LAWDOME,1102,282.94153,,,,final,,
co2.law-dome.2k,LAWDOME,1103,282.92459,,,,final,,
co2.law-dome.2k,LAWDOME,1104,282.91006,,,,final,,
co2.law-dome.2k,LAWDOME,1105,282.8981,,,,final,,
co2.law-dome.2k,LAWDOME,1106,282.88889,,,,final,,
co2.law-dome.2k,LAWDOME,1107,282.88257,,,,final,,
co2.law-dome.2k,LAWDOME,1108,282.87933,,,,final,,
co2.law-dome.2k,LAWDOME,1109,282.87936,,,,final,,
co2.law-dome.2k,LAWDOME,1110,282.88281,,,,final,,
co2.law-dome.2k,LAWDOME,1111,282.88986,,,,final,,
co2.law-dome.2k,LAWDOME,1112,282.9007,,,,final,,
co2.law-dome.2k,LAWDOME,1113,282.91544,,,,final,,
co2.law-dome.2k,LAWDOME,1114,282.93427,,,,final,,
co2.law-dome.2k,LAWDOME,1115,282.9574,,,,final,,
co2.law-dome.2k,LAWDOME,1116,282.98495,,,,final,,
co2.law-dome.2k,LAWDOME,1117,283.01706,,,,final,,
co2.law-dome.2k,LAWDOME,1118,283.05338,,,,final,,
co2.law-dome.2k,LAWDOME,1119,283.0936,,,,final,,
co2.law-dome.2k,LAWDOME,1120,283.13736,,,,final,,
co2.law-dome.2k,LAWDOME,1121,283.18433,,,,final,,
co2.law-dome.2k,LAWDOME,1122,283.23413,,,,final,,
co2.law-dome.2k,LAWDOME,1123,283.28647,,,,final,,
co2.law-dome.2k,LAWDOME,1124,283.34097,,,,final,,
co2.law-dome.2k,LAWDOME,1125,283.39731,,,,final,,
co2.law-dome.2k,LAWDOME,1126,283.45514,,,,final,,
co2.law-dome.2k,LAWDOME,1127,283.51407,,,,final,,
co2.law-dome.2k,LAWDOME,1128,283.57379,,,,final,,
co2.law-dome.2k,LAWDOME,1129,283.63397,,,,final,,
co2.law-dome.2k,LAWDOME,1130,283.69424,,,,final,,
co2.law-dome.2k,LAWDOME,1131,283.75427,,,,final,,
co2.law-dome.2k,LAWDOME,1132,283.81372,,,,final,,
co2.law-dome.2k,LAWDOME,1133,283.87219,,,,final,,
co2.law-dome.2k,LAWDOME,1134,283.92941,,,,final,,
co2.law-dome.2k,LAWDOME,1135,283.98502,,,,final,,
co2.law-dome.2k,LAWDOME,1136,284.03864,,,,final,,
co2.law-dome.2k,LAWDOME,1137,284.08994,,,,final,,
co2.law-dome.2k,LAWDOME,1138,284.13858,,,,final,,
co2.law-dome.2k,LAWDOME,1139,284.1842,,,,final,,
co2.law-dome.2k,LAWDOME,1140,284.22647,,,,final,,
co2.law-dome.2k,LAWDOME,1141,284.26508,,,,final,,
co2.law-dome.2k,LAWDOME,1142,284.29959,,,,final,,
co2.law-dome.2k,LAWDOME,1143,284.32974,,,,final,,
co2.law-dome.2k,LAWDOME,1144,284.35516,,,,final,,
co2.law-dome.2k,LAWDOME,1145,284.37552,,,,final,,
co2.law-dome.2k,LAWDOME,1146,284.39044,,,,final,,
co2.law-dome.2k,LAWDOME,1147,284.39966,,,,final,,
co2.law-dome.2k,LAWDOME,1148,284.40335,,,,final,,
co2.law-dome.2k,LAWDOME,1149,284.40207,,,,final,,
co2.law-dome.2k,LAWDOME,1150,284.3963,,,,final,,
co2.law-dome.2k,LAWDOME,1151,284.38657,,,,final,,
co2.law-dome.2k,LAWDOME,1152,284.37341,,,,final,,
co2.law-dome.2k,LAWDOME,1153,284.35727,,,,final,,
co2.law-dome.2k,LAWDOME,1154,284.33871,,,,final,,
co2.law-dome.2k,LAWDOME,1155,284.31827,,,,final,,
co2.law-dome.2k,LAWDOME,1156,284.29639,,,,final,,
co2.law-dome.2k,LAWDOME,1157,284.27362,,,,final,,
co2.law-dome.2k,LAWDOME,1158,284.25049,,,,final,,
co2.law-dome.2k,LAWDOME,1159,284.22751,,,,final,,
co2.law-dome.2k,LAWDOME,1160,284.20514,,,,final,,
co2.law-dome.2k,LAWDOME,1161,284.18396,,,,final,,
co2.law-dome.2k,LAWDOME,1162,284.16443,,,,final,,
co2.law-dome.2k,LAWDOME,1163,284.14709,,,,final,,
co2.law-dome.2k,LAWDOME,1164,284.13245,,,,final,,
co2.law-dome.2k,LAWDOME,1165,284.12103,,,,final,,
co2.law-dome.2k,LAWDOME,1166,284.11331,,,,final,,
co2.law-dome.2k,LAWDOME,1167,284.10971,,,,final,,
co2.law-dome.2k,LAWDOME,1168,284.11002,,,,final,,
co2.law-dome.2k,LAWDOME,1169,284.11395,,,,final,,
co2.law-dome.2k,LAWDOME,1170,284.12122,,,,final,,
co2.law-dome.2k,LAWDOME,1171,284.1315,,,,final,,
co2.law-dome.2k,LAWDOME,1172,284.14456,,,,final,,
co2.law-dome.2k,LAWDOME,1173,284.16003,,,,final,,
co2.law-dome.2k,LAWDOME,1174,284.17764,,,,final,,
co2.law-dome.2k,LAWDOME,1175,284.19711,,,,final,,
co2.law-dome.2k,LAWDOME,1176,284.21814,,,,final,,
co2.law-dome.2k,LAWDOME,1177,284.24042,,,,final,,
co2.law-dome.2k,LAWDOME,1178,284.26364,,,,final,,
co2.law-dome.2k,LAWDOME,1179,284.28754,,,,final,,
co2.law-dome.2k,LAWDOME,1180,284.3118,,,,final,,
co2.law-dome.2k,LAWDOME,1181,284.33615,,,,final,,
co2.law-dome.2k,LAWDOME,1182,284.36026,,,,final,,
co2.law-dome.2k,LAWDOME,1183,284.38385,,,,final,,
co2.law-dome.2k,LAWDOME,1184,284.40662,,,,final,,
co2.law-dome.2k,LAWDOME,1185,284.42825,,,,final,,
co2.law-dome.2k,LAWDOME,1186,284.44849,,,,final,,
co2.law-dome.2k,LAWDOME,1187,284.46701,,,,final,,
co2.law-dome.2k,LAWDOME,1188,284.48355,,,,final,,
co2.law-dome.2k,LAWDOME,1189,284.49777,,,,final,,
co2.law-dome.2k,LAWDOME,1190,284.5094,,,,final,,
co2.law-dome.2k,LAWDOME,1191,284.51813,,,,final,,
co2.law-dome.2k,LAWDOME,1192,284.52365,,,,final,,
co2.law-dome.2k,LAWDOME,1193,284.52573,,,,final,,
co2.law-dome.2k,LAWDOME,1194,284.52399,,,,final,,
co2.law-dome.2k,LAWDOME,1195,284.51819,,,,final,,
co2.law-dome.2k,LAWDOME,1196,284.508,,,,final,,
co2.law-dome.2k,LAWDOME,1197,284.49313,,,,final,,
co2.law-dome.2k,LAWDOME,1198,284.4733,,,,final,,
co2.law-dome.2k,LAWDOME,1199,284.44821,,,,final,,
co2.law-dome.2k,LAWDOME,1200,284.41757,,,,final,,
co2.law-dome.2k,LAWDOME,1201,284.38129,,,,final,,
co2.law-dome.2k,LAWDOME,1202,284.33987,,,,final,,
co2.law-dome.2k,LAWDOME,1203,284.29388,,,,final,,
co2.law-dome.2k,LAWDOME,1204,284.24384,,,,final,,
co2.law-dome.2k,LAWDOME,1205,284.19031,,,,final,,
co2.law-dome.2k,LAWDOME,1206,284.13388,,,,final,,
co2.law-dome.2k,LAWDOME,1207,284.07504,,,,final,,
co2.law-dome.2k,LAWDOME,1208,284.0144,,,,final,,
co2.law-dome.2k,LAWDOME,1209,283.95251,,,,final,,
co2.law-dome.2k,LAWDOME,1210,283.88989,,,,final,,
co2.law-dome.2k,LAWDOME,1211,283.82712,,,,final,,
co2.law-dome.2k,LAWDOME,1212,283.76465,,,,final,,
co2.law-dome.2k,LAWDOME,1213,283.70261,,,,final,,
co2.law-dome.2k,LAWDOME,1214,283.64111,,,,final,,
co2.law-dome.2k,LAWDOME,1215,283.5802,,,,final,,
co2.law-dome.2k,LAWDOME,1216,283.51993,,,,final,,
co2.law-dome.2k,LAWDOME,1217,283.46039,,,,final,,
co2.law-dome.2k,LAWDOME,1218,283.40167,,,,final,,
co2.law-dome.2k,LAWDOME,1219,283.34381,,,,final,,
co2.law-dome.2k,LAWDOME,1220,283.2869,,,,final,,
co2.law-dome.2k,LAWDOME,1221,283.23099,,,,final,,
co2.law-dome.2k,LAWDOME,1222,283.17615,,,,final,,
co2.law-dome.2k,LAWDOME,1223,283.1225,,,,final,,
co2.law-dome.2k,LAWDOME,1224,283.07004,,,,final,,
co2.law-dome.2k,LAWDOME,1225,283.01889,,,,final,,
co2.law-dome.2k,LAWDOME,1226,282.96912,,,,final,,
co2.law-dome.2k,LAWDOME,1227,282.92075,,,,final,,
co2.law-dome.2k,LAWDOME,1228,282.8739,,,,final,,
co2.law-dome.2k,LAWDOME,1229,282.82864,,,,final,,
co2.law-dome.2k,LAWDOME,1230,282.78503,,,,final,,
co2.law-dome.2k,LAWDOME,1231,282.74313,,,,final,,
co2.law-dome.2k,LAWDOME,1232,282.70303,,,,final,,
co2.law-dome.2k,LAWDOME,1233,282.66479,,,,final,,
co2.law-dome.2k,LAWDOME,1234,282.62848,,,,final,,
co2.law-dome.2k,LAWDOME,1235,282.59418,,,,final,,
co2.law-dome.2k,LAWDOME,1236,282.56195,,,,final,,
co2.law-dome.2k,LAWDOME,1237,282.53186,,,,final,,
co2.law-dome.2k,LAWDOME,1238,282.50397,,,,final,,
co2.law-dome.2k,LAWDOME,1239,282.47836,,,,final,,
co2.law-dome.2k,LAWDOME,1240,282.45514,,,,final,,
co2.law-dome.2k,LAWDOME,1241,282.43433,,,,final,,
co2.law-dome.2k,LAWDOME,1242,282.41602,,,,final,,
co2.law-dome.2k,LAWDOME,1243,282.40027,,,,final,,
co2.law-dome.2k,LAWDOME,1244,282.38715,,,,final,,
co2.law-dome.2k,LAWDOME,1245,282.37677,,,,final,,
co2.law-dome.2k,LAWDOME,1246,282.36914,,,,final,,
co2.law-dome.2k,LAWDOME,1247,282.36438,,,,final,,
co2.law-dome.2k,LAWDOME,1248,282.36252,,,,final,,
co2.law-dome.2k,LAWDOME,1249,282.36368,,,,final,,
co2.law-dome.2k,LAWDOME,1250,282.36789,,,,final,,
co2.law-dome.2k,LAWDOME,1251,282.37521,,,,final,,
co2.law-dome.2k,LAWDOME,1252,282.3855,,,,final,,
co2.law-dome.2k,LAWDOME,1253,282.39624,,,,final,,
co2.law-dome.2k,LAWDOME,1254,282.40366,,,,final,,
co2.law-dome.2k,LAWDOME,1255,282.40396,,,,final,,
co2.law-dome.2k,LAWDOME,1256,282.39337,,,,final,,
co2.law-dome.2k,LAWDOME,1257,282.3681,,,,final,,
co2.law-dome.2k,LAWDOME,1258,282.32434,,,,final,,
co2.law-dome.2k,LAWDOME,1259,282.25833,,,,final,,
co2.law-dome.2k,LAWDOME,1260,282.16641,,,,final,,
co2.law-dome.2k,LAWDOME,1261,282.048,,,,final,,
co2.law-dome.2k,LAWDOME,1262,281.90579,,,,final,,
co2.law-dome.2k,LAWDOME,1263,281.74255,,,,final,,
co2.law-dome.2k,LAWDOME,1264,281.56104,,,,final,,
co2.law-dome.2k,LAWDOME,1265,281.36404,,,,final,,
co2.law-dome.2k,LAWDOME,1266,281.15436,,,,final,,
co2.law-dome.2k,LAWDOME,1267,280.93475,,,,final,,
co2.law-dome.2k,LAWDOME,1268,280.70804,,,,final,,
co2.law-dome.2k,LAWDOME,1269,280.47699,,,,final,,
co2.law-dome.2k,LAWDOME,1270,280.24438,,,,final,,
co2.law-dome.2k,LAWDOME,1271,280.013,,,,final,,
co2.law-dome.2k,LAWDOME,1272,279.78561,,,,final,,
co2.law-dome.2k,LAWDOME,1273,279.56506,,,,final,,
co2.law-dome.2k,LAWDOME,1274,279.35406,,,,final,,
co2.law-dome.2k,LAWDOME,1275,279.15543,,,,final,,
co2.law-dome.2k,LAWDOME,1276,278.97195,,,,final,,
co2.law-dome.2k,LAWDOME,1277,278.8064,,,,final,,
co2.law-dome.2k,LAWDOME,1278,278.66156,,,,final,,
co2.law-dome.2k,LAWDOME,1279,278.53989,,,,final,,
co2.law-dome.2k,LAWDOME,1280,278.44165,,,,final,,
co2.law-dome.2k,LAWDOME,1281,278.36597,,,,final,,
co2.law-dome.2k,LAWDOME,1282,278.31201,,,,final,,
co2.law-dome.2k,LAWDOME,1283,278.27902,,,,final,,
co2.law-dome.2k,LAWDOME,1284,278.26611,,,,final,,
co2.law-dome.2k,LAWDOME,1285,278.27246,,,,final,,
co2.law-dome.2k,LAWDOME,1286,278.2973,,,,final,,
co2.law-dome.2k,LAWDOME,1287,278.33975,,,,final,,
co2.law-dome.2k,LAWDOME,1288,278.39899,,,,final,,
co2.law-dome.2k,LAWDOME,1289,278.47424,,,,final,,
co2.law-dome.2k,LAWDOME,1290,278.56464,,,,final,,
co2.law-dome.2k,LAWDOME,1291,278.66937,,,,final,,
co2.law-dome.2k,LAWDOME,1292,278.78763,,,,final,,
co2.law-dome.2k,LAWDOME,1293,278.91855,,,,final,,
co2.law-dome.2k,LAWDOME,1294,279.06137,,,,final,,
co2.law-dome.2k,LAWDOME,1295,279.21521,,,,final,,
co2.law-dome.2k,LAWDOME,1296,279.37924,,,,final,,
co2.law-dome.2k,LAWDOME,1297,279.5527,,,,final,,
co2.law-dome.2k,LAWDOME,1298,279.73474,,,,final,,
co2.law-dome.2k,LAWDOME,1299,279.9245,,,,final,,
co2.law-dome.2k,LAWDOME,1300,280.12119,,,,final,,
co2.law-dome.2k,LAWDOME,1301,280.32397,,,,final,,
co2.law-dome.2k,LAWDOME,1302,280.53204,,,,final,,
co2.law-dome.2k,LAWDOME,1303,280.74454,,,,final,,
co2.law-dome.2k,LAWDOME,1304,280.96069,,,,final,,
co2.law-dome.2k,LAWDOME,1305,281.17963,,,,final,,
co2.law-dome.2k,LAWDOME,1306,281.40054,,,,final,,
co2.law-dome.2k,LAWDOME,1307,281.62262,,,,final,,
co2.law-dome.2k,LAWDOME,1308,281.84503,,,,final,,
co2.law-dome.2k,LAWDOME,1309,282.06656,,,,final,,
co2.law-dome.2k,LAWDOME,1310,282.28577,,,,final,,
co2.law-dome.2k,LAWDOME,1311,282.50116,,,,final,,
co2.law-dome.2k,LAWDOME,1312,282.71124,,,,final,,
co2.law-dome.2k,LAWDOME,1313,282.91455,,,,final,,
co2.law-dome.2k,LAWDOME,1314,283.10962,,,,final,,
co2.law-dome.2k,LAWDOME,1315,283.29495,,,,final,,
co2.law-dome.2k,LAWDOME,1316,283.46909,,,,final,,
co2.law-dome.2k,LAWDOME,1317,283.63052,,,,final,,
co2.law-dome.2k,LAWDOME,1318,283.77777,,,,final,,
co2.law-dome.2k,LAWDOME,1319,283.90936,,,,final,,
co2.law-dome.2k,LAWDOME,1320,284.02383,,,,final,,
co2.law-dome.2k,LAWDOME,1321,284.11969,,,,final,,
co2.law-dome.2k,LAWDOME,1322,284.19543,,,,final,,
co2.law-dome.2k,LAWDOME,1323,284.2496,,,,final,,
co2.law-dome.2k,LAWDOME,1324,284.28073,,,,final,,
co2.law-dome.2k,LAWDOME,1325,284.28732,,,,final,,
co2.law-dome.2k,LAWDOME,1326,284.26791,,,,final,,
co2.law-dome.2k,LAWDOME,1327,284.22098,,,,final,,
co2.law-dome.2k,LAWDOME,1328,284.14508,,,,final,,
co2.law-dome.2k,LAWDOME,1329,284.03873,,,,final,,
co2.law-dome.2k,LAWDOME,1330,283.90042,,,,final,,
co2.law-dome.2k,LAWDOME,1331,283.72925,,,,final,,
co2.law-dome.2k,LAWDOME,1332,283.52737,,,,final,,
co2.law-dome.2k,LAWDOME,1333,283.29797,,,,final,,
co2.law-dome.2k,LAWDOME,1334,283.04437,,,,final,,
co2.law-dome.2k,LAWDOME,1335,282.76981,,,,final,,
co2.law-dome.2k,LAWDOME,1336,282.47751,,,,final,,
co2.law-dome.2k,LAWDOME,1337,282.17072,,,,final,,
co2.law-dome.2k,LAWDOME,1338,281.85275,,,,final,,
co2.law-dome.2k,LAWDOME,1339,281.52679,,,,final,,
co2.law-dome.2k,LAWDOME,1340,281.19614,,,,final,,
co2.law-dome.2k,LAWDOME,1341,280.86401,,,,final,,
co2.law-dome.2k,LAWDOME,1342,280.53369,,,,final,,
co2.law-dome.2k,LAWDOME,1343,280.2084,,,,final,,
co2.law-dome.2k,LAWDOME,1344,279.89145,,,,final,,
co2.law-dome.2k,LAWDOME,1345,279.58603,,,,final,,
co2.law-dome.2k,LAWDOME,1346,279.29541,,,,final,,
co2.law-dome.2k,LAWDOME,1347,279.02286,,,,final,,
co2.law-dome.2k,LAWDOME,1348,278.77161,,,,final,,
co2.law-dome.2k,LAWDOME,1349,278.54492,,,,final,,
co2.law-dome.2k,LAWDOME,1350,278.34497,,,,final,,
co2.law-dome.2k,LAWDOME,1351,278.17117,,,,final,,
co2.law-dome.2k,LAWDOME,1352,278.02252,,,,final,,
co2.law-dome.2k,LAWDOME,1353,277.89795,,,,final,,
co2.law-dome.2k,LAWDOME,1354,277.79648,,,,final,,
co2.law-dome.2k,LAWDOME,1355,277.71704,,,,final,,
co2.law-dome.2k,LAWDOME,1356,277.65863,,,,final,,
co2.law-dome.2k,LAWDOME,1357,277.62024,,,,final,,
co2.law-dome.2k,LAWDOME,1358,277.60083,,,,final,,
co2.law-dome.2k,LAWDOME,1359,277.5994,,,,final,,
co2.law-dome.2k,LAWDOME,1360,277.61487,,,,final,,
co2.law-dome.2k,LAWDOME,1361,277.64627,,,,final,,
co2.law-dome.2k,LAWDOME,1362,277.69257,,,,final,,
co2.law-dome.2k,LAWDOME,1363,277.75272,,,,final,,
co2.law-dome.2k,LAWDOME,1364,277.82571,,,,final,,
co2.law-dome.2k,LAWDOME,1365,277.91052,,,,final,,
co2.law-dome.2k,LAWDOME,1366,278.00613,,,,final,,
co2.law-dome.2k,LAWDOME,1367,278.11151,,,,final,,
co2.law-dome.2k,LAWDOME,1368,278.22562,,,,final,,
co2.law-dome.2k,LAWDOME,1369,278.34744,,,,final,,
co2.law-dome.2k,LAWDOME,1370,278.47598,,,,final,,
co2.law-dome.2k,LAWDOME,1371,278.6102,,,,final,,
co2.law-dome.2k,LAWDOME,1372,278.74905,,,,final,,
co2.law-dome.2k,LAWDOME,1373,278.89151,,,,final,,
co2.law-dome.2k,LAWDOME,1374,279.03659,,,,final,,
co2.law-dome.2k,LAWDOME,1375,279.18326,,,,final,,
co2.law-dome.2k,LAWDOME,1376,279.33047,,,,final,,
co2.law-dome.2k,LAWDOME,1377,279.4772,,,,final,,
co2.law-dome.2k,LAWDOME,1378,279.62247,,,,final,,
co2.law-dome.2k,LAWDOME,1379,279.7652,,,,final,,
co2.law-dome.2k,LAWDOME,1380,279.90439,,,,final,,
co2.law-dome.2k,LAWDOME,1381,280.039,,,,final,,
co2.law-dome.2k,LAWDOME,1382,280.16803,,,,final,,
co2.law-dome.2k,LAWDOME,1383,280.29044,,,,final,,
co2.law-dome.2k,LAWDOME,1384,280.40521,,,,final,,
co2.law-dome.2k,LAWDOME,1385,280.51135,,,,final,,
co2.law-dome.2k,LAWDOME,1386,280.60776,,,,final,,
co2.law-dome.2k,LAWDOME,1387,280.69348,,,,final,,
co2.law-dome.2k,LAWDOME,1388,280.76749,,,,final,,
co2.law-dome.2k,LAWDOME,1389,280.8287,,,,final,,
co2.law-dome.2k,LAWDOME,1390,280.87616,,,,final,,
co2.law-dome.2k,LAWDOME,1391,280.90891,,,,final,,
co2.law-dome.2k,LAWDOME,1392,280.92715,,,,final,,
co2.law-dome.2k,LAWDOME,1393,280.93195,,,,final,,
co2.law-dome.2k,LAWDOME,1394,280.92416,,,,final,,
co2.law-dome.2k,LAWDOME,1395,280.90488,,,,final,,
co2.law-dome.2k,LAWDOME,1396,280.87503,,,,final,,
co2.law-dome.2k,LAWDOME,1397,280.8356,,,,final,,
co2.law-dome.2k,LAWDOME,1398,280.78757,,,,final,,
co2.law-dome.2k,LAWDOME,1399,280.73193,,,,final,,
co2.law-dome.2k,LAWDOME,1400,280.66968,,,,final,,
co2.law-dome.2k,LAWDOME,1401,280.60175,,,,final,,
co2.law-dome.2k,LAWDOME,1402,280.52914,,,,final,,
co2.law-dome.2k,LAWDOME,1403,280.45288,,,,final,,
co2.law-dome.2k,LAWDOME,1404,280.3739,,,,final,,
co2.law-dome.2k,LAWDOME,1405,280.29321,,,,final,,
co2.law-dome.2k,LAWDOME,1406,280.21176,,,,final,,
co2.law-dome.2k,LAWDOME,1407,280.13055,,,,final,,
co2.law-dome.2k,LAWDOME,1408,280.0506,,,,final,,
co2.law-dome.2k,LAWDOME,1409,279.97281,,,,final,,
co2.law-dome.2k,LAWDOME,1410,279.89822,,,,final,,
co2.law-dome.2k,LAWDOME,1411,279.82779,,,,final,,
co2.law-dome.2k,LAWDOME,1412,279.76242,,,,final,,
co2.law-dome.2k,LAWDOME,1413,279.70264,,,,final,,
co2.law-dome.2k,LAWDOME,1414,279.64893,,,,final,,
co2.law-dome.2k,LAWDOME,1415,279.60187,,,,final,,
co2.law-dome.2k,LAWDOME,1416,279.56195,,,,final,,
co2.law-dome.2k,LAWDOME,1417,279.52966,,,,final,,
co2.law-dome.2k,LAWDOME,1418,279.50552,,,,final,,
co2.law-dome.2k,LAWDOME,1419,279.49005,,,,final,,
co2.law-dome.2k,LAWDOME,1420,279.48376,,,,final,,
co2.law-dome.2k,LAWDOME,1421,279.48718,,,,final,,
co2.law-dome.2k,LAWDOME,1422,279.50079,,,,final,,
co2.law-dome.2k,LAWDOME,1423,279.52512,,,,final,,
co2.law-dome.2k,LAWDOME,1424,279.56067,,,,final,,
co2.law-dome.2k,LAWDOME,1425,279.60797,,,,final,,
co2.law-dome.2k,LAWDOME,1426,279.66751,,,,final,,
co2.law-dome.2k,LAWDOME,1427,279.73981,,,,final,,
co2.law-dome.2k,LAWDOME,1428,279.82541,,,,final,,
co2.law-dome.2k,LAWDOME,1429,279.92477,,,,final,,
co2.law-dome.2k,LAWDOME,1430,280.03775,,,,final,,
co2.law-dome.2k,LAWDOME,1431,280.16266,,,,final,,
co2.law-dome.2k,LAWDOME,1432,280.29764,,,,final,,
co2.law-dome.2k,LAWDOME,1433,280.44073,,,,final,,
co2.law-dome.2k,LAWDOME,1434,280.59012,,,,final,,
co2.law-dome.2k,LAWDOME,1435,280.7439,,,,final,,
co2.law-dome.2k,LAWDOME,1436,280.90015,,,,final,,
co2.law-dome.2k,LAWDOME,1437,281.05701,,,,final,,
co2.law-dome.2k,LAWDOME,1438,281.21259,,,,final,,
co2.law-dome.2k,LAWDOME,1439,281.36499,,,,final,,
co2.law-dome.2k,LAWDOME,1440,281.51236,,,,final,,
co2.law-dome.2k,LAWDOME,1441,281.65277,,,,final,,
co2.law-dome.2k,LAWDOME,1442,281.78433,,,,final,,
co2.law-dome.2k,LAWDOME,1443,281.90521,,,,final,,
co2.law-dome.2k,LAWDOME,1444,282.01346,,,,final,,
co2.law-dome.2k,LAWDOME,1445,282.10721,,,,final,,
co2.law-dome.2k,LAWDOME,1446,282.18457,,,,final,,
co2.law-dome.2k,LAWDOME,1447,282.24365,,,,final,,
co2.law-dome.2k,LAWDOME,1448,282.28259,,,,final,,
co2.law-dome.2k,LAWDOME,1449,282.2995,,,,final,,
co2.law-dome.2k,LAWDOME,1450,282.29285,,,,final,,
co2.law-dome.2k,LAWDOME,1451,282.2637,,,,final,,
co2.law-dome.2k,LAWDOME,1452,282.2142,,,,final,,
co2.law-dome.2k,LAWDOME,1453,282.14639,,,,final,,
co2.law-dome.2k,LAWDOME,1454,282.06241,,,,final,,
co2.law-dome.2k,LAWDOME,1455,281.96429,,,,final,,
co2.law-dome.2k,LAWDOME,1456,281.85419,,,,final,,
co2.law-dome.2k,LAWDOME,1457,281.73416,,,,final,,
co2.law-dome.2k,LAWDOME,1458,281.60632,,,,final,,
co2.law-dome.2k,LAWDOME,1459,281.47275,,,,final,,
co2.law-dome.2k,LAWDOME,1460,281.33554,,,,final,,
co2.law-dome.2k,LAWDOME,1461,281.19678,,,,final,,
co2.law-dome.2k,LAWDOME,1462,281.05859,,,,final,,
co2.law-dome.2k,LAWDOME,1463,280.92307,,,,final,,
co2.law-dome.2k,LAWDOME,1464,280.79227,,,,final,,
co2.law-dome.2k,LAWDOME,1465,280.66827,,,,final,,
co2.law-dome.2k,LAWDOME,1466,280.55325,,,,final,,
co2.law-dome.2k,LAWDOME,1467,280.44925,,,,final,,
co2.law-dome.2k,LAWDOME,1468,280.35834,,,,final,,
co2.law-dome.2k,LAWDOME,1469,280.28265,,,,final,,
co2.law-dome.2k,LAWDOME,1470,280.22418,,,,final,,
co2.law-dome.2k,LAWDOME,1471,280.18329,,,,final,,
co2.law-dome.2k,LAWDOME,1472,280.15924,,,,final,,
co2.law-dome.2k,LAWDOME,1473,280.15118,,,,final,,
co2.law-dome.2k,LAWDOME,1474,280.15826,,,,final,,
co2.law-dome.2k,LAWDOME,1475,280.17966,,,,final,,
co2.law-dome.2k,LAWDOME,1476,280.21457,,,,final,,
co2.law-dome.2k,LAWDOME,1477,280.26215,,,,final,,
co2.law-dome.2k,LAWDOME,1478,280.32153,,,,final,,
co2.law-dome.2k,LAWDOME,1479,280.39197,,,,final,,
co2.law-dome.2k,LAWDOME,1480,280.47253,,,,final,,
co2.law-dome.2k,LAWDOME,1481,280.56247,,,,final,,
co2.law-dome.2k,LAWDOME,1482,280.66092,,,,final,,
co2.law-dome.2k,LAWDOME,1483,280.76706,,,,final,,
co2.law-dome.2k,LAWDOME,1484,280.88007,,,,final,,
co2.law-dome.2k,LAWDOME,1485,280.99908,,,,final,,
co2.law-dome.2k,LAWDOME,1486,281.12329,,,,final,,
co2.law-dome.2k,LAWDOME,1487,281.25189,,,,final,,
co2.law-dome.2k,LAWDOME,1488,281.384,,,,final,,
co2.law-dome.2k,LAWDOME,1489,281.51883,,,,final,,
co2.law-dome.2k,LAWDOME,1490,281.65555,,,,final,,
co2.law-dome.2k,LAWDOME,1491,281.79327,,,,final,,
co2.law-dome.2k,LAWDOME,1492,281.93124,,,,final,,
co2.law-dome.2k,LAWDOME,1493,282.0686,,,,final,,
co2.law-dome.2k,LAWDOME,1494,282.20453,,,,final,,
co2.law-dome.2k,LAWDOME,1495,282.33817,,,,final,,
co2.law-dome.2k,LAWDOME,1496,282.46872,,,,final,,
co2.law-dome.2k,LAWDOME,1497,282.59534,,,,final,,
co2.law-dome.2k,LAWDOME,1498,282.71719,,,,final,,
co2.law-dome.2k,LAWDOME,1499,282.83344,,,,final,,
co2.law-dome.2k,LAWDOME,1500,282.94327,,,,final,,
co2.law-dome.2k,LAWDOME,1501,283.04587,,,,final,,
co2.law-dome.2k,LAWDOME,1502,283.14038,,,,final,,
co2.law-dome.2k,LAWDOME,1503,283.22662,,,,final,,
co2.law-dome.2k,LAWDOME,1504,283.3049,,,,final,,
co2.law-dome.2k,LAWDOME,1505,283.37567,,,,final,,
co2.law-dome.2k,LAWDOME,1506,283.43933,,,,final,,
co2.law-dome.2k,LAWDOME,1507,283.49625,,,,final,,
co2.law-dome.2k,LAWDOME,1508,283.54684,,,,final,,
co2.law-dome.2k,LAWDOME,1509,283.59152,,,,final,,
co2.law-dome.2k,LAWDOME,1510,283.63071,,,,final,,
co2.law-dome.2k,LAWDOME,1511,283.66473,,,,final,,
co2.law-dome.2k,LAWDOME,1512,283.69409,,,,final,,
co2.law-dome.2k,LAWDOME,1513,283.71912,,,,final,,
co2.law-dome.2k,LAWDOME,1514,283.74023,,,,final,,
co2.law-dome.2k,LAWDOME,1515,283.75784,,,,final,,
co2.law-dome.2k,LAWDOME,1516,283.77234,,,,final,,
co2.law-dome.2k,LAWDOME,1517,283.78415,,,,final,,
co2.law-dome.2k,LAWDOME,1518,283.79367,,,,final,,
co2.law-dome.2k,LAWDOME,1519,283.80127,,,,final,,
co2.law-dome.2k,LAWDOME,1520,283.8074,,,,final,,
co2.law-dome.2k,LAWDOME,1521,283.81244,,,,final,,
co2.law-dome.2k,LAWDOME,1522,283.81677,,,,final,,
co2.law-dome.2k,LAWDOME,1523,283.8208,,,,final,,
co2.law-dome.2k,LAWDOME,1524,283.82495,,,,final,,
co2.law-dome.2k,LAWDOME,1525,283.82965,,,,final,,
co2.law-dome.2k,LAWDOME,1526,283.83524,,,,final,,
co2.law-dome.2k,LAWDOME,1527,283.84213,,,,final,,
co2.law-dome.2k,LAWDOME,1528,283.85077,,,,final,,
co2.law-dome.2k,LAWDOME,1529,283.86154,,,,final,,
co2.law-dome.2k,LAWDOME,1530,283.87482,,,,final,,
co2.law-dome.2k,LAWDOME,1531,283.8905,,,,final,,
co2.law-dome.2k,LAWDOME,1532,283.90775,,,,final,,
co2.law-dome.2k,LAWDOME,1533,283.92557,,,,final,,
co2.law-dome.2k,LAWDOME,1534,283.94299,,,,final,,
co2.law-dome.2k,LAWDOME,1535,283.95908,,,,final,,
co2.law-dome.2k,LAWDOME,1536,283.97284,,,,final,,
co2.law-dome.2k,LAWDOME,1537,283.98337,,,,final,,
co2.law-dome.2k,LAWDOME,1538,283.98969,,,,final,,
co2.law-dome.2k,LAWDOME,1539,283.99081,,,,final,,
co2.law-dome.2k,LAWDOME,1540,283.98581,,,,final,,
co2.law-dome.2k,LAWDOME,1541,283.97369,,,,final,,
co2.law-dome.2k,LAWDOME,1542,283.95355,,,,final,,
co2.law-dome.2k,LAWDOME,1543,283.92438,,,,final,,
co2.law-dome.2k,LAWDOME,1544,283.88525,,,,final,,
co2.law-dome.2k,LAWDOME,1545,283.83517,,,,final,,
co2.law-dome.2k,LAWDOME,1546,283.77322,,,,final,,
co2.law-dome.2k,LAWDOME,1547,283.69843,,,,final,,
co2.law-dome.2k,LAWDOME,1548,283.60983,,,,final,,
co2.law-dome.2k,LAWDOME,1549,283.50644,,,,final,,
co2.law-dome.2k,LAWDOME,1550,283.38739,,,,final,,
co2.law-dome.2k,LAWDOME,1551,283.25369,,,,final,,
co2.law-dome.2k,LAWDOME,1552,283.10931,,,,final,,
co2.law-dome.2k,LAWDOME,1553,282.9585,,,,final,,
co2.law-dome.2k,LAWDOME,1554,282.80545,,,,final,,
co2.law-dome.2k,LAWDOME,1555,282.65436,,,,final,,
co2.law-dome.2k,LAWDOME,1556,282.50943,,,,final,,
co2.law-dome.2k,LAWDOME,1557,282.37488,,,,final,,
co2.law-dome.2k,LAWDOME,1558,282.25491,,,,final,,
co2.law-dome.2k,LAWDOME,1559,282.15378,,,,final,,
co2.law-dome.2k,LAWDOME,1560,282.07562,,,,final,,
co2.law-dome.2k,LAWDOME,1561,282.02301,,,,final,,
co2.law-dome.2k,LAWDOME,1562,281.99393,,,,final,,
co2.law-dome.2k,LAWDOME,1563,281.98575,,,,final,,
co2.law-dome.2k,LAWDOME,1564,281.99573,,,,final,,
co2.law-dome.2k,LAWDOME,1565,282.02121,,,,final,,
co2.law-dome.2k,LAWDOME,1566,282.05948,,,,final,,
co2.law-dome.2k,LAWDOME,1567,282.10785,,,,final,,
co2.law-dome.2k,LAWDOME,1568,282.16367,,,,final,,
co2.law-dome.2k,LAWDOME,1569,282.22415,,,,final,,
co2.law-dome.2k,LAWDOME,1570,282.28671,,,,final,,
co2.law-dome.2k,LAWDOME,1571,282.3486,,,,final,,
co2.law-dome.2k,LAWDOME,1572,282.40714,,,,final,,
co2.law-dome.2k,LAWDOME,1573,282.45963,,,,final,,
co2.law-dome.2k,LAWDOME,1574,282.50345,,,,final,,
co2.law-dome.2k,LAWDOME,1575,282.53622,,,,final,,
co2.law-dome.2k,LAWDOME,1576,282.55566,,,,final,,
co2.law-dome.2k,LAWDOME,1577,282.55945,,,,final,,
co2.law-dome.2k,LAWDOME,1578,282.54529,,,,final,,
co2.law-dome.2k,LAWDOME,1579,282.51086,,,,final,,
co2.law-dome.2k,LAWDOME,1580,282.45389,,,,final,,
co2.law-dome.2k,LAWDOME,1581,282.37204,,,,final,,
co2.law-dome.2k,LAWDOME,1582,282.26303,,,,final,,
co2.law-dome.2k,LAWDOME,1583,282.12454,,,,final,,
co2.law-dome.2k,LAWDOME,1584,281.95428,,,,final,,
co2.law-dome.2k,LAWDOME,1585,281.74994,,,,final,,
co2.law-dome.2k,LAWDOME,1586,281.50925,,,,final,,
co2.law-dome.2k,LAWDOME,1587,281.22983,,,,final,,
co2.law-dome.2k,LAWDOME,1588,280.90945,,,,final,,
co2.law-dome.2k,LAWDOME,1589,280.54779,,,,final,,
co2.law-dome.2k,LAWDOME,1590,280.15869,,,,final,,
co2.law-dome.2k,LAWDOME,1591,279.7619,,,,final,,
co2.law-dome.2k,LAWDOME,1592,279.37317,,,,final,,
co2.law-dome.2k,LAWDOME,1593,278.9928,,,,final,,
co2.law-dome.2k,LAWDOME,1594,278.61731,,,,final,,
co2.law-dome.2k,LAWDOME,1595,278.24323,,,,final,,
co2.law-dome.2k,LAWDOME,1596,277.86707,,,,final,,
co2.law-dome.2k,LAWDOME,1597,277.48529,,,,final,,
co2.law-dome.2k,LAWDOME,1598,277.09448,,,,final,,
co2.law-dome.2k,LAWDOME,1599,276.69113,,,,final,,
co2.law-dome.2k,LAWDOME,1600,276.27176,,,,final,,
co2.law-dome.2k,LAWDOME,1601,275.83286,,,,final,,
co2.law-dome.2k,LAWDOME,1602,275.37094,,,,final,,
co2.law-dome.2k,LAWDOME,1603,274.88254,,,,final,,
co2.law-dome.2k,LAWDOME,1604,274.3649,,,,final,,
co2.law-dome.2k,LAWDOME,1605,273.82678,,,,final,,
co2.law-dome.2k,LAWDOME,1606,273.28629,,,,final,,
co2.law-dome.2k,LAWDOME,1607,272.76187,,,,final,,
co2.law-dome.2k,LAWDOME,1608,272.27194,,,,final,,
co2.law-dome.2k,LAWDOME,1609,271.83487,,,,final,,
co2.law-dome.2k,LAWDOME,1610,271.46851,,,,final,,
co2.law-dome.2k,LAWDOME,1611,271.17908,,,,final,,
co2.law-dome.2k,LAWDOME,1612,270.96237,,,,final,,
co2.law-dome.2k,LAWDOME,1613,270.81378,,,,final,,
co2.law-dome.2k,LAWDOME,1614,270.72882,,,,final,,
co2.law-dome.2k,LAWDOME,1615,270.70285,,,,final,,
co2.law-dome.2k,LAWDOME,1616,270.73132,,,,final,,
co2.law-dome.2k,LAWDOME,1617,270.80969,,,,final,,
co2.law-dome.2k,LAWDOME,1618,270.93335,,,,final,,
co2.law-dome.2k,LAWDOME,1619,271.09775,,,,final,,
co2.law-dome.2k,LAWDOME,1620,271.29831,,,,final,,
co2.law-dome.2k,LAWDOME,1621,271.53049,,,,final,,
co2.law-dome.2k,LAWDOME,1622,271.78967,,,,final,,
co2.law-dome.2k,LAWDOME,1623,272.07132,,,,final,,
co2.law-dome.2k,LAWDOME,1624,272.37085,,,,final,,
co2.law-dome.2k,LAWDOME,1625,272.68369,,,,final,,
co2.law-dome.2k,LAWDOME,1626,273.00528,,,,final,,
co2.law-dome.2k,LAWDOME,1627,273.33105,,,,final,,
co2.law-dome.2k,LAWDOME,1628,273.65643,,,,final,,
co2.law-dome.2k,LAWDOME,1629,273.97687,,,,final,,
co2.law-dome.2k,LAWDOME,1630,274.28952,,,,final,,
co2.law-dome.2k,LAWDOME,1631,274.5936,,,,final,,
co2.law-dome.2k,LAWDOME,1632,274.88849,,,,final,,
co2.law-dome.2k,LAWDOME,1633,275.17358,,,,final,,
co2.law-dome.2k,LAWDOME,1634,275.44827,,,,final,,
co2.law-dome.2k,LAWDOME,1635,275.71191,,,,final,,
co2.law-dome.2k,LAWDOME,1636,275.9639,,,,final,,
co2.law-dome.2k,LAWDOME,1637,276.20361,,,,final,,
co2.law-dome.2k,LAWDOME,1638,276.43045,,,,final,,
co2.law-dome.2k,LAWDOME,1639,276.6438,,,,final,,
co2.law-dome.2k,LAWDOME,1640,276.84302,,,,final,,
co2.law-dome.2k,LAWDOME,1641,277.02774,,,,final,,
co2.law-dome.2k,LAWDOME,1642,277.19791,,,,final,,
co2.law-dome.2k,LAWDOME,1643,277.3537,,,,final,,
co2.law-dome.2k,LAWDOME,1644,277.49518,,,,final,,
co2.law-dome.2k,LAWDOME,1645,277.62244,,,,final,,
co2.law-dome.2k,LAWDOME,1646,277.7356,,,,final,,
co2.law-dome.2k,LAWDOME,1647,277.83472,,,,final,,
co2.law-dome.2k,LAWDOME,1648,277.91992,,,,final,,
co2.law-dome.2k,LAWDOME,1649,277.99127,,,,final,,
co2.law-dome.2k,LAWDOME,1650,278.04898,,,,final,,
co2.law-dome.2k,LAWDOME,1651,278.09354,,,,final,,
co2.law-dome.2k,LAWDOME,1652,278.1257,,,,final,,
co2.law-dome.2k,LAWDOME,1653,278.14606,,,,final,,
co2.law-dome.2k,LAWDOME,1654,278.15536,,,,final,,
co2.law-dome.2k,LAWDOME,1655,278.15424,,,,final,,
co2.law-dome.2k,LAWDOME,1656,278.1434,,,,final,,
co2.law-dome.2k,LAWDOME,1657,278.12347,,,,final,,
co2.law-dome.2k,LAWDOME,1658,278.09518,,,,final,,
co2.law-dome.2k,LAWDOME,1659,278.0592,,,,final,,
co2.law-dome.2k,LAWDOME,1660,278.0162,,,,final,,
co2.law-dome.2k,LAWDOME,1661,277.96683,,,,final,,
co2.law-dome.2k,LAWDOME,1662,277.9118,,,,final,,
co2.law-dome.2k,LAWDOME,1663,277.85178,,,,final,,
co2.law-dome.2k,LAWDOME,1664,277.78741,,,,final,,
co2.law-dome.2k,LAWDOME,1665,277.71942,,,,final,,
co2.law-dome.2k,LAWDOME,1666,277.64847,,,,final,,
co2.law-dome.2k,LAWDOME,1667,277.57523,,,,final,,
co2.law-dome.2k,LAWDOME,1668,277.50037,,,,final,,
co2.law-dome.2k,LAWDOME,1669,277.42459,,,,final,,
co2.law-dome.2k,LAWDOME,1670,277.34854,,,,final,,
co2.law-dome.2k,LAWDOME,1671,277.27292,,,,final,,
co2.law-dome.2k,LAWDOME,1672,277.19839,,,,final,,
co2.law-dome.2k,LAWDOME,1673,277.12561,,,,final,,
co2.law-dome.2k,LAWDOME,1674,277.05533,,,,final,,
co2.law-dome.2k,LAWDOME,1675,276.98813,,,,final,,
co2.law-dome.2k,LAWDOME,1676,276.92474,,,,final,,
co2.law-dome.2k,LAWDOME,1677,276.86584,,,,final,,
co2.law-dome.2k,LAWDOME,1678,276.8121,,,,final,,
co2.law-dome.2k,LAWDOME,1679,276.76419,,,,final,,
co2.law-dome.2k,LAWDOME,1680,276.72281,,,,final,,
co2.law-dome.2k,LAWDOME,1681,276.6886,,,,final,,
co2.law-dome.2k,LAWDOME,1682,276.66223,,,,final,,
co2.law-dome.2k,LAWDOME,1683,276.64429,,,,final,,
co2.law-dome.2k,LAWDOME,1684,276.63492,,,,final,,
co2.law-dome.2k,LAWDOME,1685,276.63412,,,,final,,
co2.law-dome.2k,LAWDOME,1686,276.64206,,,,final,,
co2.law-dome.2k,LAWDOME,1687,276.65875,,,,final,,
co2.law-dome.2k,LAWDOME,1688,276.6843,,,,final,,
co2.law-dome.2k,LAWDOME,1689,276.71875,,,,final,,
co2.law-dome.2k,LAWDOME,1690,276.76215,,,,final,,
co2.law-dome.2k,LAWDOME,1691,276.8092,,,,final,,
co2.law-dome.2k,LAWDOME,1692,276.8446,,,,final,,
co2.law-dome.2k,LAWDOME,1693,276.85196,,,,final,,
co2.law-dome.2k,LAWDOME,1694,276.81485,,,,final,,
co2.law-dome.2k,LAWDOME,1695,276.72324,,,,final,,
co2.law-dome.2k,LAWDOME,1696,276.58667,,,,final,,
co2.law-dome.2k,LAWDOME,1697,276.41846,,,,final,,
co2.law-dome.2k,LAWDOME,1698,276.23187,,,,final,,
co2.law-dome.2k,LAWDOME,1699,276.04022,,,,final,,
co2.law-dome.2k,LAWDOME,1700,275.85678,,,,final,,
co2.law-dome.2k,LAWDOME,1701,275.69482,,,,final,,
co2.law-dome.2k,LAWDOME,1702,275.56763,,,,final,,
co2.law-dome.2k,LAWDOME,1703,275.48853,,,,final,,
co2.law-dome.2k,LAWDOME,1704,275.46661,,,,final,,
co2.law-dome.2k,LAWDOME,1705,275.49438,,,,final,,
co2.law-dome.2k,LAWDOME,1706,275.56024,,,,final,,
co2.law-dome.2k,LAWDOME,1707,275.6525,,,,final,,
co2.law-dome.2k,LAWDOME,1708,275.75952,,,,final,,
co2.law-dome.2k,LAWDOME,1709,275.86966,,,,final,,
co2.law-dome.2k,LAWDOME,1710,275.97125,,,,final,,
co2.law-dome.2k,LAWDOME,1711,276.05569,,,,final,,
co2.law-dome.2k,LAWDOME,1712,276.1264,,,,final,,
co2.law-dome.2k,LAWDOME,1713,276.18985,,,,final,,
co2.law-dome.2k,LAWDOME,1714,276.25247,,,,final,,
co2.law-dome.2k,LAWDOME,1715,276.32074,,,,final,,
co2.law-dome.2k,LAWDOME,1716,276.40112,,,,final,,
co2.law-dome.2k,LAWDOME,1717,276.50006,,,,final,,
co2.law-dome.2k,LAWDOME,1718,276.62402,,,,final,,
co2.law-dome.2k,LAWDOME,1719,276.77945,,,,final,,
co2.law-dome.2k,LAWDOME,1720,276.96924,,,,final,,
co2.law-dome.2k,LAWDOME,1721,277.18204,,,,final,,
co2.law-dome.2k,LAWDOME,1722,277.40289,,,,final,,
co2.law-dome.2k,LAWDOME,1723,277.61685,,,,final,,
co2.law-dome.2k,LAWDOME,1724,277.81219,,,,final,,
co2.law-dome.2k,LAWDOME,1725,277.98569,,,,final,,
co2.law-dome.2k,LAWDOME,1726,278.13547,,,,final,,
co2.law-dome.2k,LAWDOME,1727,278.2597,,,,final,,
co2.law-dome.2k,LAWDOME,1728,278.35654,,,,final,,
co2.law-dome.2k,LAWDOME,1729,278.4241,,,,final,,
co2.law-dome.2k,LAWDOME,1730,278.46054,,,,final,,
co2.law-dome.2k,LAWDOME,1731,278.46399,,,,final,,
co2.law-dome.2k,LAWDOME,1732,278.43265,,,,final,,
co2.law-dome.2k,LAWDOME,1733,278.36462,,,,final,,
co2.law-dome.2k,LAWDOME,1734,278.25809,,,,final,,
co2.law-dome.2k,LAWDOME,1735,278.11292,,,,final,,
co2.law-dome.2k,LAWDOME,1736,277.93591,,,,final,,
co2.law-dome.2k,LAWDOME,1737,277.73553,,,,final,,
co2.law-dome.2k,LAWDOME,1738,277.5202,,,,final,,
co2.law-dome.2k,LAWDOME,1739,277.2984,,,,final,,
co2.law-dome.2k,LAWDOME,1740,277.07858,,,,final,,
co2.law-dome.2k,LAWDOME,1741,276.86914,,,,final,,
co2.law-dome.2k,LAWDOME,1742,276.67905,,,,final,,
co2.law-dome.2k,LAWDOME,1743,276.52139,,,,final,,
co2.law-dome.2k,LAWDOME,1744,276.41159,,,,final,,
co2.law-dome.2k,LAWDOME,1745,276.36493,,,,final,,
co2.law-dome.2k,LAWDOME,1746,276.39688,,,,final,,
co2.law-dome.2k,LAWDOME,1747,276.51315,,,,final,,
co2.law-dome.2k,LAWDOME,1748,276.68103,,,,final,,
co2.law-dome.2k,LAWDOME,1749,276.85822,,,,final,,
co2.law-dome.2k,LAWDOME,1750,277.00687,,,,final,,
co2.law-dome.2k,LAWDOME,1751,277.1153,,,,final,,
co2.law-dome.2k,LAWDOME,1752,277.18109,,,,final,,
co2.law-dome.2k,LAWDOME,1753,277.20312,,,,final,,
co2.law-dome.2k,LAWDOME,1754,277.18796,,,,final,,
co2.law-dome.2k,LAWDOME,1755,277.14502,,,,final,,
co2.law-dome.2k,LAWDOME,1756,277.08371,,,,final,,
co2.law-dome.2k,LAWDOME,1757,277.01337,,,,final,,
co2.law-dome.2k,LAWDOME,1758,276.94342,,,,final,,
co2.law-dome.2k,LAWDOME,1759,276.88327,,,,final,,
co2.law-dome.2k,LAWDOME,1760,276.84229,,,,final,,
co2.law-dome.2k,LAWDOME,1761,276.82785,,,,final,,
co2.law-dome.2k,LAWDOME,1762,276.83923,,,,final,,
co2.law-dome.2k,LAWDOME,1763,276.87375,,,,final,,
co2.law-dome.2k,LAWDOME,1764,276.93228,,,,final,,
co2.law-dome.2k,LAWDOME,1765,277.0188,,,,final,,
co2.law-dome.2k,LAWDOME,1766,277.1264,,,,final,,
co2.law-dome.2k,LAWDOME,1767,277.24698,,,,final,,
co2.law-dome.2k,LAWDOME,1768,277.37241,,,,final,,
co2.law-dome.2k,LAWDOME,1769,277.49454,,,,final,,
co2.law-dome.2k,LAWDOME,1770,277.60522,,,,final,,
co2.law-dome.2k,LAWDOME,1771,277.69638,,,,final,,
co2.law-dome.2k,LAWDOME,1772,277.75986,,,,final,,
co2.law-dome.2k,LAWDOME,1773,277.78751,,,,final,,
co2.law-dome.2k,LAWDOME,1774,277.77155,,,,final,,
co2.law-dome.2k,LAWDOME,1775,277.70981,,,,final,,
co2.law-dome.2k,LAWDOME,1776,277.60547,,,,final,,
co2.law-dome.2k,LAWDOME,1777,277.46259,,,,final,,
co2.law-dome.2k,LAWDOME,1778,277.28528,,,,final,,
co2.law-dome.2k,LAWDOME,1779,277.07773,,,,final,,
co2.law-dome.2k,LAWDOME,1780,276.84814,,,,final,,
co2.law-dome.2k,LAWDOME,1781,276.68216,,,,final,,
co2.law-dome.2k,LAWDOME,1782,276.63358,,,,final,,
co2.law-dome.2k,LAWDOME,1783,276.69003,,,,final,,
co2.law-dome.2k,LAWDOME,1784,276.83823,,,,final,,
co2.law-dome.2k,LAWDOME,1785,277.06491,,,,final,,
co2.law-dome.2k,LAWDOME,1786,277.35678,,,,final,,
co2.law-dome.2k,LAWDOME,1787,277.70056,,,,final,,
co2.law-dome.2k,LAWDOME,1788,278.08301,,,,final,,
co2.law-dome.2k,LAWDOME,1789,278.49078,,,,final,,
co2.law-dome.2k,LAWDOME,1790,278.91068,,,,final,,
co2.law-dome.2k,LAWDOME,1791,279.32935,,,,final,,
co2.law-dome.2k,LAWDOME,1792,279.73355,,,,final,,
co2.law-dome.2k,LAWDOME,1793,280.11002,,,,final,,
co2.law-dome.2k,LAWDOME,1794,280.44543,,,,final,,
co2.law-dome.2k,LAWDOME,1795,280.73523,,,,final,,
co2.law-dome.2k,LAWDOME,1796,281.02179,,,,final,,
co2.law-dome.2k,LAWDOME,1797,281.3566,,,,final,,
co2.law-dome.2k,LAWDOME,1798,281.72849,,,,final,,
co2.law-dome.2k,LAWDOME,1799,282.07791,,,,final,,
co2.law-dome.2k,LAWDOME,1800,282.34747,,,,final,,
co2.law-dome.2k,LAWDOME,1801,282.52316,,,,final,,
co2.law-dome.2k,LAWDOME,1802,282.61972,,,,final,,
co2.law-dome.2k,LAWDOME,1803,282.65231,,,,final,,
co2.law-dome.2k,LAWDOME,1804,282.63623,,,,final,,
co2.law-dome.2k,LAWDOME,1805,282.58658,,,,final,,
co2.law-dome.2k,LAWDOME,1806,282.51865,,,,final,,
co2.law-dome.2k,LAWDOME,1807,282.44757,,,,final,,
co2.law-dome.2k,LAWDOME,1808,282.38861,,,,final,,
co2.law-dome.2k,LAWDOME,1809,282.35693,,,,final,,
co2.law-dome.2k,LAWDOME,1810,282.36777,,,,final,,
co2.law-dome.2k,LAWDOME,1811,282.43021,,,,final,,
co2.law-dome.2k,LAWDOME,1812,282.50812,,,,final,,
co2.law-dome.2k,LAWDOME,1813,282.54517,,,,final,,
co2.law-dome.2k,LAWDOME,1814,282.48566,,,,final,,
co2.law-dome.2k,LAWDOME,1815,282.31686,,,,final,,
co2.law-dome.2k,LAWDOME,1816,282.09155,,,,final,,
co2.law-dome.2k,LAWDOME,1817,281.86786,,,,final,,
co2.law-dome.2k,LAWDOME,1818,281.69751,,,,final,,
co2.law-dome.2k,LAWDOME,1819,281.59665,,,,final,,
co2.law-dome.2k,LAWDOME,1820,281.56949,,,,final,,
co2.law-dome.2k,LAWDOME,1821,281.62024,,,,final,,
co2.law-dome.2k,LAWDOME,1822,281.75311,,,,final,,
co2.law-dome.2k,LAWDOME,1823,281.97232,,,,final,,
co2.law-dome.2k,LAWDOME,1824,282.28207,,,,final,,
co2.law-dome.2k,LAWDOME,1825,282.6864,,,,final,,
co2.law-dome.2k,LAWDOME,1826,283.16891,,,,final,,
co2.law-dome.2k,LAWDOME,1827,283.6452,,,,final,,
co2.law-dome.2k,LAWDOME,1828,284.0228,,,,final,,
co2.law-dome.2k,LAWDOME,1829,284.29272,,,,final,,
co2.law-dome.2k,LAWDOME,1830,284.46268,,,,final,,
co2.law-dome.2k,LAWDOME,1831,284.54034,,,,final,,
co2.law-dome.2k,LAWDOME,1832,284.53345,,,,final,,
co2.law-dome.2k,LAWDOME,1833,284.44968,,,,final,,
co2.law-dome.2k,LAWDOME,1834,284.29797,,,,final,,
co2.law-dome.2k,LAWDOME,1835,284.09238,,,,final,,
co2.law-dome.2k,LAWDOME,1836,283.84824,,,,final,,
co2.law-dome.2k,LAWDOME,1837,283.58099,,,,final,,
co2.law-dome.2k,LAWDOME,1838,283.31781,,,,final,,
co2.law-dome.2k,LAWDOME,1839,283.08759,,,,final,,
co2.law-dome.2k,LAWDOME,1840,282.897,,,,final,,
co2.law-dome.2k,LAWDOME,1841,282.75098,,,,final,,
co2.law-dome.2k,LAWDOME,1842,282.66284,,,,final,,
co2.law-dome.2k,LAWDOME,1843,282.68018,,,,final,,
co2.law-dome.2k,LAWDOME,1844,282.8652,,,,final,,
co2.law-dome.2k,LAWDOME,1845,283.24936,,,,final,,
co2.law-dome.2k,LAWDOME,1846,283.76108,,,,final,,
co2.law-dome.2k,LAWDOME,1847,284.30658,,,,final,,
co2.law-dome.2k,LAWDOME,1848,284.79297,,,,final,,
co2.law-dome.2k,LAWDOME,1849,285.18304,,,,final,,
co2.law-dome.2k,LAWDOME,1850,285.45346,,,,final,,
co2.law-dome.2k,LAWDOME,1851,285.58035,,,,final,,
co2.law-dome.2k,LAWDOME,1852,285.58572,,,,final,,
co2.law-dome.2k,LAWDOME,1853,285.52618,,,,final,,
co2.law-dome.2k,LAWDOME,1854,285.40128,,,,final,,
co2.law-dome.2k,LAWDOME,1855,285.21048,,,,final,,
co2.law-dome.2k,LAWDOME,1856,285.04022,,,,final,,
co2.law-dome.2k,LAWDOME,1857,284.94498,,,,final,,
co2.law-dome.2k,LAWDOME,1858,284.95389,,,,final,,
co2.law-dome.2k,LAWDOME,1859,285.02676,,,,final,,
co2.law-dome.2k,LAWDOME,1860,285.10764,,,,final,,
co2.law-dome.2k,LAWDOME,1861,285.19846,,,,final,,
co2.law-dome.2k,LAWDOME,1862,285.32022,,,,final,,
co2.law-dome.2k,LAWDOME,1863,285.49106,,,,final,,
co2.law-dome.2k,LAWDOME,1864,285.70898,,,,final,,
co2.law-dome.2k,LAWDOME,1865,285.96188,,,,final,,
co2.law-dome.2k,LAWDOME,1866,286.25507,,,,final,,
co2.law-dome.2k,LAWDOME,1867,286.61185,,,,final,,
co2.law-dome.2k,LAWDOME,1868,287.02856,,,,final,,
co2.law-dome.2k,LAWDOME,1869,287.41391,,,,final,,
co2.law-dome.2k,LAWDOME,1870,287.74493,,,,final,,
co2.law-dome.2k,LAWDOME,1871,288.06277,,,,final,,
co2.law-dome.2k,LAWDOME,1872,288.37149,,,,final,,
co2.law-dome.2k,LAWDOME,1873,288.66879,,,,final,,
co2.law-dome.2k,LAWDOME,1874,288.93427,,,,final,,
co2.law-dome.2k,LAWDOME,1875,289.09305,,,,final,,
co2.law-dome.2k,LAWDOME,1876,289.15021,,,,final,,
co2.law-dome.2k,LAWDOME,1877,289.14383,,,,final,,
co2.law-dome.2k,LAWDOME,1878,289.11255,,,,final,,
co2.law-dome.2k,LAWDOME,1879,289.09818,,,,final,,
co2.law-dome.2k,LAWDOME,1880,289.14413,,,,final,,
co2.law-dome.2k,LAWDOME,1881,289.28595,,,,final,,
co2.law-dome.2k,LAWDOME,1882,289.50461,,,,final,,
co2.law-dome.2k,LAWDOME,1883,289.758,,,,final,,
co2.law-dome.2k,LAWDOME,1884,290.00757,,,,final,,
co2.law-dome.2k,LAWDOME,1885,290.28113,,,,final,,
co2.law-dome.2k,LAWDOME,1886,290.64337,,,,final,,
co2.law-dome.2k,LAWDOME,1887,291.1275,,,,final,,
co2.law-dome.2k,LAWDOME,1888,291.64404,,,,final,,
co2.law-dome.2k,LAWDOME,1889,292.11139,,,,final,,
co2.law-dome.2k,LAWDOME,1890,292.53275,,,,final,,
co2.law-dome.2k,LAWDOME,1891,292.92645,,,,final,,
co2.law-dome.2k,LAWDOME,1892,293.25235,,,,final,,
co2.law-dome.2k,LAWDOME,1893,293.45444,,,,final,,
co2.law-dome.2k,LAWDOME,1894,293.54285,,,,final,,
co2.law-dome.2k,LAWDOME,1895,293.63599,,,,final,,
co2.law-dome.2k,LAWDOME,1896,293.7778,,,,final,,
co2.law-dome.2k,LAWDOME,1897,293.99411,,,,final,,
co2.law-dome.2k,LAWDOME,1898,294.32727,,,,final,,
co2.law-dome.2k,LAWDOME,1899,294.72424,,,,final,,
co2.law-dome.2k,LAWDOME,1900,295.10944,,,,final,,
co2.law-dome.2k,LAWDOME,1901,295.51257,,,,final,,
co2.law-dome.2k,LAWDOME,1902,295.95264,,,,final,,
co2.law-dome.2k,LAWDOME,1903,296.41846,,,,final,,
co2.law-dome.2k,LAWDOME,1904,296.88284,,,,final,,
co2.law-dome.2k,LAWDOME,1905,297.31152,,,,final,,
co2.law-dome.2k,LAWDOME,1906,297.64273,,,,final,,
co2.law-dome.2k,LAWDOME,1907,297.87811,,,,final,,
co2.law-dome.2k,LAWDOME,1908,298.10291,,,,final,,
co2.law-dome.2k,LAWDOME,1909,298.32089,,,,final,,
co2.law-dome.2k,LAWDOME,1910,298.52698,,,,final,,
co2.law-dome.2k,LAWDOME,1911,298.83237,,,,final,,
co2.law-dome.2k,LAWDOME,1912,299.31363,,,,final,,
co2.law-dome.2k,LAWDOME,1913,299.90829,,,,final,,
co2.law-dome.2k,LAWDOME,1914,300.55292,,,,final,,
co2.law-dome.2k,LAWDOME,1915,301.23251,,,,final,,
co2.law-dome.2k,LAWDOME,1916,301.9256,,,,final,,
co2.law-dome.2k,LAWDOME,1917,302.59497,,,,final,,
co2.law-dome.2k,LAWDOME,1918,303.19882,,,,final,,
co2.law-dome.2k,LAWDOME,1919,303.69775,,,,final,,
co2.law-dome.2k,LAWDOME,1920,304.1011,,,,final,,
co2.law-dome.2k,LAWDOME,1921,304.46323,,,,final,,
co2.law-dome.2k,LAWDOME,1922,304.76157,,,,final,,
co2.law-dome.2k,LAWDOME,1923,304.94479,,,,final,,
co2.law-dome.2k,LAWDOME,1924,305.00583,,,,final,,
co2.law-dome.2k,LAWDOME,1925,305.05801,,,,final,,
co2.law-dome.2k,LAWDOME,1926,305.23227,,,,final,,
co2.law-dome.2k,LAWDOME,1927,305.54532,,,,final,,
co2.law-dome.2k,LAWDOME,1928,305.87338,,,,final,,
co2.law-dome.2k,LAWDOME,1929,306.116,,,,final,,
co2.law-dome.2k,LAWDOME,1930,306.30243,,,,final,,
co2.law-dome.2k,LAWDOME,1931,306.49872,,,,final,,
co2.law-dome.2k,LAWDOME,1932,306.75824,,,,final,,
co2.law-dome.2k,LAWDOME,1933,307.06839,,,,final,,
co2.law-dome.2k,LAWDOME,1934,307.43658,,,,final,,
co2.law-dome.2k,LAWDOME,1935,307.90012,,,,final,,
co2.law-dome.2k,LAWDOME,1936,308.43674,,,,final,,
co2.law-dome.2k,LAWDOME,1937,309.01041,,,,final,,
co2.law-dome.2k,LAWDOME,1938,309.57349,,,,final,,
co2.law-dome.2k,LAWDOME,1939,310.06601,,,,final,,
co2.law-dome.2k,LAWDOME,1940,310.54572,,,,final,,
co2.law-dome.2k,LAWDOME,1941,311.01089,,,,final,,
co2.law-dome.2k,LAWDOME,1942,311.44531,,,,final,,
co2.law-dome.2k,LAWDOME,1943,311.7428,,,,final,,
co2.law-dome.2k,LAWDOME,1944,311.86197,,,,final,,
co2.law-dome.2k,LAWDOME,1945,311.82974,,,,final,,
co2.law-dome.2k,LAWDOME,1946,311.73679,,,,final,,
co2.law-dome.2k,LAWDOME,1947,311.62228,,,,final,,
co2.law-dome.2k,LAWDOME,1948,311.55435,,,,final,,
co2.law-dome.2k,LAWDOME,1949,311.62064,,,,final,,
co2.law-dome.2k,LAWDOME,1950,311.82462,,,,final,,
co2.law-dome.2k,LAWDOME,1951,312.09558,,,,final,,
co2.law-dome.2k,LAWDOME,1952,312.43259,,,,final,,
co2.law-dome.2k,LAWDOME,1953,312.854,,,,final,,
co2.law-dome.2k,LAWDOME,1954,313.37219,,,,final,,
co2.law-dome.2k,LAWDOME,1955,313.94617,,,,final,,
co2.law-dome.2k,LAWDOME,1956,314.43521,,,,final,,
co2.law-dome.2k,LAWDOME,1957,314.76654,,,,final,,
co2.law-dome.2k,LAWDOME,1958,314.98053,,,,final,,
co2.law-dome.2k,LAWDOME,1959,315.18759,,,,final,,
co2.law-dome.2k,LAWDOME,1960,315.49371,,,,final,,
co2.law-dome.2k,LAWDOME,1961,316.047,,,,final,,
co2.law-dome.2k,LAWDOME,1962,316.87311,,,,final,,
co2.law-dome.2k,LAWDOME,1963,317.77029,,,,final,,
co2.law-dome.2k,LAWDOME,1964,318.5936,,,,final,,
co2.law-dome.2k,LAWDOME,1965,319.35358,,,,final,,
co2.law-dome.2k,LAWDOME,1966,320.12021,,,,final,,
co2.law-dome.2k,LAWDOME,1967,320.95251,,,,final,,
co2.law-dome.2k,LAWDOME,1968,321.88638,,,,final,,
co2.law-dome.2k,LAWDOME,1969,322.93195,,,,final,,
co2.law-dome.2k,LAWDOME,1970,324.08948,,,,final,,
co2.law-dome.2k,LAWDOME,1971,325.32104,,,,final,,
co2.law-dome.2k,LAWDOME,1972,326.60791,,,,final,,
co2.law-dome.2k,LAWDOME,1973,327.9245,,,,final,,
co2.law-dome.2k,LAWDOME,1974,329.1947,,,,final,,
co2.law-dome.2k,LAWDOME,1975,330.41385,,,,final,,
co2.law-dome.2k,LAWDOME,1976,331.56717,,,,final,,
co2.law-dome.2k,LAWDOME,1977,332.66833,,,,final,,
co2.law-dome.2k,LAWDOME,1978,333.76736,,,,final,,
co2.law-dome.2k,LAWDOME,1979,334.91339,,,,final,,
co2.law-dome.2k,LAWDOME,1980,336.14249,,,,final,,
co2.law-dome.2k,LAWDOME,1981,337.44739,,,,final,,
co2.law-dome.2k,LAWDOME,1982,338.81186,,,,final,,
co2.law-dome.2k,LAWDOME,1983,340.21954,,,,final,,
co2.law-dome.2k,LAWDOME,1984,341.65845,,,,final,,
co2.law-dome.2k,LAWDOME,1985,343.13498,,,,final,,
co2.law-dome.2k,LAWDOME,1986,344.65659,,,,final,,
co2.law-dome.2k,LAWDOME,1987,346.21585,,,,final,,
co2.law-dome.2k,LAWDOME,1988,347.79245,,,,final,,
co2.law-dome.2k,LAWDOME,1989,349.35315,,,,final,,
co2.law-dome.2k,LAWDOME,1990,350.86429,,,,final,,
co2.law-dome.2k,LAWDOME,1991,352.31216,,,,final,,
co2.law-dome.2k,LAWDOME,1992,353.71548,,,,final,,
co2.law-dome.2k,LAWDOME,1993,355.11093,,,,final,,
co2.law-dome.2k,LAWDOME,1994,356.52402,,,,final,,
co2.law-dome.2k,LAWDOME,1995,357.95081,,,,final,,
co2.law-dome.2k,LAWDOME,1996,359.38354,,,,final,,
