# Carbon dioxide, global annual mean
# Indicator: co2.noaa-gml.annual-global (vintage 2026-09); unit: parts per million (ppm)
# Source: NOAA Global Monitoring Laboratory <https://gml.noaa.gov/ccgg/trends/>
# Credit: NOAA Global Monitoring Laboratory (Lan, Tans & Thoning), version 2026-09, doi:10.15138/9N0H-ZH07. Mauna Loa data March 1958 to April 1974: C. David Keeling, Scripps Institution of Oceanography.
# Notice: The NOAA Global Monitoring Laboratory greenhouse gas trend values (Mauna Loa carbon dioxide from May 1974, and the global marine surface means) are US Government material and are not subject to copyright protection in the United States.
# Licence: Public domain (work of the US federal government) <https://www.copyright.gov/title17/92chap1.html#105>
# Provenance and processing: https://environmentdashboard.org/data/co2.noaa-gml.annual-global
indicator_id,entity,period,value,lower,upper,interval,status,note,missing_reason
co2.noaa-gml.annual-global,WLD,1979,336.85,336.75,336.95,1sigma,final,,
co2.noaa-gml.annual-global,WLD,1980,338.91,338.84,338.98,1sigma,final,,
co2.noaa-gml.annual-global,WLD,1981,340.11,340.03,340.19,1sigma,final,,
co2.noaa-gml.annual-global,WLD,1982,340.85,340.82,340.88,1sigma,final,,
co2.noaa-gml.annual-global,WLD,1983,342.53,342.47,342.59,1sigma,final,,
co2.noaa-gml.annual-global,WLD,1984,344.07,344.0,344.14,1sigma,final,,
co2.noaa-gml.annual-global,WLD,1985,345.54,345.47,345.61,1sigma,final,,
co2.noaa-gml.annual-global,WLD,1986,346.97,346.9,347.04,1sigma,final,,
co2.noaa-gml.annual-global,WLD,1987,348.68,348.58,348.78,1sigma,final,,
co2.noaa-gml.annual-global,WLD,1988,351.16,351.09,351.23,1sigma,final,,
co2.noaa-gml.annual-global,WLD,1989,352.79,352.73,352.85,1sigma,final,,
co2.noaa-gml.annual-global,WLD,1990,354.06,353.99,354.13,1sigma,final,,
co2.noaa-gml.annual-global,WLD,1991,355.4,355.34,355.46,1sigma,final,,
co2.noaa-gml.annual-global,WLD,1992,356.09,356.03,356.15,1sigma,final,,
co2.noaa-gml.annual-global,WLD,1993,356.83,356.76,356.9,1sigma,final,,
co2.noaa-gml.annual-global,WLD,1994,358.33,358.24,358.42,1sigma,final,,
co2.noaa-gml.annual-global,WLD,1995,360.18,360.14,360.22,1sigma,final,,
co2.noaa-gml.annual-global,WLD,1996,361.93,361.89,361.97,1sigma,final,,
co2.noaa-gml.annual-global,WLD,1997,363.04,362.99,363.09,1sigma,final,,
co2.noaa-gml.annual-global,WLD,1998,365.7,365.65,365.75,1sigma,final,,
co2.noaa-gml.annual-global,WLD,1999,367.79,367.73,367.85,1sigma,final,,
co2.noaa-gml.annual-global,WLD,2000,368.96,368.9,369.02,1sigma,final,,
co2.noaa-gml.annual-global,WLD,2001,370.56,370.51,370.61,1sigma,final,,
co2.noaa-gml.annual-global,WLD,2002,372.58,372.54,372.62,1sigma,final,,
co2.noaa-gml.annual-global,WLD,2003,375.14,375.1,375.18,1sigma,final,,
co2.noaa-gml.annual-global,WLD,2004,376.94,376.89,376.99,1sigma,final,,
co2.noaa-gml.annual-global,WLD,2005,378.98,378.93,379.03,1sigma,final,,
co2.noaa-gml.annual-global,WLD,2006,381.15,381.1,381.2,1sigma,final,,
co2.noaa-gml.annual-global,WLD,2007,382.9,382.85,382.95,1sigma,final,,
co2.noaa-gml.annual-global,WLD,2008,385.02,384.98,385.06,1sigma,final,,
co2.noaa-gml.annual-global,WLD,2009,386.5,386.46,386.54,1sigma,final,,
co2.noaa-gml.annual-global,WLD,2010,388.75,388.69,388.81,1sigma,final,,
co2.noaa-gml.annual-global,WLD,2011,390.62,390.56,390.68,1sigma,final,,
co2.noaa-gml.annual-global,WLD,2012,392.65,392.58,392.72,1sigma,final,,
co2.noaa-gml.annual-global,WLD,2013,395.4,395.34,395.46,1sigma,final,,
co2.noaa-gml.annual-global,WLD,2014,397.34,397.28,397.4,1sigma,final,,
co2.noaa-gml.annual-global,WLD,2015,399.65,399.6,399.7,1sigma,final,,
co2.noaa-gml.annual-global,WLD,2016,403.07,403.0,403.14,1sigma,final,,
co2.noaa-gml.annual-global,WLD,2017,405.22,405.15,405.29,1sigma,final,,
co2.noaa-gml.annual-global,WLD,2018,407.61,407.54,407.68,1sigma,final,,
co2.noaa-gml.annual-global,WLD,2019,410.07,409.99,410.15,1sigma,final,,
co2.noaa-gml.annual-global,WLD,2020,412.44,412.37,412.51,1sigma,final,,
co2.noaa-gml.annual-global,WLD,2021,414.7,414.64,414.76,1sigma,final,,
co2.noaa-gml.annual-global,WLD,2022,417.08,416.99,417.17,1sigma,final,,
co2.noaa-gml.annual-global,WLD,2023,419.35,419.25,419.45,1sigma,final,,
co2.noaa-gml.annual-global,WLD,2024,422.79,422.7,422.88,1sigma,final,,
co2.noaa-gml.annual-global,WLD,2025,425.62,425.57,425.67,1sigma,preliminary,,
