# Change in world fossil-fuel electricity from a year earlier, monthly
# Indicator: electricity.ember.monthly-fossil-change-world (vintage 2026-09-18); unit: percent change from the same month a year earlier (percent-change)
# Source: Ember <https://ember-energy.org/data/monthly-electricity-data/>
# Credit: Ember, Monthly Electricity Data (file of 2026-09-18), CC BY 4.0.
# Licence: CC BY 4.0 <https://creativecommons.org/licenses/by/4.0/>
# Provenance and processing: https://environmentdashboard.org/data/electricity/ember/monthly-fossil-change-world
indicator_id,entity,period,value,lower,upper,interval,status,note,missing_reason,age_bp
electricity.ember.monthly-fossil-change-world,WLD,2020-01,-2.769,,,,final,Ember's World estimate for this month; the file has Total generation for 86 countries and economies.,,
electricity.ember.monthly-fossil-change-world,WLD,2020-02,-6.555,,,,final,Ember's World estimate for this month; the file has Total generation for 86 countries and economies.,,
electricity.ember.monthly-fossil-change-world,WLD,2020-03,-6.68,,,,final,Ember's World estimate for this month; the file has Total generation for 86 countries and economies.,,
electricity.ember.monthly-fossil-change-world,WLD,2020-04,-8.238,,,,final,Ember's World estimate for this month; the file has Total generation for 86 countries and economies.,,
electricity.ember.monthly-fossil-change-world,WLD,2020-05,-6.133,,,,final,Ember's World estimate for this month; the file has Total generation for 86 countries and economies.,,
electricity.ember.monthly-fossil-change-world,WLD,2020-06,-2.356,,,,final,Ember's World estimate for this month; the file has Total generation for 86 countries and economies.,,
electricity.ember.monthly-fossil-change-world,WLD,2020-07,-2.942,,,,final,Ember's World estimate for this month; the file has Total generation for 86 countries and economies.,,
electricity.ember.monthly-fossil-change-world,WLD,2020-08,0.552,,,,final,Ember's World estimate for this month; the file has Total generation for 86 countries and economies.,,
electricity.ember.monthly-fossil-change-world,WLD,2020-09,-2.0,,,,final,Ember's World estimate for this month; the file has Total generation for 86 countries and economies.,,
electricity.ember.monthly-fossil-change-world,WLD,2020-10,-3.189,,,,final,Ember's World estimate for this month; the file has Total generation for 86 countries and economies.,,
electricity.ember.monthly-fossil-change-world,WLD,2020-11,-0.066,,,,final,Ember's World estimate for this month; the file has Total generation for 86 countries and economies.,,
electricity.ember.monthly-fossil-change-world,WLD,2020-12,5.204,,,,final,Ember's World estimate for this month; the file has Total generation for 86 countries and economies.,,
electricity.ember.monthly-fossil-change-world,WLD,2021-01,7.301,,,,final,Ember's World estimate for this month; the file has Total generation for 86 countries and economies.,,
electricity.ember.monthly-fossil-change-world,WLD,2021-02,6.51,,,,final,Ember's World estimate for this month; the file has Total generation for 86 countries and economies.,,
electricity.ember.monthly-fossil-change-world,WLD,2021-03,13.06,,,,final,Ember's World estimate for this month; the file has Total generation for 86 countries and economies.,,
electricity.ember.monthly-fossil-change-world,WLD,2021-04,16.091,,,,final,Ember's World estimate for this month; the file has Total generation for 86 countries and economies.,,
electricity.ember.monthly-fossil-change-world,WLD,2021-05,8.991,,,,final,Ember's World estimate for this month; the file has Total generation for 86 countries and economies.,,
electricity.ember.monthly-fossil-change-world,WLD,2021-06,9.298,,,,final,Ember's World estimate for this month; the file has Total generation for 86 countries and economies.,,
electricity.ember.monthly-fossil-change-world,WLD,2021-07,6.46,,,,final,Ember's World estimate for this month; the file has Total generation for 86 countries and economies.,,
electricity.ember.monthly-fossil-change-world,WLD,2021-08,3.136,,,,final,Ember's World estimate for this month; the file has Total generation for 86 countries and economies.,,
electricity.ember.monthly-fossil-change-world,WLD,2021-09,2.809,,,,final,Ember's World estimate for this month; the file has Total generation for 86 countries and economies.,,
electricity.ember.monthly-fossil-change-world,WLD,2021-10,4.463,,,,final,Ember's World estimate for this month; the file has Total generation for 86 countries and economies.,,
electricity.ember.monthly-fossil-change-world,WLD,2021-11,1.989,,,,final,Ember's World estimate for this month; the file has Total generation for 86 countries and economies.,,
electricity.ember.monthly-fossil-change-world,WLD,2021-12,-1.959,,,,final,Ember's World estimate for this month; the file has Total generation for 86 countries and economies.,,
electricity.ember.monthly-fossil-change-world,WLD,2022-01,3.243,,,,final,Ember's World estimate for this month; the file has Total generation for 87 countries and economies.,,
electricity.ember.monthly-fossil-change-world,WLD,2022-02,2.689,,,,final,Ember's World estimate for this month; the file has Total generation for 87 countries and economies.,,
electricity.ember.monthly-fossil-change-world,WLD,2022-03,-0.04,,,,final,Ember's World estimate for this month; the file has Total generation for 87 countries and economies.,,
electricity.ember.monthly-fossil-change-world,WLD,2022-04,-3.567,,,,final,Ember's World estimate for this month; the file has Total generation for 87 countries and economies.,,
electricity.ember.monthly-fossil-change-world,WLD,2022-05,-0.932,,,,final,Ember's World estimate for this month; the file has Total generation for 87 countries and economies.,,
electricity.ember.monthly-fossil-change-world,WLD,2022-06,-0.591,,,,final,Ember's World estimate for this month; the file has Total generation for 87 countries and economies.,,
electricity.ember.monthly-fossil-change-world,WLD,2022-07,2.789,,,,final,Ember's World estimate for this month; the file has Total generation for 87 countries and economies.,,
electricity.ember.monthly-fossil-change-world,WLD,2022-08,5.747,,,,final,Ember's World estimate for this month; the file has Total generation for 87 countries and economies.,,
electricity.ember.monthly-fossil-change-world,WLD,2022-09,3.36,,,,final,Ember's World estimate for this month; the file has Total generation for 87 countries and economies.,,
electricity.ember.monthly-fossil-change-world,WLD,2022-10,-1.015,,,,preliminary,"Ember's World estimate for this month; the file has Total generation for 87 countries and economies. 1 of the 87 with generation for an earlier month have none for this month, so their part of the World total is estimated.",,
electricity.ember.monthly-fossil-change-world,WLD,2022-11,-0.778,,,,preliminary,"Ember's World estimate for this month; the file has Total generation for 87 countries and economies. 1 of the 88 with generation for an earlier month have none for this month, so their part of the World total is estimated.",,
electricity.ember.monthly-fossil-change-world,WLD,2022-12,2.913,,,,preliminary,"Ember's World estimate for this month; the file has Total generation for 87 countries and economies. 1 of the 88 with generation for an earlier month have none for this month, so their part of the World total is estimated.",,
electricity.ember.monthly-fossil-change-world,WLD,2023-01,-7.29,,,,preliminary,"Ember's World estimate for this month; the file has Total generation for 87 countries and economies. 1 of the 88 with generation for an earlier month have none for this month, so their part of the World total is estimated.",,
electricity.ember.monthly-fossil-change-world,WLD,2023-02,3.799,,,,preliminary,"Ember's World estimate for this month; the file has Total generation for 87 countries and economies. 1 of the 88 with generation for an earlier month have none for this month, so their part of the World total is estimated.",,
electricity.ember.monthly-fossil-change-world,WLD,2023-03,1.08,,,,preliminary,"Ember's World estimate for this month; the file has Total generation for 87 countries and economies. 1 of the 88 with generation for an earlier month have none for this month, so their part of the World total is estimated.",,
electricity.ember.monthly-fossil-change-world,WLD,2023-04,1.366,,,,preliminary,"Ember's World estimate for this month; the file has Total generation for 87 countries and economies. 1 of the 88 with generation for an earlier month have none for this month, so their part of the World total is estimated.",,
electricity.ember.monthly-fossil-change-world,WLD,2023-05,4.049,,,,preliminary,"Ember's World estimate for this month; the file has Total generation for 87 countries and economies. 1 of the 88 with generation for an earlier month have none for this month, so their part of the World total is estimated.",,
electricity.ember.monthly-fossil-change-world,WLD,2023-06,2.656,,,,preliminary,"Ember's World estimate for this month; the file has Total generation for 87 countries and economies. 1 of the 88 with generation for an earlier month have none for this month, so their part of the World total is estimated.",,
electricity.ember.monthly-fossil-change-world,WLD,2023-07,2.647,,,,preliminary,"Ember's World estimate for this month; the file has Total generation for 87 countries and economies. 1 of the 88 with generation for an earlier month have none for this month, so their part of the World total is estimated.",,
electricity.ember.monthly-fossil-change-world,WLD,2023-08,-0.226,,,,preliminary,"Ember's World estimate for this month; the file has Total generation for 87 countries and economies. 1 of the 88 with generation for an earlier month have none for this month, so their part of the World total is estimated.",,
electricity.ember.monthly-fossil-change-world,WLD,2023-09,2.539,,,,preliminary,"Ember's World estimate for this month; the file has Total generation for 87 countries and economies. 1 of the 88 with generation for an earlier month have none for this month, so their part of the World total is estimated.",,
electricity.ember.monthly-fossil-change-world,WLD,2023-10,4.486,,,,preliminary,"Ember's World estimate for this month; the file has Total generation for 87 countries and economies. 1 of the 88 with generation for an earlier month have none for this month, so their part of the World total is estimated.",,
electricity.ember.monthly-fossil-change-world,WLD,2023-11,2.678,,,,preliminary,"Ember's World estimate for this month; the file has Total generation for 87 countries and economies. 1 of the 88 with generation for an earlier month have none for this month, so their part of the World total is estimated.",,
electricity.ember.monthly-fossil-change-world,WLD,2023-12,1.231,,,,preliminary,"Ember's World estimate for this month; the file has Total generation for 87 countries and economies. 1 of the 88 with generation for an earlier month have none for this month, so their part of the World total is estimated.",,
electricity.ember.monthly-fossil-change-world,WLD,2024-01,6.457,,,,preliminary,"Ember's World estimate for this month; the file has Total generation for 87 countries and economies. 1 of the 88 with generation for an earlier month have none for this month, so their part of the World total is estimated.",,
electricity.ember.monthly-fossil-change-world,WLD,2024-02,7.008,,,,preliminary,"Ember's World estimate for this month; the file has Total generation for 87 countries and economies. 1 of the 88 with generation for an earlier month have none for this month, so their part of the World total is estimated.",,
electricity.ember.monthly-fossil-change-world,WLD,2024-03,1.063,,,,preliminary,"Ember's World estimate for this month; the file has Total generation for 87 countries and economies. 1 of the 88 with generation for an earlier month have none for this month, so their part of the World total is estimated.",,
electricity.ember.monthly-fossil-change-world,WLD,2024-04,1.598,,,,preliminary,"Ember's World estimate for this month; the file has Total generation for 87 countries and economies. 1 of the 88 with generation for an earlier month have none for this month, so their part of the World total is estimated.",,
electricity.ember.monthly-fossil-change-world,WLD,2024-05,1.014,,,,preliminary,"Ember's World estimate for this month; the file has Total generation for 87 countries and economies. 1 of the 88 with generation for an earlier month have none for this month, so their part of the World total is estimated.",,
electricity.ember.monthly-fossil-change-world,WLD,2024-06,-0.87,,,,preliminary,"Ember's World estimate for this month; the file has Total generation for 87 countries and economies. 1 of the 88 with generation for an earlier month have none for this month, so their part of the World total is estimated.",,
electricity.ember.monthly-fossil-change-world,WLD,2024-07,-0.706,,,,preliminary,"Ember's World estimate for this month; the file has Total generation for 86 countries and economies. 2 of the 88 with generation for an earlier month have none for this month, so their part of the World total is estimated.",,
electricity.ember.monthly-fossil-change-world,WLD,2024-08,1.441,,,,preliminary,"Ember's World estimate for this month; the file has Total generation for 86 countries and economies. 2 of the 88 with generation for an earlier month have none for this month, so their part of the World total is estimated.",,
electricity.ember.monthly-fossil-change-world,WLD,2024-09,2.909,,,,preliminary,"Ember's World estimate for this month; the file has Total generation for 86 countries and economies. 2 of the 88 with generation for an earlier month have none for this month, so their part of the World total is estimated.",,
electricity.ember.monthly-fossil-change-world,WLD,2024-10,1.5,,,,preliminary,"Ember's World estimate for this month; the file has Total generation for 86 countries and economies. 2 of the 88 with generation for an earlier month have none for this month, so their part of the World total is estimated.",,
electricity.ember.monthly-fossil-change-world,WLD,2024-11,2.46,,,,preliminary,"Ember's World estimate for this month; the file has Total generation for 86 countries and economies. 2 of the 88 with generation for an earlier month have none for this month, so their part of the World total is estimated.",,
electricity.ember.monthly-fossil-change-world,WLD,2024-12,0.439,,,,preliminary,"Ember's World estimate for this month; the file has Total generation for 86 countries and economies. 2 of the 88 with generation for an earlier month have none for this month, so their part of the World total is estimated.",,
electricity.ember.monthly-fossil-change-world,WLD,2025-01,0.426,,,,preliminary,"Ember's World estimate for this month; the file has Total generation for 85 countries and economies. 3 of the 88 with generation for an earlier month have none for this month, so their part of the World total is estimated.",,
electricity.ember.monthly-fossil-change-world,WLD,2025-02,-2.041,,,,preliminary,"Ember's World estimate for this month; the file has Total generation for 85 countries and economies. 3 of the 88 with generation for an earlier month have none for this month, so their part of the World total is estimated.",,
electricity.ember.monthly-fossil-change-world,WLD,2025-03,-0.863,,,,preliminary,"Ember's World estimate for this month; the file has Total generation for 85 countries and economies. 3 of the 88 with generation for an earlier month have none for this month, so their part of the World total is estimated.",,
electricity.ember.monthly-fossil-change-world,WLD,2025-04,0.495,,,,preliminary,"Ember's World estimate for this month; the file has Total generation for 85 countries and economies. 3 of the 88 with generation for an earlier month have none for this month, so their part of the World total is estimated.",,
electricity.ember.monthly-fossil-change-world,WLD,2025-05,-1.228,,,,preliminary,"Ember's World estimate for this month; the file has Total generation for 84 countries and economies. 4 of the 88 with generation for an earlier month have none for this month, so their part of the World total is estimated.",,
electricity.ember.monthly-fossil-change-world,WLD,2025-06,-0.492,,,,preliminary,"Ember's World estimate for this month; the file has Total generation for 84 countries and economies. 4 of the 88 with generation for an earlier month have none for this month, so their part of the World total is estimated.",,
electricity.ember.monthly-fossil-change-world,WLD,2025-07,2.206,,,,preliminary,"Ember's World estimate for this month; the file has Total generation for 84 countries and economies. 4 of the 88 with generation for an earlier month have none for this month, so their part of the World total is estimated.",,
electricity.ember.monthly-fossil-change-world,WLD,2025-08,0.346,,,,preliminary,"Ember's World estimate for this month; the file has Total generation for 84 countries and economies. 4 of the 88 with generation for an earlier month have none for this month, so their part of the World total is estimated.",,
electricity.ember.monthly-fossil-change-world,WLD,2025-09,-2.424,,,,preliminary,"Ember's World estimate for this month; the file has Total generation for 84 countries and economies. 4 of the 88 with generation for an earlier month have none for this month, so their part of the World total is estimated.",,
electricity.ember.monthly-fossil-change-world,WLD,2025-10,1.872,,,,preliminary,"Ember's World estimate for this month; the file has Total generation for 84 countries and economies. 4 of the 88 with generation for an earlier month have none for this month, so their part of the World total is estimated.",,
electricity.ember.monthly-fossil-change-world,WLD,2025-11,-2.65,,,,preliminary,"Ember's World estimate for this month; the file has Total generation for 83 countries and economies. 5 of the 88 with generation for an earlier month have none for this month, so their part of the World total is estimated.",,
electricity.ember.monthly-fossil-change-world,WLD,2025-12,0.365,,,,preliminary,"Ember's World estimate for this month; the file has Total generation for 82 countries and economies. 6 of the 88 with generation for an earlier month have none for this month, so their part of the World total is estimated.",,
electricity.ember.monthly-fossil-change-world,WLD,2026-01,-0.147,,,,preliminary,"Ember's World estimate for this month; the file has Total generation for 80 countries and economies. 8 of the 88 with generation for an earlier month have none for this month, so their part of the World total is estimated.",,
electricity.ember.monthly-fossil-change-world,WLD,2026-02,2.203,,,,preliminary,"Ember's World estimate for this month; the file has Total generation for 80 countries and economies. 8 of the 88 with generation for an earlier month have none for this month, so their part of the World total is estimated.",,
electricity.ember.monthly-fossil-change-world,WLD,2026-03,1.925,,,,preliminary,"Ember's World estimate for this month; the file has Total generation for 80 countries and economies. 8 of the 88 with generation for an earlier month have none for this month, so their part of the World total is estimated.",,
electricity.ember.monthly-fossil-change-world,WLD,2026-04,1.343,,,,preliminary,"Ember's World estimate for this month; the file has Total generation for 72 countries and economies. 16 of the 88 with generation for an earlier month have none for this month, so their part of the World total is estimated.",,
electricity.ember.monthly-fossil-change-world,WLD,2026-05,1.95,,,,preliminary,"Ember's World estimate for this month; the file has Total generation for 71 countries and economies. 17 of the 88 with generation for an earlier month have none for this month, so their part of the World total is estimated.",,
electricity.ember.monthly-fossil-change-world,WLD,2026-06,0.788,,,,preliminary,"Ember's World estimate for this month; the file has Total generation for 64 countries and economies. 24 of the 88 with generation for an earlier month have none for this month, so their part of the World total is estimated.",,
electricity.ember.monthly-fossil-change-world,WLD,2026-07,-0.886,,,,preliminary,"Ember's World estimate for this month; the file has Total generation for 56 countries and economies. 32 of the 88 with generation for an earlier month have none for this month, so their part of the World total is estimated.",,
