# Share of world electricity from clean sources, monthly
# Indicator: electricity.ember.monthly-clean-share-world (vintage 2026-09-18); unit: percent of electricity generation (percent)
# Source: Ember <https://ember-energy.org/data/monthly-electricity-data/>
# Credit: Ember, Monthly Electricity Data (file of 2026-09-18), CC BY 4.0.
# Licence: CC BY 4.0 <https://creativecommons.org/licenses/by/4.0/>
# Provenance and processing: https://environmentdashboard.org/data/electricity/ember/monthly-clean-share-world
indicator_id,entity,period,value,lower,upper,interval,status,note,missing_reason,age_bp
electricity.ember.monthly-clean-share-world,WLD,2019-01,34.107,,,,final,Ember's World estimate for this month; the file has Total generation for 84 countries and economies.,,
electricity.ember.monthly-clean-share-world,WLD,2019-02,36.636,,,,final,Ember's World estimate for this month; the file has Total generation for 84 countries and economies.,,
electricity.ember.monthly-clean-share-world,WLD,2019-03,37.689,,,,final,Ember's World estimate for this month; the file has Total generation for 84 countries and economies.,,
electricity.ember.monthly-clean-share-world,WLD,2019-04,38.825,,,,final,Ember's World estimate for this month; the file has Total generation for 84 countries and economies.,,
electricity.ember.monthly-clean-share-world,WLD,2019-05,39.312,,,,final,Ember's World estimate for this month; the file has Total generation for 84 countries and economies.,,
electricity.ember.monthly-clean-share-world,WLD,2019-06,37.54,,,,final,Ember's World estimate for this month; the file has Total generation for 84 countries and economies.,,
electricity.ember.monthly-clean-share-world,WLD,2019-07,35.723,,,,final,Ember's World estimate for this month; the file has Total generation for 84 countries and economies.,,
electricity.ember.monthly-clean-share-world,WLD,2019-08,35.379,,,,final,Ember's World estimate for this month; the file has Total generation for 84 countries and economies.,,
electricity.ember.monthly-clean-share-world,WLD,2019-09,36.053,,,,final,Ember's World estimate for this month; the file has Total generation for 84 countries and economies.,,
electricity.ember.monthly-clean-share-world,WLD,2019-10,36.956,,,,final,Ember's World estimate for this month; the file has Total generation for 84 countries and economies.,,
electricity.ember.monthly-clean-share-world,WLD,2019-11,36.377,,,,final,Ember's World estimate for this month; the file has Total generation for 84 countries and economies.,,
electricity.ember.monthly-clean-share-world,WLD,2019-12,35.363,,,,final,Ember's World estimate for this month; the file has Total generation for 84 countries and economies.,,
electricity.ember.monthly-clean-share-world,WLD,2020-01,34.872,,,,final,Ember's World estimate for this month; the file has Total generation for 86 countries and economies.,,
electricity.ember.monthly-clean-share-world,WLD,2020-02,39.804,,,,final,Ember's World estimate for this month; the file has Total generation for 86 countries and economies.,,
electricity.ember.monthly-clean-share-world,WLD,2020-03,40.097,,,,final,Ember's World estimate for this month; the file has Total generation for 86 countries and economies.,,
electricity.ember.monthly-clean-share-world,WLD,2020-04,40.783,,,,final,Ember's World estimate for this month; the file has Total generation for 86 countries and economies.,,
electricity.ember.monthly-clean-share-world,WLD,2020-05,40.546,,,,final,Ember's World estimate for this month; the file has Total generation for 86 countries and economies.,,
electricity.ember.monthly-clean-share-world,WLD,2020-06,38.832,,,,final,Ember's World estimate for this month; the file has Total generation for 86 countries and economies.,,
electricity.ember.monthly-clean-share-world,WLD,2020-07,37.388,,,,final,Ember's World estimate for this month; the file has Total generation for 86 countries and economies.,,
electricity.ember.monthly-clean-share-world,WLD,2020-08,36.296,,,,final,Ember's World estimate for this month; the file has Total generation for 86 countries and economies.,,
electricity.ember.monthly-clean-share-world,WLD,2020-09,38.008,,,,final,Ember's World estimate for this month; the file has Total generation for 86 countries and economies.,,
electricity.ember.monthly-clean-share-world,WLD,2020-10,39.985,,,,final,Ember's World estimate for this month; the file has Total generation for 86 countries and economies.,,
electricity.ember.monthly-clean-share-world,WLD,2020-11,37.135,,,,final,Ember's World estimate for this month; the file has Total generation for 86 countries and economies.,,
electricity.ember.monthly-clean-share-world,WLD,2020-12,35.144,,,,final,Ember's World estimate for this month; the file has Total generation for 86 countries and economies.,,
electricity.ember.monthly-clean-share-world,WLD,2021-01,34.903,,,,final,Ember's World estimate for this month; the file has Total generation for 86 countries and economies.,,
electricity.ember.monthly-clean-share-world,WLD,2021-02,38.965,,,,final,Ember's World estimate for this month; the file has Total generation for 86 countries and economies.,,
electricity.ember.monthly-clean-share-world,WLD,2021-03,38.243,,,,final,Ember's World estimate for this month; the file has Total generation for 86 countries and economies.,,
electricity.ember.monthly-clean-share-world,WLD,2021-04,38.88,,,,final,Ember's World estimate for this month; the file has Total generation for 86 countries and economies.,,
electricity.ember.monthly-clean-share-world,WLD,2021-05,40.676,,,,final,Ember's World estimate for this month; the file has Total generation for 86 countries and economies.,,
electricity.ember.monthly-clean-share-world,WLD,2021-06,37.867,,,,final,Ember's World estimate for this month; the file has Total generation for 86 countries and economies.,,
electricity.ember.monthly-clean-share-world,WLD,2021-07,36.977,,,,final,Ember's World estimate for this month; the file has Total generation for 86 countries and economies.,,
electricity.ember.monthly-clean-share-world,WLD,2021-08,36.531,,,,final,Ember's World estimate for this month; the file has Total generation for 86 countries and economies.,,
electricity.ember.monthly-clean-share-world,WLD,2021-09,38.511,,,,final,Ember's World estimate for this month; the file has Total generation for 86 countries and economies.,,
electricity.ember.monthly-clean-share-world,WLD,2021-10,39.487,,,,final,Ember's World estimate for this month; the file has Total generation for 86 countries and economies.,,
electricity.ember.monthly-clean-share-world,WLD,2021-11,38.078,,,,final,Ember's World estimate for this month; the file has Total generation for 86 countries and economies.,,
electricity.ember.monthly-clean-share-world,WLD,2021-12,37.151,,,,final,Ember's World estimate for this month; the file has Total generation for 86 countries and economies.,,
electricity.ember.monthly-clean-share-world,WLD,2022-01,35.251,,,,final,Ember's World estimate for this month; the file has Total generation for 87 countries and economies.,,
electricity.ember.monthly-clean-share-world,WLD,2022-02,39.67,,,,final,Ember's World estimate for this month; the file has Total generation for 87 countries and economies.,,
electricity.ember.monthly-clean-share-world,WLD,2022-03,39.644,,,,final,Ember's World estimate for this month; the file has Total generation for 87 countries and economies.,,
electricity.ember.monthly-clean-share-world,WLD,2022-04,41.998,,,,final,Ember's World estimate for this month; the file has Total generation for 87 countries and economies.,,
electricity.ember.monthly-clean-share-world,WLD,2022-05,42.582,,,,final,Ember's World estimate for this month; the file has Total generation for 87 countries and economies.,,
electricity.ember.monthly-clean-share-world,WLD,2022-06,40.156,,,,final,Ember's World estimate for this month; the file has Total generation for 87 countries and economies.,,
electricity.ember.monthly-clean-share-world,WLD,2022-07,37.575,,,,final,Ember's World estimate for this month; the file has Total generation for 87 countries and economies.,,
electricity.ember.monthly-clean-share-world,WLD,2022-08,35.977,,,,final,Ember's World estimate for this month; the file has Total generation for 87 countries and economies.,,
electricity.ember.monthly-clean-share-world,WLD,2022-09,37.64,,,,final,Ember's World estimate for this month; the file has Total generation for 87 countries and economies.,,
electricity.ember.monthly-clean-share-world,WLD,2022-10,40.077,,,,preliminary,"Ember's World estimate for this month; the file has Total generation for 87 countries and economies. 1 of the 87 with generation for an earlier month have none for this month, so their part of the World total is estimated.",,
electricity.ember.monthly-clean-share-world,WLD,2022-11,38.94,,,,preliminary,"Ember's World estimate for this month; the file has Total generation for 87 countries and economies. 1 of the 88 with generation for an earlier month have none for this month, so their part of the World total is estimated.",,
electricity.ember.monthly-clean-share-world,WLD,2022-12,36.944,,,,preliminary,"Ember's World estimate for this month; the file has Total generation for 87 countries and economies. 1 of the 88 with generation for an earlier month have none for this month, so their part of the World total is estimated.",,
electricity.ember.monthly-clean-share-world,WLD,2023-01,38.211,,,,preliminary,"Ember's World estimate for this month; the file has Total generation for 87 countries and economies. 1 of the 88 with generation for an earlier month have none for this month, so their part of the World total is estimated.",,
electricity.ember.monthly-clean-share-world,WLD,2023-02,39.493,,,,preliminary,"Ember's World estimate for this month; the file has Total generation for 87 countries and economies. 1 of the 88 with generation for an earlier month have none for this month, so their part of the World total is estimated.",,
electricity.ember.monthly-clean-share-world,WLD,2023-03,40.034,,,,preliminary,"Ember's World estimate for this month; the file has Total generation for 87 countries and economies. 1 of the 88 with generation for an earlier month have none for this month, so their part of the World total is estimated.",,
electricity.ember.monthly-clean-share-world,WLD,2023-04,41.849,,,,preliminary,"Ember's World estimate for this month; the file has Total generation for 87 countries and economies. 1 of the 88 with generation for an earlier month have none for this month, so their part of the World total is estimated.",,
electricity.ember.monthly-clean-share-world,WLD,2023-05,41.287,,,,preliminary,"Ember's World estimate for this month; the file has Total generation for 87 countries and economies. 1 of the 88 with generation for an earlier month have none for this month, so their part of the World total is estimated.",,
electricity.ember.monthly-clean-share-world,WLD,2023-06,38.789,,,,preliminary,"Ember's World estimate for this month; the file has Total generation for 87 countries and economies. 1 of the 88 with generation for an earlier month have none for this month, so their part of the World total is estimated.",,
electricity.ember.monthly-clean-share-world,WLD,2023-07,37.725,,,,preliminary,"Ember's World estimate for this month; the file has Total generation for 87 countries and economies. 1 of the 88 with generation for an earlier month have none for this month, so their part of the World total is estimated.",,
electricity.ember.monthly-clean-share-world,WLD,2023-08,38.046,,,,preliminary,"Ember's World estimate for this month; the file has Total generation for 87 countries and economies. 1 of the 88 with generation for an earlier month have none for this month, so their part of the World total is estimated.",,
electricity.ember.monthly-clean-share-world,WLD,2023-09,39.385,,,,preliminary,"Ember's World estimate for this month; the file has Total generation for 87 countries and economies. 1 of the 88 with generation for an earlier month have none for this month, so their part of the World total is estimated.",,
electricity.ember.monthly-clean-share-world,WLD,2023-10,40.953,,,,preliminary,"Ember's World estimate for this month; the file has Total generation for 87 countries and economies. 1 of the 88 with generation for an earlier month have none for this month, so their part of the World total is estimated.",,
electricity.ember.monthly-clean-share-world,WLD,2023-11,40.476,,,,preliminary,"Ember's World estimate for this month; the file has Total generation for 87 countries and economies. 1 of the 88 with generation for an earlier month have none for this month, so their part of the World total is estimated.",,
electricity.ember.monthly-clean-share-world,WLD,2023-12,38.444,,,,preliminary,"Ember's World estimate for this month; the file has Total generation for 87 countries and economies. 1 of the 88 with generation for an earlier month have none for this month, so their part of the World total is estimated.",,
electricity.ember.monthly-clean-share-world,WLD,2024-01,38.021,,,,preliminary,"Ember's World estimate for this month; the file has Total generation for 87 countries and economies. 1 of the 88 with generation for an earlier month have none for this month, so their part of the World total is estimated.",,
electricity.ember.monthly-clean-share-world,WLD,2024-02,39.941,,,,preliminary,"Ember's World estimate for this month; the file has Total generation for 87 countries and economies. 1 of the 88 with generation for an earlier month have none for this month, so their part of the World total is estimated.",,
electricity.ember.monthly-clean-share-world,WLD,2024-03,41.468,,,,preliminary,"Ember's World estimate for this month; the file has Total generation for 87 countries and economies. 1 of the 88 with generation for an earlier month have none for this month, so their part of the World total is estimated.",,
electricity.ember.monthly-clean-share-world,WLD,2024-04,43.667,,,,preliminary,"Ember's World estimate for this month; the file has Total generation for 87 countries and economies. 1 of the 88 with generation for an earlier month have none for this month, so their part of the World total is estimated.",,
electricity.ember.monthly-clean-share-world,WLD,2024-05,43.911,,,,preliminary,"Ember's World estimate for this month; the file has Total generation for 87 countries and economies. 1 of the 88 with generation for an earlier month have none for this month, so their part of the World total is estimated.",,
electricity.ember.monthly-clean-share-world,WLD,2024-06,42.627,,,,preliminary,"Ember's World estimate for this month; the file has Total generation for 87 countries and economies. 1 of the 88 with generation for an earlier month have none for this month, so their part of the World total is estimated.",,
electricity.ember.monthly-clean-share-world,WLD,2024-07,40.817,,,,preliminary,"Ember's World estimate for this month; the file has Total generation for 86 countries and economies. 2 of the 88 with generation for an earlier month have none for this month, so their part of the World total is estimated.",,
electricity.ember.monthly-clean-share-world,WLD,2024-08,39.59,,,,preliminary,"Ember's World estimate for this month; the file has Total generation for 86 countries and economies. 2 of the 88 with generation for an earlier month have none for this month, so their part of the World total is estimated.",,
electricity.ember.monthly-clean-share-world,WLD,2024-09,40.092,,,,preliminary,"Ember's World estimate for this month; the file has Total generation for 86 countries and economies. 2 of the 88 with generation for an earlier month have none for this month, so their part of the World total is estimated.",,
electricity.ember.monthly-clean-share-world,WLD,2024-10,41.854,,,,preliminary,"Ember's World estimate for this month; the file has Total generation for 86 countries and economies. 2 of the 88 with generation for an earlier month have none for this month, so their part of the World total is estimated.",,
electricity.ember.monthly-clean-share-world,WLD,2024-11,40.328,,,,preliminary,"Ember's World estimate for this month; the file has Total generation for 86 countries and economies. 2 of the 88 with generation for an earlier month have none for this month, so their part of the World total is estimated.",,
electricity.ember.monthly-clean-share-world,WLD,2024-12,39.859,,,,preliminary,"Ember's World estimate for this month; the file has Total generation for 86 countries and economies. 2 of the 88 with generation for an earlier month have none for this month, so their part of the World total is estimated.",,
electricity.ember.monthly-clean-share-world,WLD,2025-01,39.625,,,,preliminary,"Ember's World estimate for this month; the file has Total generation for 85 countries and economies. 3 of the 88 with generation for an earlier month have none for this month, so their part of the World total is estimated.",,
electricity.ember.monthly-clean-share-world,WLD,2025-02,41.595,,,,preliminary,"Ember's World estimate for this month; the file has Total generation for 85 countries and economies. 3 of the 88 with generation for an earlier month have none for this month, so their part of the World total is estimated.",,
electricity.ember.monthly-clean-share-world,WLD,2025-03,43.655,,,,preliminary,"Ember's World estimate for this month; the file has Total generation for 85 countries and economies. 3 of the 88 with generation for an earlier month have none for this month, so their part of the World total is estimated.",,
electricity.ember.monthly-clean-share-world,WLD,2025-04,45.172,,,,preliminary,"Ember's World estimate for this month; the file has Total generation for 85 countries and economies. 3 of the 88 with generation for an earlier month have none for this month, so their part of the World total is estimated.",,
electricity.ember.monthly-clean-share-world,WLD,2025-05,45.399,,,,preliminary,"Ember's World estimate for this month; the file has Total generation for 84 countries and economies. 4 of the 88 with generation for an earlier month have none for this month, so their part of the World total is estimated.",,
electricity.ember.monthly-clean-share-world,WLD,2025-06,44.441,,,,preliminary,"Ember's World estimate for this month; the file has Total generation for 84 countries and economies. 4 of the 88 with generation for an earlier month have none for this month, so their part of the World total is estimated.",,
electricity.ember.monthly-clean-share-world,WLD,2025-07,41.792,,,,preliminary,"Ember's World estimate for this month; the file has Total generation for 84 countries and economies. 4 of the 88 with generation for an earlier month have none for this month, so their part of the World total is estimated.",,
electricity.ember.monthly-clean-share-world,WLD,2025-08,40.677,,,,preliminary,"Ember's World estimate for this month; the file has Total generation for 84 countries and economies. 4 of the 88 with generation for an earlier month have none for this month, so their part of the World total is estimated.",,
electricity.ember.monthly-clean-share-world,WLD,2025-09,42.933,,,,preliminary,"Ember's World estimate for this month; the file has Total generation for 84 countries and economies. 4 of the 88 with generation for an earlier month have none for this month, so their part of the World total is estimated.",,
electricity.ember.monthly-clean-share-world,WLD,2025-10,43.032,,,,preliminary,"Ember's World estimate for this month; the file has Total generation for 84 countries and economies. 4 of the 88 with generation for an earlier month have none for this month, so their part of the World total is estimated.",,
electricity.ember.monthly-clean-share-world,WLD,2025-11,43.462,,,,preliminary,"Ember's World estimate for this month; the file has Total generation for 83 countries and economies. 5 of the 88 with generation for an earlier month have none for this month, so their part of the World total is estimated.",,
electricity.ember.monthly-clean-share-world,WLD,2025-12,41.397,,,,preliminary,"Ember's World estimate for this month; the file has Total generation for 82 countries and economies. 6 of the 88 with generation for an earlier month have none for this month, so their part of the World total is estimated.",,
electricity.ember.monthly-clean-share-world,WLD,2026-01,41.022,,,,preliminary,"Ember's World estimate for this month; the file has Total generation for 80 countries and economies. 8 of the 88 with generation for an earlier month have none for this month, so their part of the World total is estimated.",,
electricity.ember.monthly-clean-share-world,WLD,2026-02,42.408,,,,preliminary,"Ember's World estimate for this month; the file has Total generation for 80 countries and economies. 8 of the 88 with generation for an earlier month have none for this month, so their part of the World total is estimated.",,
electricity.ember.monthly-clean-share-world,WLD,2026-03,44.13,,,,preliminary,"Ember's World estimate for this month; the file has Total generation for 80 countries and economies. 8 of the 88 with generation for an earlier month have none for this month, so their part of the World total is estimated.",,
electricity.ember.monthly-clean-share-world,WLD,2026-04,46.061,,,,preliminary,"Ember's World estimate for this month; the file has Total generation for 72 countries and economies. 16 of the 88 with generation for an earlier month have none for this month, so their part of the World total is estimated.",,
electricity.ember.monthly-clean-share-world,WLD,2026-05,46.414,,,,preliminary,"Ember's World estimate for this month; the file has Total generation for 71 countries and economies. 17 of the 88 with generation for an earlier month have none for this month, so their part of the World total is estimated.",,
electricity.ember.monthly-clean-share-world,WLD,2026-06,45.658,,,,preliminary,"Ember's World estimate for this month; the file has Total generation for 64 countries and economies. 24 of the 88 with generation for an earlier month have none for this month, so their part of the World total is estimated.",,
electricity.ember.monthly-clean-share-world,WLD,2026-07,43.503,,,,preliminary,"Ember's World estimate for this month; the file has Total generation for 56 countries and economies. 32 of the 88 with generation for an earlier month have none for this month, so their part of the World total is estimated.",,
