# Total carbon dioxide emissions from human activity, world (Global Carbon Budget)
# Indicator: emissions.gcb-2025.total-co2-global (vintage 2025 v1.0); unit: billion tonnes of carbon dioxide per year (GtCO2/yr)
# Source: Global Carbon Project <https://www.icos-cp.eu/GCP/2025>
# Credit: Calculated by Environment Dashboard from Global Carbon Project data: Supplemental data of Global Carbon Budget 2025 (Version 1.0), ICOS Carbon Portal, doi:10.18160/GCP-2025, CC BY 4.0. Friedlingstein et al. (2026), Global Carbon Budget 2025, Earth Syst. Sci. Data 18, 3211–3288, doi:10.5194/essd-18-3211-2026. Changes: cement carbonation sink subtracted from fossil emissions and land-use change emissions added; converted from billion tonnes of carbon to billion tonnes of carbon dioxide (× 3.664).
# Notice: Atmospheric growth from 1959: NOAA Global Monitoring Laboratory (Lan et al.), with Scripps Institution of Oceanography measurements for 1959 to 1980. Historical budget before 1959: atmospheric growth from Joos and Spahni (2008), Proc. Natl. Acad. Sci. 105, 1425–1430; ocean sink from DeVries et al. (2014), Global Biogeochem. Cycles 28, 631–647, and Khatiwala et al. (2013), Biogeosciences 10, 2169–2191.
# Licence: CC BY 4.0 (ICOS CCBY4 Data Licence) <https://creativecommons.org/licenses/by/4.0/>
# Provenance and processing: https://environmentdashboard.org/data/emissions.gcb-2025.total-co2-global
indicator_id,entity,period,value,lower,upper,interval,status,note,missing_reason
emissions.gcb-2025.total-co2-global,WLD,1959,17.498697729227835,,,,final,,
emissions.gcb-2025.total-co2-global,WLD,1960,16.9438684356079,,,,final,,
emissions.gcb-2025.total-co2-global,WLD,1961,16.98793367878915,,,,final,,
emissions.gcb-2025.total-co2-global,WLD,1962,16.824279950576152,,,,final,,
emissions.gcb-2025.total-co2-global,WLD,1963,17.154821853317088,,,,final,,
emissions.gcb-2025.total-co2-global,WLD,1964,17.412984988792452,,,,final,,
emissions.gcb-2025.total-co2-global,WLD,1965,17.6207970365112,,,,final,,
emissions.gcb-2025.total-co2-global,WLD,1966,17.699028415236587,,,,final,,
emissions.gcb-2025.total-co2-global,WLD,1967,18.403209092786035,,,,final,,
emissions.gcb-2025.total-co2-global,WLD,1968,19.141857637742838,,,,final,,
emissions.gcb-2025.total-co2-global,WLD,1969,20.606457118137627,,,,final,,
emissions.gcb-2025.total-co2-global,WLD,1970,21.487193172317824,,,,final,,
emissions.gcb-2025.total-co2-global,WLD,1971,21.535385469183876,,,,final,,
emissions.gcb-2025.total-co2-global,WLD,1972,22.548293188058466,,,,final,,
emissions.gcb-2025.total-co2-global,WLD,1973,23.208464219549548,,,,final,,
emissions.gcb-2025.total-co2-global,WLD,1974,23.185190974665325,,,,final,,
emissions.gcb-2025.total-co2-global,WLD,1975,22.985106570380847,,,,final,,
emissions.gcb-2025.total-co2-global,WLD,1976,23.78722806285855,,,,final,,
emissions.gcb-2025.total-co2-global,WLD,1977,24.835883895071106,,,,final,,
emissions.gcb-2025.total-co2-global,WLD,1978,25.437081813640024,,,,final,,
emissions.gcb-2025.total-co2-global,WLD,1979,25.208087309930555,,,,final,,
emissions.gcb-2025.total-co2-global,WLD,1980,25.2509299901778,,,,final,,
emissions.gcb-2025.total-co2-global,WLD,1981,24.553747752439616,,,,final,,
emissions.gcb-2025.total-co2-global,WLD,1982,24.096742546352456,,,,final,,
emissions.gcb-2025.total-co2-global,WLD,1983,24.572696651537125,,,,final,,
emissions.gcb-2025.total-co2-global,WLD,1984,25.708316206280088,,,,final,,
emissions.gcb-2025.total-co2-global,WLD,1985,26.754837989378302,,,,final,,
emissions.gcb-2025.total-co2-global,WLD,1986,27.19705293661689,,,,final,,
emissions.gcb-2025.total-co2-global,WLD,1987,27.41232157152159,,,,final,,
emissions.gcb-2025.total-co2-global,WLD,1988,27.87409666576208,,,,final,,
emissions.gcb-2025.total-co2-global,WLD,1989,27.973007101739064,,,,final,,
emissions.gcb-2025.total-co2-global,WLD,1990,28.350001756239738,,,,final,,
emissions.gcb-2025.total-co2-global,WLD,1991,28.70866399976988,,,,final,,
emissions.gcb-2025.total-co2-global,WLD,1992,28.261226539480212,,,,final,,
emissions.gcb-2025.total-co2-global,WLD,1993,28.245875091857418,,,,final,,
emissions.gcb-2025.total-co2-global,WLD,1994,29.393845965782635,,,,final,,
emissions.gcb-2025.total-co2-global,WLD,1995,29.533389024720858,,,,final,,
emissions.gcb-2025.total-co2-global,WLD,1996,30.50309987152025,,,,final,,
emissions.gcb-2025.total-co2-global,WLD,1997,32.11761521801245,,,,final,,
emissions.gcb-2025.total-co2-global,WLD,1998,30.802011468199,,,,final,,
emissions.gcb-2025.total-co2-global,WLD,1999,31.103859084980236,,,,final,,
emissions.gcb-2025.total-co2-global,WLD,2000,31.351525483534093,,,,final,,
emissions.gcb-2025.total-co2-global,WLD,2001,30.837436296753758,,,,final,,
emissions.gcb-2025.total-co2-global,WLD,2002,32.02603012451476,,,,final,,
emissions.gcb-2025.total-co2-global,WLD,2003,34.616186391839676,,,,final,,
emissions.gcb-2025.total-co2-global,WLD,2004,34.67245588213858,,,,final,,
emissions.gcb-2025.total-co2-global,WLD,2005,35.12259666114779,,,,final,,
emissions.gcb-2025.total-co2-global,WLD,2006,36.18574128997454,,,,final,,
emissions.gcb-2025.total-co2-global,WLD,2007,36.616169007763084,,,,final,,
emissions.gcb-2025.total-co2-global,WLD,2008,37.50460601523945,,,,final,,
emissions.gcb-2025.total-co2-global,WLD,2009,37.52547473357472,,,,final,,
emissions.gcb-2025.total-co2-global,WLD,2010,39.27776939818658,,,,final,,
emissions.gcb-2025.total-co2-global,WLD,2011,40.27344715542532,,,,final,,
emissions.gcb-2025.total-co2-global,WLD,2012,41.00895518188858,,,,final,,
emissions.gcb-2025.total-co2-global,WLD,2013,40.93137471290655,,,,final,,
emissions.gcb-2025.total-co2-global,WLD,2014,41.189536521565074,,,,final,,
emissions.gcb-2025.total-co2-global,WLD,2015,41.221748995863244,,,,final,,
emissions.gcb-2025.total-co2-global,WLD,2016,40.06525949087907,,,,final,,
emissions.gcb-2025.total-co2-global,WLD,2017,40.56723725619678,,,,final,,
emissions.gcb-2025.total-co2-global,WLD,2018,40.88446767911124,,,,final,,
emissions.gcb-2025.total-co2-global,WLD,2019,41.20586561517373,,,,final,,
emissions.gcb-2025.total-co2-global,WLD,2020,38.891962159958595,,,,final,,
emissions.gcb-2025.total-co2-global,WLD,2021,40.70170211613562,,,,final,,
emissions.gcb-2025.total-co2-global,WLD,2022,41.5038006346039,,,,final,,
emissions.gcb-2025.total-co2-global,WLD,2023,42.00650975878725,,,,final,,
emissions.gcb-2025.total-co2-global,WLD,2024,42.362285843300356,,,,final,,
