# Fossil carbon dioxide emissions, world (Global Carbon Budget)
# Indicator: emissions.gcb-2025.fossil-net-global (vintage 2025 v1.0); unit: billion tonnes of carbon dioxide per year (GtCO2/yr)
# Source: Global Carbon Project <https://www.icos-cp.eu/GCP/2025>
# Credit: Calculated by Environment Dashboard from Global Carbon Project data: Supplemental data of Global Carbon Budget 2025 (Version 1.0), ICOS Carbon Portal, doi:10.18160/GCP-2025, CC BY 4.0. Friedlingstein et al. (2026), Global Carbon Budget 2025, Earth Syst. Sci. Data 18, 3211–3288, doi:10.5194/essd-18-3211-2026. Changes: cement carbonation sink subtracted from fossil emissions; converted from billion tonnes of carbon to billion tonnes of carbon dioxide (× 3.664).
# Notice: Atmospheric growth from 1959: NOAA Global Monitoring Laboratory (Lan et al.), with Scripps Institution of Oceanography measurements for 1959 to 1980. Historical budget before 1959: atmospheric growth from Joos and Spahni (2008), Proc. Natl. Acad. Sci. 105, 1425–1430; ocean sink from DeVries et al. (2014), Global Biogeochem. Cycles 28, 631–647, and Khatiwala et al. (2013), Biogeosciences 10, 2169–2191.
# Licence: CC BY 4.0 (ICOS CCBY4 Data Licence) <https://creativecommons.org/licenses/by/4.0/>
# Provenance and processing: https://environmentdashboard.org/data/emissions.gcb-2025.fossil-net-global
indicator_id,entity,period,value,lower,upper,interval,status,note,missing_reason
emissions.gcb-2025.fossil-net-global,WLD,1959,8.805931009227836,,,,final,,
emissions.gcb-2025.fossil-net-global,WLD,1960,9.333300755607901,,,,final,,
emissions.gcb-2025.fossil-net-global,WLD,1961,9.357775812122473,,,,final,,
emissions.gcb-2025.fossil-net-global,WLD,1962,9.685879737242832,,,,final,,
emissions.gcb-2025.fossil-net-global,WLD,1963,10.201490279983766,,,,final,,
emissions.gcb-2025.fossil-net-global,WLD,1964,10.753066535459132,,,,final,,
emissions.gcb-2025.fossil-net-global,WLD,1965,11.235373249844521,,,,final,,
emissions.gcb-2025.fossil-net-global,WLD,1966,11.781888255236584,,,,final,,
emissions.gcb-2025.fossil-net-global,WLD,1967,12.152681572786035,,,,final,,
emissions.gcb-2025.fossil-net-global,WLD,1968,12.814728091076159,,,,final,,
emissions.gcb-2025.fossil-net-global,WLD,1969,13.665912904804307,,,,final,,
emissions.gcb-2025.fossil-net-global,WLD,1970,14.797523038984501,,,,final,,
emissions.gcb-2025.fossil-net-global,WLD,1971,15.395987069183874,,,,final,,
emissions.gcb-2025.fossil-net-global,WLD,1972,16.110205508058467,,,,final,,
emissions.gcb-2025.fossil-net-global,WLD,1973,16.954199419549546,,,,final,,
emissions.gcb-2025.fossil-net-global,WLD,1974,16.872192254665325,,,,final,,
emissions.gcb-2025.fossil-net-global,WLD,1975,16.861609930380848,,,,final,,
emissions.gcb-2025.fossil-net-global,WLD,1976,17.726947636191873,,,,final,,
emissions.gcb-2025.fossil-net-global,WLD,1977,18.215793121737786,,,,final,,
emissions.gcb-2025.fossil-net-global,WLD,1978,18.873184586973345,,,,final,,
emissions.gcb-2025.fossil-net-global,WLD,1979,19.352258083263877,,,,final,,
emissions.gcb-2025.fossil-net-global,WLD,1980,19.249615536844477,,,,final,,
emissions.gcb-2025.fossil-net-global,WLD,1981,18.717166739106293,,,,final,,
emissions.gcb-2025.fossil-net-global,WLD,1982,18.565189533019137,,,,final,,
emissions.gcb-2025.fossil-net-global,WLD,1983,18.732842464870444,,,,final,,
emissions.gcb-2025.fossil-net-global,WLD,1984,19.283516632946768,,,,final,,
emissions.gcb-2025.fossil-net-global,WLD,1985,19.9670947893783,,,,final,,
emissions.gcb-2025.fossil-net-global,WLD,1986,20.253736296616886,,,,final,,
emissions.gcb-2025.fossil-net-global,WLD,1987,20.91437634485491,,,,final,,
emissions.gcb-2025.fossil-net-global,WLD,1988,21.717416399095402,,,,final,,
emissions.gcb-2025.fossil-net-global,WLD,1989,21.992186621739066,,,,final,,
emissions.gcb-2025.fossil-net-global,WLD,1990,22.52093194290642,,,,final,,
emissions.gcb-2025.fossil-net-global,WLD,1991,22.9883661331032,,,,final,,
emissions.gcb-2025.fossil-net-global,WLD,1992,22.29332776614689,,,,final,,
emissions.gcb-2025.fossil-net-global,WLD,1993,22.512582238524097,,,,final,,
emissions.gcb-2025.fossil-net-global,WLD,1994,22.724938499115954,,,,final,,
emissions.gcb-2025.fossil-net-global,WLD,1995,23.255308224720856,,,,final,,
emissions.gcb-2025.fossil-net-global,WLD,1996,23.961272138186928,,,,final,,
emissions.gcb-2025.fossil-net-global,WLD,1997,24.09799857801245,,,,final,,
emissions.gcb-2025.fossil-net-global,WLD,1998,24.009773761532323,,,,final,,
emissions.gcb-2025.fossil-net-global,WLD,1999,24.542001484980236,,,,final,,
emissions.gcb-2025.fossil-net-global,WLD,2000,25.205763936867417,,,,final,,
emissions.gcb-2025.fossil-net-global,WLD,2001,25.37673283008708,,,,final,,
emissions.gcb-2025.fossil-net-global,WLD,2002,25.932334017848085,,,,final,,
emissions.gcb-2025.fossil-net-global,WLD,2003,27.294977005173,,,,final,,
emissions.gcb-2025.fossil-net-global,WLD,2004,28.2285912954719,,,,final,,
emissions.gcb-2025.fossil-net-global,WLD,2005,29.191484447814464,,,,final,,
emissions.gcb-2025.fossil-net-global,WLD,2006,30.152000436641213,,,,final,,
emissions.gcb-2025.fossil-net-global,WLD,2007,31.02296308776308,,,,final,,
emissions.gcb-2025.fossil-net-global,WLD,2008,31.553586068572777,,,,final,,
emissions.gcb-2025.fossil-net-global,WLD,2009,30.990657453574716,,,,final,,
emissions.gcb-2025.fossil-net-global,WLD,2010,32.759940864853256,,,,final,,
emissions.gcb-2025.fossil-net-global,WLD,2011,33.880890782092,,,,final,,
emissions.gcb-2025.fossil-net-global,WLD,2012,34.32683288855526,,,,final,,
emissions.gcb-2025.fossil-net-global,WLD,2013,34.61185407290655,,,,final,,
emissions.gcb-2025.fossil-net-global,WLD,2014,34.77962500156507,,,,final,,
emissions.gcb-2025.fossil-net-global,WLD,2015,34.70912334252992,,,,final,,
emissions.gcb-2025.fossil-net-global,WLD,2016,34.68870589087907,,,,final,,
emissions.gcb-2025.fossil-net-global,WLD,2017,35.259469149530105,,,,final,,
emissions.gcb-2025.fossil-net-global,WLD,2018,36.002444159111235,,,,final,,
emissions.gcb-2025.fossil-net-global,WLD,2019,36.31868806850705,,,,final,,
emissions.gcb-2025.fossil-net-global,WLD,2020,34.37542263995859,,,,final,,
emissions.gcb-2025.fossil-net-global,WLD,2021,36.0445993428023,,,,final,,
emissions.gcb-2025.fossil-net-global,WLD,2022,36.718409007937225,,,,final,,
emissions.gcb-2025.fossil-net-global,WLD,2023,37.26095802545393,,,,final,,
emissions.gcb-2025.fossil-net-global,WLD,2024,37.776777629967036,,,,final,,
