# Methane from livestock, world
# Indicator: food.faostat.livestock-ch4-world (vintage 2025-10-28); unit: million tonnes of methane (MtCH4)
# Source: Food and Agriculture Organization of the United Nations (FAO), Statistics Division <https://www.fao.org/faostat/en/>
# Credit: Calculated by Environment Dashboard from FAO. 2025. FAOSTAT. Accessed on 2026-10-04. https://www.fao.org/faostat/en/#data Licence: CC-BY-4.0. Changes: converted from kilotonnes to million tonnes of methane.
# Licence: CC BY 4.0 (FAO Statistical Database Terms of Use) <https://creativecommons.org/licenses/by/4.0/>
# Provenance and processing: https://environmentdashboard.org/data/food.faostat.livestock-ch4-world
indicator_id,entity,period,value,lower,upper,interval,status,note,missing_reason
food.faostat.livestock-ch4-world,WLD,1961,72.517492,,,,final,,
food.faostat.livestock-ch4-world,WLD,1962,73.6409444,,,,final,,
food.faostat.livestock-ch4-world,WLD,1963,74.3954407,,,,final,,
food.faostat.livestock-ch4-world,WLD,1964,75.2956418,,,,final,,
food.faostat.livestock-ch4-world,WLD,1965,76.6487928,,,,final,,
food.faostat.livestock-ch4-world,WLD,1966,78.2008112,,,,final,,
food.faostat.livestock-ch4-world,WLD,1967,79.8162474,,,,final,,
food.faostat.livestock-ch4-world,WLD,1968,80.9546956,,,,final,,
food.faostat.livestock-ch4-world,WLD,1969,81.2812813,,,,final,,
food.faostat.livestock-ch4-world,WLD,1970,81.7392103,,,,final,,
food.faostat.livestock-ch4-world,WLD,1971,83.0899502,,,,final,,
food.faostat.livestock-ch4-world,WLD,1972,84.4605672,,,,final,,
food.faostat.livestock-ch4-world,WLD,1973,85.5064606,,,,final,,
food.faostat.livestock-ch4-world,WLD,1974,87.4339039,,,,final,,
food.faostat.livestock-ch4-world,WLD,1975,88.7223595,,,,final,,
food.faostat.livestock-ch4-world,WLD,1976,89.3567623,,,,final,,
food.faostat.livestock-ch4-world,WLD,1977,89.7404643,,,,final,,
food.faostat.livestock-ch4-world,WLD,1978,90.0389976,,,,final,,
food.faostat.livestock-ch4-world,WLD,1979,90.6907395,,,,final,,
food.faostat.livestock-ch4-world,WLD,1980,91.8704023,,,,final,,
food.faostat.livestock-ch4-world,WLD,1981,92.6266547,,,,final,,
food.faostat.livestock-ch4-world,WLD,1982,93.588737,,,,final,,
food.faostat.livestock-ch4-world,WLD,1983,94.1181769,,,,final,,
food.faostat.livestock-ch4-world,WLD,1984,94.8013295,,,,final,,
food.faostat.livestock-ch4-world,WLD,1985,95.2394602,,,,final,,
food.faostat.livestock-ch4-world,WLD,1986,96.0611241,,,,final,,
food.faostat.livestock-ch4-world,WLD,1987,96.1120758,,,,final,,
food.faostat.livestock-ch4-world,WLD,1988,96.6212465,,,,final,,
food.faostat.livestock-ch4-world,WLD,1989,97.911932,,,,final,,
food.faostat.livestock-ch4-world,WLD,1990,98.4677651,,,,final,,
food.faostat.livestock-ch4-world,WLD,1991,98.3851084,,,,final,,
food.faostat.livestock-ch4-world,WLD,1992,97.6301176,,,,final,,
food.faostat.livestock-ch4-world,WLD,1993,97.2070867,,,,final,,
food.faostat.livestock-ch4-world,WLD,1994,97.9758949,,,,final,,
food.faostat.livestock-ch4-world,WLD,1995,98.2350603,,,,final,,
food.faostat.livestock-ch4-world,WLD,1996,98.2451449,,,,final,,
food.faostat.livestock-ch4-world,WLD,1997,96.4984231,,,,final,,
food.faostat.livestock-ch4-world,WLD,1998,96.675418,,,,final,,
food.faostat.livestock-ch4-world,WLD,1999,96.9287975,,,,final,,
food.faostat.livestock-ch4-world,WLD,2000,97.3145728,,,,final,,
food.faostat.livestock-ch4-world,WLD,2001,97.3427099,,,,final,,
food.faostat.livestock-ch4-world,WLD,2002,98.2315529,,,,final,,
food.faostat.livestock-ch4-world,WLD,2003,99.3490296,,,,final,,
food.faostat.livestock-ch4-world,WLD,2004,100.4669533,,,,final,,
food.faostat.livestock-ch4-world,WLD,2005,101.4774944,,,,final,,
food.faostat.livestock-ch4-world,WLD,2006,102.3917139,,,,final,,
food.faostat.livestock-ch4-world,WLD,2007,103.2667984,,,,final,,
food.faostat.livestock-ch4-world,WLD,2008,104.0233881,,,,final,,
food.faostat.livestock-ch4-world,WLD,2009,104.2724737,,,,final,,
food.faostat.livestock-ch4-world,WLD,2010,104.1909842,,,,final,,
food.faostat.livestock-ch4-world,WLD,2011,104.5754106,,,,final,,
food.faostat.livestock-ch4-world,WLD,2012,105.4166615,,,,final,,
food.faostat.livestock-ch4-world,WLD,2013,105.8957935,,,,final,,
food.faostat.livestock-ch4-world,WLD,2014,106.6323391,,,,final,,
food.faostat.livestock-ch4-world,WLD,2015,107.4711659,,,,final,,
food.faostat.livestock-ch4-world,WLD,2016,108.6376687,,,,final,,
food.faostat.livestock-ch4-world,WLD,2017,109.2117636,,,,final,,
food.faostat.livestock-ch4-world,WLD,2018,109.3163251,,,,final,,
food.faostat.livestock-ch4-world,WLD,2019,109.9841449,,,,final,,
food.faostat.livestock-ch4-world,WLD,2020,111.7445114,,,,final,,
food.faostat.livestock-ch4-world,WLD,2021,112.962504,,,,final,,
food.faostat.livestock-ch4-world,WLD,2022,114.1696238,,,,final,,
food.faostat.livestock-ch4-world,WLD,2023,115.21126,,,,final,,
