# Greenhouse gas emissions from agrifood systems, world
# Indicator: food.faostat.agrifood-emissions-world (vintage 2025-10-28); unit: billion tonnes of carbon dioxide equivalent (GtCO2e)
# Source: Food and Agriculture Organization of the United Nations (FAO), Statistics Division <https://www.fao.org/faostat/en/>
# Credit: Calculated by Environment Dashboard from FAO. 2025. FAOSTAT. Accessed on 5 October 2026. https://www.fao.org/faostat/en/#data Licence: CC-BY-4.0. Changes: converted from kilotonnes to billion tonnes of CO₂-equivalent.
# Licence: CC BY 4.0 (FAO Statistical Database Terms of Use) <https://creativecommons.org/licenses/by/4.0/>
# Provenance and processing: https://environmentdashboard.org/data/food/faostat/agrifood-emissions-world
indicator_id,entity,period,value,lower,upper,interval,status,note,missing_reason,age_bp
food.faostat.agrifood-emissions-world,WLD,1990,14.7628822038,,,,final,,,
food.faostat.agrifood-emissions-world,WLD,1991,14.9363939968,,,,final,,,
food.faostat.agrifood-emissions-world,WLD,1992,14.8531656975,,,,final,,,
food.faostat.agrifood-emissions-world,WLD,1993,14.8722729769,,,,final,,,
food.faostat.agrifood-emissions-world,WLD,1994,14.9700361438,,,,final,,,
food.faostat.agrifood-emissions-world,WLD,1995,15.1849521728,,,,final,,,
food.faostat.agrifood-emissions-world,WLD,1996,15.1140989143,,,,final,,,
food.faostat.agrifood-emissions-world,WLD,1997,16.0888151215,,,,final,,,
food.faostat.agrifood-emissions-world,WLD,1998,15.4543908558,,,,final,,,
food.faostat.agrifood-emissions-world,WLD,1999,15.3827908918,,,,final,,,
food.faostat.agrifood-emissions-world,WLD,2000,15.430068896,,,,final,,,
food.faostat.agrifood-emissions-world,WLD,2001,13.6147531515,,,,final,,,
food.faostat.agrifood-emissions-world,WLD,2002,14.204084798,,,,final,,,
food.faostat.agrifood-emissions-world,WLD,2003,14.0115918996,,,,final,,,
food.faostat.agrifood-emissions-world,WLD,2004,14.6572013878,,,,final,,,
food.faostat.agrifood-emissions-world,WLD,2005,14.5351299783,,,,final,,,
food.faostat.agrifood-emissions-world,WLD,2006,15.1120724062,,,,final,,,
food.faostat.agrifood-emissions-world,WLD,2007,14.764227808,,,,final,,,
food.faostat.agrifood-emissions-world,WLD,2008,14.8265924783,,,,final,,,
food.faostat.agrifood-emissions-world,WLD,2009,15.2312400587,,,,final,,,
food.faostat.agrifood-emissions-world,WLD,2010,15.1203919689,,,,final,,,
food.faostat.agrifood-emissions-world,WLD,2011,15.2837081155,,,,final,,,
food.faostat.agrifood-emissions-world,WLD,2012,15.3825330897,,,,final,,,
food.faostat.agrifood-emissions-world,WLD,2013,15.51571921,,,,final,,,
food.faostat.agrifood-emissions-world,WLD,2014,16.0043117166,,,,final,,,
food.faostat.agrifood-emissions-world,WLD,2015,16.047706303,,,,final,,,
food.faostat.agrifood-emissions-world,WLD,2016,15.3998444411,,,,final,,,
food.faostat.agrifood-emissions-world,WLD,2017,15.4847515159,,,,final,,,
food.faostat.agrifood-emissions-world,WLD,2018,15.6894456146,,,,final,,,
food.faostat.agrifood-emissions-world,WLD,2019,15.9966260981,,,,final,,,
food.faostat.agrifood-emissions-world,WLD,2020,15.7416020013,,,,final,,,
food.faostat.agrifood-emissions-world,WLD,2021,16.0530126429,,,,final,,,
food.faostat.agrifood-emissions-world,WLD,2022,16.152490613,,,,final,,,
food.faostat.agrifood-emissions-world,WLD,2023,16.5350723737,,,,final,,,
