# Greenhouse gas footprint of an average person in Sweden, by consumption area (Naturvårdsverket)
# Indicator: footprint.naturvardsverket.per-person-by-area (vintage 2008-2023 series, page reviewed 2025-10-28); unit: tonnes of carbon dioxide equivalent per person per year (tCO2e/person/yr)
# Source: Naturvårdsverket (Swedish Environmental Protection Agency); official statistics from Statistics Sweden (SCB) <https://www.naturvardsverket.se/data-och-statistik/konsumtion/vaxthusgaser-konsumtionsbaserade-utslapp-per-person/>
# Credit: Naturvårdsverket, Konsumtionsbaserade växthusgasutsläpp per person och år (2008-2023 series, page reviewed 2025-10-28); official statistics of Sweden, responsible authority Statistics Sweden (SCB). Open data; SCB data CC0 1.0.
# Licence: Naturvårdsverket open data (free use, attribution requested); the underlying SCB official statistics are CC0 1.0 <https://www.naturvardsverket.se/om-oss/om-webbplatsen/struktur-och-funktion/>
# Provenance and processing: https://environmentdashboard.org/data/footprint/naturvardsverket/per-person-by-area
indicator_id,entity,period,value,lower,upper,interval,status,note,missing_reason,age_bp,area
footprint.naturvardsverket.per-person-by-area,SWE,2008,2.44,,,,final,,,,transport
footprint.naturvardsverket.per-person-by-area,SWE,2009,2.2,,,,final,,,,transport
footprint.naturvardsverket.per-person-by-area,SWE,2010,2.31,,,,final,,,,transport
footprint.naturvardsverket.per-person-by-area,SWE,2011,2.4,,,,final,,,,transport
footprint.naturvardsverket.per-person-by-area,SWE,2012,2.27,,,,final,,,,transport
footprint.naturvardsverket.per-person-by-area,SWE,2013,2.14,,,,final,,,,transport
footprint.naturvardsverket.per-person-by-area,SWE,2014,2.04,,,,final,,,,transport
footprint.naturvardsverket.per-person-by-area,SWE,2015,1.93,,,,final,,,,transport
footprint.naturvardsverket.per-person-by-area,SWE,2016,1.89,,,,final,,,,transport
footprint.naturvardsverket.per-person-by-area,SWE,2017,1.84,,,,final,,,,transport
footprint.naturvardsverket.per-person-by-area,SWE,2018,1.81,,,,final,,,,transport
footprint.naturvardsverket.per-person-by-area,SWE,2019,1.68,,,,final,,,,transport
footprint.naturvardsverket.per-person-by-area,SWE,2020,1.29,,,,final,,,,transport
footprint.naturvardsverket.per-person-by-area,SWE,2021,1.38,,,,final,,,,transport
footprint.naturvardsverket.per-person-by-area,SWE,2022,1.4,,,,final,,,,transport
footprint.naturvardsverket.per-person-by-area,SWE,2023,1.37,,,,final,,,,transport
footprint.naturvardsverket.per-person-by-area,SWE,2008,1.75,,,,final,,,,food
footprint.naturvardsverket.per-person-by-area,SWE,2009,1.65,,,,final,,,,food
footprint.naturvardsverket.per-person-by-area,SWE,2010,1.73,,,,final,,,,food
footprint.naturvardsverket.per-person-by-area,SWE,2011,1.75,,,,final,,,,food
footprint.naturvardsverket.per-person-by-area,SWE,2012,1.73,,,,final,,,,food
footprint.naturvardsverket.per-person-by-area,SWE,2013,1.71,,,,final,,,,food
footprint.naturvardsverket.per-person-by-area,SWE,2014,1.66,,,,final,,,,food
footprint.naturvardsverket.per-person-by-area,SWE,2015,1.59,,,,final,,,,food
footprint.naturvardsverket.per-person-by-area,SWE,2016,1.55,,,,final,,,,food
footprint.naturvardsverket.per-person-by-area,SWE,2017,1.51,,,,final,,,,food
footprint.naturvardsverket.per-person-by-area,SWE,2018,1.5,,,,final,,,,food
footprint.naturvardsverket.per-person-by-area,SWE,2019,1.43,,,,final,,,,food
footprint.naturvardsverket.per-person-by-area,SWE,2020,1.43,,,,final,,,,food
footprint.naturvardsverket.per-person-by-area,SWE,2021,1.45,,,,final,,,,food
footprint.naturvardsverket.per-person-by-area,SWE,2022,1.46,,,,final,,,,food
footprint.naturvardsverket.per-person-by-area,SWE,2023,1.35,,,,final,,,,food
footprint.naturvardsverket.per-person-by-area,SWE,2008,1.68,,,,final,,,,housing
footprint.naturvardsverket.per-person-by-area,SWE,2009,1.57,,,,final,,,,housing
footprint.naturvardsverket.per-person-by-area,SWE,2010,1.89,,,,final,,,,housing
footprint.naturvardsverket.per-person-by-area,SWE,2011,1.72,,,,final,,,,housing
footprint.naturvardsverket.per-person-by-area,SWE,2012,1.55,,,,final,,,,housing
footprint.naturvardsverket.per-person-by-area,SWE,2013,1.56,,,,final,,,,housing
footprint.naturvardsverket.per-person-by-area,SWE,2014,1.34,,,,final,,,,housing
footprint.naturvardsverket.per-person-by-area,SWE,2015,1.28,,,,final,,,,housing
footprint.naturvardsverket.per-person-by-area,SWE,2016,1.27,,,,final,,,,housing
footprint.naturvardsverket.per-person-by-area,SWE,2017,1.23,,,,final,,,,housing
footprint.naturvardsverket.per-person-by-area,SWE,2018,1.26,,,,final,,,,housing
footprint.naturvardsverket.per-person-by-area,SWE,2019,1.12,,,,final,,,,housing
footprint.naturvardsverket.per-person-by-area,SWE,2020,1.05,,,,final,,,,housing
footprint.naturvardsverket.per-person-by-area,SWE,2021,1.15,,,,final,,,,housing
footprint.naturvardsverket.per-person-by-area,SWE,2022,1.1,,,,final,,,,housing
footprint.naturvardsverket.per-person-by-area,SWE,2023,1.0,,,,final,,,,housing
footprint.naturvardsverket.per-person-by-area,SWE,2008,1.5,,,,final,,,,other-household
footprint.naturvardsverket.per-person-by-area,SWE,2009,1.39,,,,final,,,,other-household
footprint.naturvardsverket.per-person-by-area,SWE,2010,1.44,,,,final,,,,other-household
footprint.naturvardsverket.per-person-by-area,SWE,2011,1.44,,,,final,,,,other-household
footprint.naturvardsverket.per-person-by-area,SWE,2012,1.36,,,,final,,,,other-household
footprint.naturvardsverket.per-person-by-area,SWE,2013,1.36,,,,final,,,,other-household
footprint.naturvardsverket.per-person-by-area,SWE,2014,1.27,,,,final,,,,other-household
footprint.naturvardsverket.per-person-by-area,SWE,2015,1.18,,,,final,,,,other-household
footprint.naturvardsverket.per-person-by-area,SWE,2016,1.13,,,,final,,,,other-household
footprint.naturvardsverket.per-person-by-area,SWE,2017,1.09,,,,final,,,,other-household
footprint.naturvardsverket.per-person-by-area,SWE,2018,1.08,,,,final,,,,other-household
footprint.naturvardsverket.per-person-by-area,SWE,2019,1.0,,,,final,,,,other-household
footprint.naturvardsverket.per-person-by-area,SWE,2020,0.95,,,,final,,,,other-household
footprint.naturvardsverket.per-person-by-area,SWE,2021,1.03,,,,final,,,,other-household
footprint.naturvardsverket.per-person-by-area,SWE,2022,1.1,,,,final,,,,other-household
footprint.naturvardsverket.per-person-by-area,SWE,2023,0.98,,,,final,,,,other-household
footprint.naturvardsverket.per-person-by-area,SWE,2008,1.25,,,,final,,,,public-consumption
footprint.naturvardsverket.per-person-by-area,SWE,2009,1.21,,,,final,,,,public-consumption
footprint.naturvardsverket.per-person-by-area,SWE,2010,1.27,,,,final,,,,public-consumption
footprint.naturvardsverket.per-person-by-area,SWE,2011,1.27,,,,final,,,,public-consumption
footprint.naturvardsverket.per-person-by-area,SWE,2012,1.21,,,,final,,,,public-consumption
footprint.naturvardsverket.per-person-by-area,SWE,2013,1.21,,,,final,,,,public-consumption
footprint.naturvardsverket.per-person-by-area,SWE,2014,1.08,,,,final,,,,public-consumption
footprint.naturvardsverket.per-person-by-area,SWE,2015,1.08,,,,final,,,,public-consumption
footprint.naturvardsverket.per-person-by-area,SWE,2016,1.08,,,,final,,,,public-consumption
footprint.naturvardsverket.per-person-by-area,SWE,2017,1.01,,,,final,,,,public-consumption
footprint.naturvardsverket.per-person-by-area,SWE,2018,1.02,,,,final,,,,public-consumption
footprint.naturvardsverket.per-person-by-area,SWE,2019,0.93,,,,final,,,,public-consumption
footprint.naturvardsverket.per-person-by-area,SWE,2020,0.89,,,,final,,,,public-consumption
footprint.naturvardsverket.per-person-by-area,SWE,2021,0.87,,,,final,,,,public-consumption
footprint.naturvardsverket.per-person-by-area,SWE,2022,0.85,,,,final,,,,public-consumption
footprint.naturvardsverket.per-person-by-area,SWE,2023,0.83,,,,final,,,,public-consumption
footprint.naturvardsverket.per-person-by-area,SWE,2008,3.3,,,,final,,,,investment
footprint.naturvardsverket.per-person-by-area,SWE,2009,1.96,,,,final,,,,investment
footprint.naturvardsverket.per-person-by-area,SWE,2010,2.63,,,,final,,,,investment
footprint.naturvardsverket.per-person-by-area,SWE,2011,3.17,,,,final,,,,investment
footprint.naturvardsverket.per-person-by-area,SWE,2012,2.66,,,,final,,,,investment
footprint.naturvardsverket.per-person-by-area,SWE,2013,2.71,,,,final,,,,investment
footprint.naturvardsverket.per-person-by-area,SWE,2014,2.55,,,,final,,,,investment
footprint.naturvardsverket.per-person-by-area,SWE,2015,2.67,,,,final,,,,investment
footprint.naturvardsverket.per-person-by-area,SWE,2016,2.77,,,,final,,,,investment
footprint.naturvardsverket.per-person-by-area,SWE,2017,2.67,,,,final,,,,investment
footprint.naturvardsverket.per-person-by-area,SWE,2018,2.69,,,,final,,,,investment
footprint.naturvardsverket.per-person-by-area,SWE,2019,2.57,,,,final,,,,investment
footprint.naturvardsverket.per-person-by-area,SWE,2020,2.17,,,,final,,,,investment
footprint.naturvardsverket.per-person-by-area,SWE,2021,2.32,,,,final,,,,investment
footprint.naturvardsverket.per-person-by-area,SWE,2022,2.54,,,,final,,,,investment
footprint.naturvardsverket.per-person-by-area,SWE,2023,2.09,,,,final,,,,investment
