# Global mean sea level change since 1993, monthly (AVISO satellite altimetry)
# Indicator: gmsl.aviso.monthly (vintage 2026-09-26 (doi:10.24400/527896/AVISO-2025.010)); unit: millimetres (mm)
# Source: CNES / AVISO+ (produced with CLS and LEGOS) <https://www.aviso.altimetry.fr/en/data/products/ocean-indicators-products/mean-sea-level.html>
# Credit: Calculated by Environment Dashboard from the AVISO Global Mean Sea Level Indicator (CNES, CLS), doi:10.24400/527896/AVISO-2025.010; credits EU Copernicus Marine Service/CNES/LEGOS/CLS, https://aviso.altimetry.fr/msl, accessed 2026-10-04. Modified from the original. Licence: AVISO License Agreement Issue 20, https://www.aviso.altimetry.fr/fileadmin/documents/data/License_Aviso_ini.pdf Changes: monthly means of AVISO's cycle values, re-based to their 1993 mean and converted from metres to millimetres.
# Licence: AVISO License Agreement, Issue 20 (custom CC BY-like licence; not CC BY 4.0) <https://www.aviso.altimetry.fr/fileadmin/documents/data/License_Aviso_ini.pdf>
# Provenance and processing: https://environmentdashboard.org/data/gmsl/aviso/monthly
indicator_id,entity,period,value,lower,upper,interval,status,note,missing_reason,age_bp
gmsl.aviso.monthly,WLD,1993-01,-5.288924975326757,,,,final,,,
gmsl.aviso.monthly,WLD,1993-02,-2.9650256994948627,,,,final,,,
gmsl.aviso.monthly,WLD,1993-03,0.06599946129165046,,,,final,,,
gmsl.aviso.monthly,WLD,1993-04,0.8481889712601874,,,,final,,,
gmsl.aviso.monthly,WLD,1993-05,1.1709287560401358,,,,final,,,
gmsl.aviso.monthly,WLD,1993-06,1.5574477930811277,,,,final,,,
gmsl.aviso.monthly,WLD,1993-07,2.665745933710461,,,,final,,,
gmsl.aviso.monthly,WLD,1993-08,0.4598172177307808,,,,final,,,
gmsl.aviso.monthly,WLD,1993-09,-0.12186448115334737,,,,final,,,
gmsl.aviso.monthly,WLD,1993-10,0.34859564869794796,,,,final,,,
gmsl.aviso.monthly,WLD,1993-11,-1.524900094090443,,,,final,,,
gmsl.aviso.monthly,WLD,1993-12,2.7839914682531295,,,,final,,,
gmsl.aviso.monthly,WLD,1994-01,2.3533627046213357,,,,final,,,
gmsl.aviso.monthly,WLD,1994-02,0.7478238637787732,,,,final,,,
gmsl.aviso.monthly,WLD,1994-03,3.693880369637006,,,,final,,,
gmsl.aviso.monthly,WLD,1994-04,5.2581578512265095,,,,final,,,
gmsl.aviso.monthly,WLD,1994-05,2.714329654683331,,,,final,,,
gmsl.aviso.monthly,WLD,1994-06,2.104447201265431,,,,final,,,
gmsl.aviso.monthly,WLD,1994-07,1.4957014307960215,,,,final,,,
gmsl.aviso.monthly,WLD,1994-08,1.8388855020234118,,,,final,,,
gmsl.aviso.monthly,WLD,1994-09,2.161772675267564,,,,final,,,
gmsl.aviso.monthly,WLD,1994-10,2.848239384051483,,,,final,,,
gmsl.aviso.monthly,WLD,1994-11,2.0875979732226266,,,,final,,,
gmsl.aviso.monthly,WLD,1994-12,4.174949387539459,,,,final,,,
gmsl.aviso.monthly,WLD,1995-01,5.324178127145689,,,,final,,,
gmsl.aviso.monthly,WLD,1995-02,4.871638555734336,,,,final,,,
gmsl.aviso.monthly,WLD,1995-03,6.99714682732992,,,,final,,,
gmsl.aviso.monthly,WLD,1995-04,6.060901855682278,,,,final,,,
gmsl.aviso.monthly,WLD,1995-05,5.105338999734146,,,,final,,,
gmsl.aviso.monthly,WLD,1995-06,6.232822097098378,,,,final,,,
gmsl.aviso.monthly,WLD,1995-07,3.506878675149987,,,,final,,,
gmsl.aviso.monthly,WLD,1995-08,3.6830197278961845,,,,final,,,
gmsl.aviso.monthly,WLD,1995-09,6.529252518948386,,,,final,,,
gmsl.aviso.monthly,WLD,1995-10,4.713397108338563,,,,final,,,
gmsl.aviso.monthly,WLD,1995-11,3.6461830754298825,,,,final,,,
gmsl.aviso.monthly,WLD,1995-12,6.757327280883987,,,,final,,,
gmsl.aviso.monthly,WLD,1996-01,4.734280696805659,,,,final,,,
gmsl.aviso.monthly,WLD,1996-02,6.574276976787815,,,,final,,,
gmsl.aviso.monthly,WLD,1996-03,6.570108284205299,,,,final,,,
gmsl.aviso.monthly,WLD,1996-04,6.888779810412253,,,,final,,,
gmsl.aviso.monthly,WLD,1996-05,7.820978445815346,,,,final,,,
gmsl.aviso.monthly,WLD,1996-06,7.10303680076168,,,,final,,,
gmsl.aviso.monthly,WLD,1996-07,7.948578546883294,,,,final,,,
gmsl.aviso.monthly,WLD,1996-08,6.788344927612928,,,,final,,,
gmsl.aviso.monthly,WLD,1996-09,6.6295973400839925,,,,final,,,
gmsl.aviso.monthly,WLD,1996-10,10.182550044292377,,,,final,,,
gmsl.aviso.monthly,WLD,1996-11,10.67920992011645,,,,final,,,
gmsl.aviso.monthly,WLD,1996-12,6.43868283225042,,,,final,,,
gmsl.aviso.monthly,WLD,1997-01,6.850083157969445,,,,final,,,
gmsl.aviso.monthly,WLD,1997-02,7.090908924607227,,,,final,,,
gmsl.aviso.monthly,WLD,1997-03,8.826617543587021,,,,final,,,
gmsl.aviso.monthly,WLD,1997-04,9.13086252122652,,,,final,,,
gmsl.aviso.monthly,WLD,1997-05,11.635036973516678,,,,final,,,
gmsl.aviso.monthly,WLD,1997-06,11.508896936008755,,,,final,,,
gmsl.aviso.monthly,WLD,1997-07,13.304438560134253,,,,final,,,
gmsl.aviso.monthly,WLD,1997-08,12.749537493179474,,,,final,,,
gmsl.aviso.monthly,WLD,1997-09,15.700408697759446,,,,final,,,
gmsl.aviso.monthly,WLD,1997-10,14.985246654237214,,,,final,,,
gmsl.aviso.monthly,WLD,1997-11,12.209816133781839,,,,final,,,
gmsl.aviso.monthly,WLD,1997-12,9.888392999793327,,,,final,,,
gmsl.aviso.monthly,WLD,1998-01,11.570673963757779,,,,final,,,
gmsl.aviso.monthly,WLD,1998-02,12.300005232612921,,,,final,,,
gmsl.aviso.monthly,WLD,1998-03,13.02122132968346,,,,final,,,
gmsl.aviso.monthly,WLD,1998-04,13.59465956782685,,,,final,,,
gmsl.aviso.monthly,WLD,1998-05,12.178730801307456,,,,final,,,
gmsl.aviso.monthly,WLD,1998-06,10.402466896209953,,,,final,,,
gmsl.aviso.monthly,WLD,1998-07,10.36209895365028,,,,final,,,
gmsl.aviso.monthly,WLD,1998-08,8.539171748141904,,,,final,,,
gmsl.aviso.monthly,WLD,1998-09,7.647059465846964,,,,final,,,
gmsl.aviso.monthly,WLD,1998-10,6.964378753162639,,,,final,,,
gmsl.aviso.monthly,WLD,1998-11,6.949847612523788,,,,final,,,
gmsl.aviso.monthly,WLD,1998-12,8.14122570033331,,,,final,,,
gmsl.aviso.monthly,WLD,1999-01,8.149763483595327,,,,final,,,
gmsl.aviso.monthly,WLD,1999-02,10.049788799595747,,,,final,,,
gmsl.aviso.monthly,WLD,1999-03,9.481496740069908,,,,final,,,
gmsl.aviso.monthly,WLD,1999-04,11.283774048072496,,,,final,,,
gmsl.aviso.monthly,WLD,1999-05,9.626130019505752,,,,final,,,
gmsl.aviso.monthly,WLD,1999-06,7.628379111223636,,,,final,,,
gmsl.aviso.monthly,WLD,1999-07,8.880889170571969,,,,final,,,
gmsl.aviso.monthly,WLD,1999-08,8.85870209917414,,,,final,,,
gmsl.aviso.monthly,WLD,1999-09,10.547983505592788,,,,final,,,
gmsl.aviso.monthly,WLD,1999-10,13.070989483949452,,,,final,,,
gmsl.aviso.monthly,WLD,1999-11,12.640017520967668,,,,final,,,
gmsl.aviso.monthly,WLD,1999-12,15.33378423798748,,,,final,,,
gmsl.aviso.monthly,WLD,2000-01,15.596459759455954,,,,final,,,
gmsl.aviso.monthly,WLD,2000-02,15.077874336253908,,,,final,,,
gmsl.aviso.monthly,WLD,2000-03,14.858040123357007,,,,final,,,
gmsl.aviso.monthly,WLD,2000-04,12.622417915260593,,,,final,,,
gmsl.aviso.monthly,WLD,2000-05,14.052711531744414,,,,final,,,
gmsl.aviso.monthly,WLD,2000-06,13.986457962120094,,,,final,,,
gmsl.aviso.monthly,WLD,2000-07,14.614471196435712,,,,final,,,
gmsl.aviso.monthly,WLD,2000-08,13.704313912599758,,,,final,,,
gmsl.aviso.monthly,WLD,2000-09,14.03989851019239,,,,final,,,
gmsl.aviso.monthly,WLD,2000-10,17.03933271792306,,,,final,,,
gmsl.aviso.monthly,WLD,2000-11,17.507889638142498,,,,final,,,
gmsl.aviso.monthly,WLD,2000-12,17.83078883749903,,,,final,,,
gmsl.aviso.monthly,WLD,2001-01,20.00131202065856,,,,final,,,
gmsl.aviso.monthly,WLD,2001-02,19.26990314656017,,,,final,,,
gmsl.aviso.monthly,WLD,2001-03,20.47614314948352,,,,final,,,
gmsl.aviso.monthly,WLD,2001-04,20.282921512118804,,,,final,,,
gmsl.aviso.monthly,WLD,2001-05,20.330756258602616,,,,final,,,
gmsl.aviso.monthly,WLD,2001-06,20.930262939915824,,,,final,,,
gmsl.aviso.monthly,WLD,2001-07,23.433682719063476,,,,final,,,
gmsl.aviso.monthly,WLD,2001-08,21.0402803670927,,,,final,,,
gmsl.aviso.monthly,WLD,2001-09,22.66025805394161,,,,final,,,
gmsl.aviso.monthly,WLD,2001-10,21.640682735853385,,,,final,,,
gmsl.aviso.monthly,WLD,2001-11,22.093352412996374,,,,final,,,
gmsl.aviso.monthly,WLD,2001-12,21.0536631271589,,,,final,,,
gmsl.aviso.monthly,WLD,2002-01,21.575766894889828,,,,final,,,
gmsl.aviso.monthly,WLD,2002-02,23.452246686117856,,,,final,,,
gmsl.aviso.monthly,WLD,2002-03,21.910796321136697,,,,final,,,
gmsl.aviso.monthly,WLD,2002-04,21.378676214653275,,,,final,,,
gmsl.aviso.monthly,WLD,2002-05,21.201495717403386,,,,final,,,
gmsl.aviso.monthly,WLD,2002-06,23.535501478102862,,,,final,,,
gmsl.aviso.monthly,WLD,2002-07,25.765462870324743,,,,final,,,
gmsl.aviso.monthly,WLD,2002-08,25.128278803426742,,,,final,,,
gmsl.aviso.monthly,WLD,2002-09,23.511542473771094,,,,final,,,
gmsl.aviso.monthly,WLD,2002-10,24.864378379280097,,,,final,,,
gmsl.aviso.monthly,WLD,2002-11,24.228014282190234,,,,final,,,
gmsl.aviso.monthly,WLD,2002-12,24.544645748583708,,,,final,,,
gmsl.aviso.monthly,WLD,2003-01,25.773011327993004,,,,final,,,
gmsl.aviso.monthly,WLD,2003-02,28.20768884564526,,,,final,,,
gmsl.aviso.monthly,WLD,2003-03,26.531572788479252,,,,final,,,
gmsl.aviso.monthly,WLD,2003-04,26.958929495077342,,,,final,,,
gmsl.aviso.monthly,WLD,2003-05,26.601550280176532,,,,final,,,
gmsl.aviso.monthly,WLD,2003-06,25.47829409798792,,,,final,,,
gmsl.aviso.monthly,WLD,2003-07,25.65633807183319,,,,final,,,
gmsl.aviso.monthly,WLD,2003-08,26.27026308413233,,,,final,,,
gmsl.aviso.monthly,WLD,2003-09,27.925743745545354,,,,final,,,
gmsl.aviso.monthly,WLD,2003-10,27.82875149231238,,,,final,,,
gmsl.aviso.monthly,WLD,2003-11,26.40383359352557,,,,final,,,
gmsl.aviso.monthly,WLD,2003-12,26.96148479079644,,,,final,,,
gmsl.aviso.monthly,WLD,2004-01,29.596372090422204,,,,final,,,
gmsl.aviso.monthly,WLD,2004-02,27.911904968510477,,,,final,,,
gmsl.aviso.monthly,WLD,2004-03,29.374121799163714,,,,final,,,
gmsl.aviso.monthly,WLD,2004-04,29.31833673902728,,,,final,,,
gmsl.aviso.monthly,WLD,2004-05,27.144320392679546,,,,final,,,
gmsl.aviso.monthly,WLD,2004-06,28.607352657392447,,,,final,,,
gmsl.aviso.monthly,WLD,2004-07,28.492378929489195,,,,final,,,
gmsl.aviso.monthly,WLD,2004-08,28.346972811026767,,,,final,,,
gmsl.aviso.monthly,WLD,2004-09,29.60766229584175,,,,final,,,
gmsl.aviso.monthly,WLD,2004-10,28.7155603198677,,,,final,,,
gmsl.aviso.monthly,WLD,2004-11,28.160756982100384,,,,final,,,
gmsl.aviso.monthly,WLD,2004-12,30.274460964298168,,,,final,,,
gmsl.aviso.monthly,WLD,2005-01,31.023451126004538,,,,final,,,
gmsl.aviso.monthly,WLD,2005-02,33.08113923860054,,,,final,,,
gmsl.aviso.monthly,WLD,2005-03,33.13534379180779,,,,final,,,
gmsl.aviso.monthly,WLD,2005-04,31.939168260747586,,,,final,,,
gmsl.aviso.monthly,WLD,2005-05,33.54888497809988,,,,final,,,
gmsl.aviso.monthly,WLD,2005-06,33.79274884541614,,,,final,,,
gmsl.aviso.monthly,WLD,2005-07,33.10441700439275,,,,final,,,
gmsl.aviso.monthly,WLD,2005-08,32.11487169367873,,,,final,,,
gmsl.aviso.monthly,WLD,2005-09,32.602915212326316,,,,final,,,
gmsl.aviso.monthly,WLD,2005-10,33.08952196730061,,,,final,,,
gmsl.aviso.monthly,WLD,2005-11,35.726164808156,,,,final,,,
gmsl.aviso.monthly,WLD,2005-12,36.02258047270732,,,,final,,,
gmsl.aviso.monthly,WLD,2006-01,33.99470864151167,,,,final,,,
gmsl.aviso.monthly,WLD,2006-02,34.233843155704044,,,,final,,,
gmsl.aviso.monthly,WLD,2006-03,33.484911574389976,,,,final,,,
gmsl.aviso.monthly,WLD,2006-04,34.04459492351042,,,,final,,,
gmsl.aviso.monthly,WLD,2006-05,35.28496376174254,,,,final,,,
gmsl.aviso.monthly,WLD,2006-06,36.34931824490625,,,,final,,,
gmsl.aviso.monthly,WLD,2006-07,36.75727846082485,,,,final,,,
gmsl.aviso.monthly,WLD,2006-08,34.31273989863041,,,,final,,,
gmsl.aviso.monthly,WLD,2006-09,36.14021901103339,,,,final,,,
gmsl.aviso.monthly,WLD,2006-10,37.57686942192929,,,,final,,,
gmsl.aviso.monthly,WLD,2006-11,34.63297898268367,,,,final,,,
gmsl.aviso.monthly,WLD,2006-12,34.71531860594379,,,,final,,,
gmsl.aviso.monthly,WLD,2007-01,34.50633405513004,,,,final,,,
gmsl.aviso.monthly,WLD,2007-02,35.01690469811117,,,,final,,,
gmsl.aviso.monthly,WLD,2007-03,36.81309310310644,,,,final,,,
gmsl.aviso.monthly,WLD,2007-04,37.96349646558789,,,,final,,,
gmsl.aviso.monthly,WLD,2007-05,35.867728607798654,,,,final,,,
gmsl.aviso.monthly,WLD,2007-06,35.72166665213163,,,,final,,,
gmsl.aviso.monthly,WLD,2007-07,34.67037064309113,,,,final,,,
gmsl.aviso.monthly,WLD,2007-08,34.25015632018636,,,,final,,,
gmsl.aviso.monthly,WLD,2007-09,34.605566999826316,,,,final,,,
gmsl.aviso.monthly,WLD,2007-10,35.92874486679667,,,,final,,,
gmsl.aviso.monthly,WLD,2007-11,37.483098831165904,,,,final,,,
gmsl.aviso.monthly,WLD,2007-12,36.974307569570364,,,,final,,,
gmsl.aviso.monthly,WLD,2008-01,36.9539727885688,,,,final,,,
gmsl.aviso.monthly,WLD,2008-02,35.994344173528916,,,,final,,,
gmsl.aviso.monthly,WLD,2008-03,37.777523724632665,,,,final,,,
gmsl.aviso.monthly,WLD,2008-04,37.36435140014838,,,,final,,,
gmsl.aviso.monthly,WLD,2008-05,40.5461736353506,,,,final,,,
gmsl.aviso.monthly,WLD,2008-06,41.65442598557726,,,,final,,,
gmsl.aviso.monthly,WLD,2008-07,40.416591712510005,,,,final,,,
gmsl.aviso.monthly,WLD,2008-08,38.0557278396477,,,,final,,,
gmsl.aviso.monthly,WLD,2008-09,38.43610477625652,,,,final,,,
gmsl.aviso.monthly,WLD,2008-10,40.044399001574796,,,,final,,,
gmsl.aviso.monthly,WLD,2008-11,41.33272492852183,,,,final,,,
gmsl.aviso.monthly,WLD,2008-12,41.85370481471343,,,,final,,,
gmsl.aviso.monthly,WLD,2009-01,40.19040755453813,,,,final,,,
gmsl.aviso.monthly,WLD,2009-02,40.193446301602094,,,,final,,,
gmsl.aviso.monthly,WLD,2009-03,42.87307042217151,,,,final,,,
gmsl.aviso.monthly,WLD,2009-04,42.45792055777809,,,,final,,,
gmsl.aviso.monthly,WLD,2009-05,42.986492331116146,,,,final,,,
gmsl.aviso.monthly,WLD,2009-06,43.29861894717996,,,,final,,,
gmsl.aviso.monthly,WLD,2009-07,42.90462598029692,,,,final,,,
gmsl.aviso.monthly,WLD,2009-08,44.102527647310936,,,,final,,,
gmsl.aviso.monthly,WLD,2009-09,46.44821744802316,,,,final,,,
gmsl.aviso.monthly,WLD,2009-10,47.443907507290525,,,,final,,,
gmsl.aviso.monthly,WLD,2009-11,46.5113184216667,,,,final,,,
gmsl.aviso.monthly,WLD,2009-12,46.15632429309416,,,,final,,,
gmsl.aviso.monthly,WLD,2010-01,44.686037958595634,,,,final,,,
gmsl.aviso.monthly,WLD,2010-02,45.654866879452065,,,,final,,,
gmsl.aviso.monthly,WLD,2010-03,46.264311730033434,,,,final,,,
gmsl.aviso.monthly,WLD,2010-04,45.29854611351372,,,,final,,,
gmsl.aviso.monthly,WLD,2010-05,46.94144027722604,,,,final,,,
gmsl.aviso.monthly,WLD,2010-06,48.69739127612786,,,,final,,,
gmsl.aviso.monthly,WLD,2010-07,47.39234928872424,,,,final,,,
gmsl.aviso.monthly,WLD,2010-08,45.01732256348623,,,,final,,,
gmsl.aviso.monthly,WLD,2010-09,43.61936108195693,,,,final,,,
gmsl.aviso.monthly,WLD,2010-10,45.057101413619925,,,,final,,,
gmsl.aviso.monthly,WLD,2010-11,44.03635857866272,,,,final,,,
gmsl.aviso.monthly,WLD,2010-12,43.176180146733266,,,,final,,,
gmsl.aviso.monthly,WLD,2011-01,43.8628276776199,,,,final,,,
gmsl.aviso.monthly,WLD,2011-02,42.84340295691532,,,,final,,,
gmsl.aviso.monthly,WLD,2011-03,41.66471980573671,,,,final,,,
gmsl.aviso.monthly,WLD,2011-04,41.77663363621705,,,,final,,,
gmsl.aviso.monthly,WLD,2011-05,42.576828718534884,,,,final,,,
gmsl.aviso.monthly,WLD,2011-06,45.27004762095329,,,,final,,,
gmsl.aviso.monthly,WLD,2011-07,45.28642735483379,,,,final,,,
gmsl.aviso.monthly,WLD,2011-08,46.90048993058914,,,,final,,,
gmsl.aviso.monthly,WLD,2011-09,46.395304696617465,,,,final,,,
gmsl.aviso.monthly,WLD,2011-10,47.43309067319478,,,,final,,,
gmsl.aviso.monthly,WLD,2011-11,46.45250863201725,,,,final,,,
gmsl.aviso.monthly,WLD,2011-12,49.692253686079354,,,,final,,,
gmsl.aviso.monthly,WLD,2012-01,52.75710072752083,,,,final,,,
gmsl.aviso.monthly,WLD,2012-02,52.54096109160141,,,,final,,,
gmsl.aviso.monthly,WLD,2012-03,52.4841115258392,,,,final,,,
gmsl.aviso.monthly,WLD,2012-04,52.78996744235451,,,,final,,,
gmsl.aviso.monthly,WLD,2012-05,53.55654550168451,,,,final,,,
gmsl.aviso.monthly,WLD,2012-06,55.67580984642617,,,,final,,,
gmsl.aviso.monthly,WLD,2012-07,57.80606273820589,,,,final,,,
gmsl.aviso.monthly,WLD,2012-08,56.212117192059566,,,,final,,,
gmsl.aviso.monthly,WLD,2012-09,56.81121012122764,,,,final,,,
gmsl.aviso.monthly,WLD,2012-10,57.95368438624157,,,,final,,,
gmsl.aviso.monthly,WLD,2012-11,57.38876435451655,,,,final,,,
gmsl.aviso.monthly,WLD,2012-12,59.49407181725282,,,,final,,,
gmsl.aviso.monthly,WLD,2013-01,59.88647984563493,,,,final,,,
gmsl.aviso.monthly,WLD,2013-02,59.41842734470397,,,,final,,,
gmsl.aviso.monthly,WLD,2013-03,61.80593508960161,,,,final,,,
gmsl.aviso.monthly,WLD,2013-04,60.087928373931675,,,,final,,,
gmsl.aviso.monthly,WLD,2013-05,58.49716490915692,,,,final,,,
gmsl.aviso.monthly,WLD,2013-06,57.435900224973814,,,,final,,,
gmsl.aviso.monthly,WLD,2013-07,57.571606262051056,,,,final,,,
gmsl.aviso.monthly,WLD,2013-08,55.71304790955298,,,,final,,,
gmsl.aviso.monthly,WLD,2013-09,55.69049074441167,,,,final,,,
gmsl.aviso.monthly,WLD,2013-10,57.34711403891828,,,,final,,,
gmsl.aviso.monthly,WLD,2013-11,58.42863541664404,,,,final,,,
gmsl.aviso.monthly,WLD,2013-12,57.16175305387687,,,,final,,,
gmsl.aviso.monthly,WLD,2014-01,58.11863006991285,,,,final,,,
gmsl.aviso.monthly,WLD,2014-02,60.529995095255295,,,,final,,,
gmsl.aviso.monthly,WLD,2014-03,60.820634476613165,,,,final,,,
gmsl.aviso.monthly,WLD,2014-04,59.13304302200841,,,,final,,,
gmsl.aviso.monthly,WLD,2014-05,58.33117838858712,,,,final,,,
gmsl.aviso.monthly,WLD,2014-06,60.6399625077841,,,,final,,,
gmsl.aviso.monthly,WLD,2014-07,62.02838466709622,,,,final,,,
gmsl.aviso.monthly,WLD,2014-08,62.50446823433299,,,,final,,,
gmsl.aviso.monthly,WLD,2014-09,61.819870320003396,,,,final,,,
gmsl.aviso.monthly,WLD,2014-10,62.83874943573002,,,,final,,,
gmsl.aviso.monthly,WLD,2014-11,61.3351696078694,,,,final,,,
gmsl.aviso.monthly,WLD,2014-12,63.79315446445888,,,,final,,,
gmsl.aviso.monthly,WLD,2015-01,65.30010066109759,,,,final,,,
gmsl.aviso.monthly,WLD,2015-02,68.525781926632,,,,final,,,
gmsl.aviso.monthly,WLD,2015-03,68.22824647276597,,,,final,,,
gmsl.aviso.monthly,WLD,2015-04,68.60736364309831,,,,final,,,
gmsl.aviso.monthly,WLD,2015-05,67.68748307096729,,,,final,,,
gmsl.aviso.monthly,WLD,2015-06,70.12651939964923,,,,final,,,
gmsl.aviso.monthly,WLD,2015-07,71.41734437676948,,,,final,,,
gmsl.aviso.monthly,WLD,2015-08,72.46284472903837,,,,final,,,
gmsl.aviso.monthly,WLD,2015-09,73.54117168463516,,,,final,,,
gmsl.aviso.monthly,WLD,2015-10,74.58066153261248,,,,final,,,
gmsl.aviso.monthly,WLD,2015-11,73.37404223895031,,,,final,,,
gmsl.aviso.monthly,WLD,2015-12,72.15554866554038,,,,final,,,
gmsl.aviso.monthly,WLD,2016-01,73.15069844577191,,,,final,,,
gmsl.aviso.monthly,WLD,2016-02,75.66727179457104,,,,final,,,
gmsl.aviso.monthly,WLD,2016-03,75.62357690282613,,,,final,,,
gmsl.aviso.monthly,WLD,2016-04,74.75274007242356,,,,final,,,
gmsl.aviso.monthly,WLD,2016-05,72.87109956492625,,,,final,,,
gmsl.aviso.monthly,WLD,2016-06,75.38019660581921,,,,final,,,
gmsl.aviso.monthly,WLD,2016-07,73.3772492829765,,,,final,,,
gmsl.aviso.monthly,WLD,2016-08,71.88571558917359,,,,final,,,
gmsl.aviso.monthly,WLD,2016-09,72.51172424808924,,,,final,,,
gmsl.aviso.monthly,WLD,2016-10,72.64280412775335,,,,final,,,
gmsl.aviso.monthly,WLD,2016-11,76.2695546388102,,,,final,,,
gmsl.aviso.monthly,WLD,2016-12,74.97936867293768,,,,final,,,
gmsl.aviso.monthly,WLD,2017-01,72.9295233159852,,,,final,,,
gmsl.aviso.monthly,WLD,2017-02,72.05843420365206,,,,final,,,
gmsl.aviso.monthly,WLD,2017-03,73.91991325296368,,,,final,,,
gmsl.aviso.monthly,WLD,2017-04,74.66211968735912,,,,final,,,
gmsl.aviso.monthly,WLD,2017-05,72.68893427417937,,,,final,,,
gmsl.aviso.monthly,WLD,2017-06,73.51116347897154,,,,final,,,
gmsl.aviso.monthly,WLD,2017-07,74.81039887538898,,,,final,,,
gmsl.aviso.monthly,WLD,2017-08,75.57520211131032,,,,final,,,
gmsl.aviso.monthly,WLD,2017-09,75.76874154865337,,,,final,,,
gmsl.aviso.monthly,WLD,2017-10,76.06589591552772,,,,final,,,
gmsl.aviso.monthly,WLD,2017-11,78.62128336375386,,,,final,,,
gmsl.aviso.monthly,WLD,2017-12,77.79545764450727,,,,final,,,
gmsl.aviso.monthly,WLD,2018-01,76.72861200586641,,,,final,,,
gmsl.aviso.monthly,WLD,2018-02,76.11756378350063,,,,final,,,
gmsl.aviso.monthly,WLD,2018-03,76.3089885518403,,,,final,,,
gmsl.aviso.monthly,WLD,2018-04,75.38873473778489,,,,final,,,
gmsl.aviso.monthly,WLD,2018-05,76.72784991172585,,,,final,,,
gmsl.aviso.monthly,WLD,2018-06,76.85109753982735,,,,final,,,
gmsl.aviso.monthly,WLD,2018-07,78.03401258161105,,,,final,,,
gmsl.aviso.monthly,WLD,2018-08,77.88827871729335,,,,final,,,
gmsl.aviso.monthly,WLD,2018-09,79.53871813469853,,,,final,,,
gmsl.aviso.monthly,WLD,2018-10,81.13115012694001,,,,final,,,
gmsl.aviso.monthly,WLD,2018-11,80.00814423949417,,,,final,,,
gmsl.aviso.monthly,WLD,2018-12,79.01732885630123,,,,final,,,
gmsl.aviso.monthly,WLD,2019-01,81.48791446841811,,,,final,,,
gmsl.aviso.monthly,WLD,2019-02,83.15458575619515,,,,final,,,
gmsl.aviso.monthly,WLD,2019-03,83.64123168335611,,,,final,,,
gmsl.aviso.monthly,WLD,2019-04,83.29109085142682,,,,final,,,
gmsl.aviso.monthly,WLD,2019-05,84.3662897520538,,,,final,,,
gmsl.aviso.monthly,WLD,2019-06,84.60622848741099,,,,final,,,
gmsl.aviso.monthly,WLD,2019-07,85.6824287799706,,,,final,,,
gmsl.aviso.monthly,WLD,2019-08,87.0902953833906,,,,final,,,
gmsl.aviso.monthly,WLD,2019-09,86.95555623053241,,,,final,,,
gmsl.aviso.monthly,WLD,2019-10,85.54424147561822,,,,final,,,
gmsl.aviso.monthly,WLD,2019-11,85.85523133538821,,,,final,,,
gmsl.aviso.monthly,WLD,2019-12,85.2499448369795,,,,final,,,
gmsl.aviso.monthly,WLD,2020-01,84.14989463510544,,,,final,,,
gmsl.aviso.monthly,WLD,2020-02,86.36072227297116,,,,final,,,
gmsl.aviso.monthly,WLD,2020-03,84.74265508693217,,,,final,,,
gmsl.aviso.monthly,WLD,2020-04,85.90863139731344,,,,final,,,
gmsl.aviso.monthly,WLD,2020-05,86.86831920666064,,,,final,,,
gmsl.aviso.monthly,WLD,2020-06,87.3402986685751,,,,final,,,
gmsl.aviso.monthly,WLD,2020-07,88.30230435897327,,,,final,,,
gmsl.aviso.monthly,WLD,2020-08,87.33012238103869,,,,final,,,
gmsl.aviso.monthly,WLD,2020-09,87.54407389086676,,,,final,,,
gmsl.aviso.monthly,WLD,2020-10,89.4703733037355,,,,final,,,
gmsl.aviso.monthly,WLD,2020-11,88.44591108089115,,,,final,,,
gmsl.aviso.monthly,WLD,2020-12,87.62020636488361,,,,final,,,
gmsl.aviso.monthly,WLD,2021-01,91.03890904751246,,,,final,,,
gmsl.aviso.monthly,WLD,2021-02,88.93220408983608,,,,final,,,
gmsl.aviso.monthly,WLD,2021-03,87.62260822745749,,,,final,,,
gmsl.aviso.monthly,WLD,2021-04,90.70617139263534,,,,final,,,
gmsl.aviso.monthly,WLD,2021-05,90.529488390504,,,,final,,,
gmsl.aviso.monthly,WLD,2021-06,91.25157885504608,,,,final,,,
gmsl.aviso.monthly,WLD,2021-07,92.99834764356626,,,,final,,,
gmsl.aviso.monthly,WLD,2021-08,92.9991404123651,,,,final,,,
gmsl.aviso.monthly,WLD,2021-09,92.97093043187655,,,,final,,,
gmsl.aviso.monthly,WLD,2021-10,94.07387577973672,,,,final,,,
gmsl.aviso.monthly,WLD,2021-11,92.94786479422577,,,,final,,,
gmsl.aviso.monthly,WLD,2021-12,92.96988473841148,,,,final,,,
gmsl.aviso.monthly,WLD,2022-01,94.259129301936,,,,final,,,
gmsl.aviso.monthly,WLD,2022-02,93.31619537460992,,,,final,,,
gmsl.aviso.monthly,WLD,2022-03,92.35459615876887,,,,final,,,
gmsl.aviso.monthly,WLD,2022-04,93.51003229904383,,,,final,,,
gmsl.aviso.monthly,WLD,2022-05,92.75271560243813,,,,final,,,
gmsl.aviso.monthly,WLD,2022-06,94.58705732808407,,,,final,,,
gmsl.aviso.monthly,WLD,2022-07,96.88858636896174,,,,final,,,
gmsl.aviso.monthly,WLD,2022-08,94.17615470900856,,,,final,,,
gmsl.aviso.monthly,WLD,2022-09,96.96733401736358,,,,final,,,
gmsl.aviso.monthly,WLD,2022-10,95.70176696542617,,,,final,,,
gmsl.aviso.monthly,WLD,2022-11,94.96046795895583,,,,final,,,
gmsl.aviso.monthly,WLD,2022-12,96.66792972700442,,,,final,,,
gmsl.aviso.monthly,WLD,2023-01,98.87634603116678,,,,final,,,
gmsl.aviso.monthly,WLD,2023-02,96.59763621168278,,,,final,,,
gmsl.aviso.monthly,WLD,2023-03,97.58761567294542,,,,final,,,
gmsl.aviso.monthly,WLD,2023-04,94.46245403537098,,,,final,,,
gmsl.aviso.monthly,WLD,2023-05,98.50372066046377,,,,final,,,
gmsl.aviso.monthly,WLD,2023-06,99.8254405945773,,,,final,,,
gmsl.aviso.monthly,WLD,2023-07,102.85821373441102,,,,final,,,
gmsl.aviso.monthly,WLD,2023-08,103.23721968722079,,,,final,,,
gmsl.aviso.monthly,WLD,2023-09,104.35950464868901,,,,final,,,
gmsl.aviso.monthly,WLD,2023-10,105.98202072932263,,,,final,,,
gmsl.aviso.monthly,WLD,2023-11,102.97883600094923,,,,final,,,
gmsl.aviso.monthly,WLD,2023-12,103.41041012245182,,,,final,,,
gmsl.aviso.monthly,WLD,2024-01,105.21192672289618,,,,final,,,
gmsl.aviso.monthly,WLD,2024-02,105.31947765920457,,,,final,,,
gmsl.aviso.monthly,WLD,2024-03,105.8881766546381,,,,final,,,
gmsl.aviso.monthly,WLD,2024-04,103.25906841138966,,,,final,,,
gmsl.aviso.monthly,WLD,2024-05,104.7559699155911,,,,final,,,
gmsl.aviso.monthly,WLD,2024-06,105.06869535768395,,,,final,,,
gmsl.aviso.monthly,WLD,2024-07,102.91145195543898,,,,final,,,
gmsl.aviso.monthly,WLD,2024-08,101.39529756868104,,,,final,,,
gmsl.aviso.monthly,WLD,2024-09,101.16924671368606,,,,final,,,
gmsl.aviso.monthly,WLD,2024-10,103.68691786087444,,,,final,,,
gmsl.aviso.monthly,WLD,2024-11,104.30886453867073,,,,final,,,
gmsl.aviso.monthly,WLD,2024-12,106.45591193122182,,,,final,,,
gmsl.aviso.monthly,WLD,2025-01,104.32358740517695,,,,final,,,
gmsl.aviso.monthly,WLD,2025-02,104.93862017134927,,,,final,,,
gmsl.aviso.monthly,WLD,2025-03,104.77100199714813,,,,final,,,
gmsl.aviso.monthly,WLD,2025-04,104.2334325716364,,,,final,,,
gmsl.aviso.monthly,WLD,2025-05,104.43523586217322,,,,final,,,
gmsl.aviso.monthly,WLD,2025-06,103.97372526607465,,,,final,,,
gmsl.aviso.monthly,WLD,2025-07,103.39355647787409,,,,final,,,
gmsl.aviso.monthly,WLD,2025-08,104.58510413480828,,,,final,,,
gmsl.aviso.monthly,WLD,2025-09,103.76345347158865,,,,final,,,
gmsl.aviso.monthly,WLD,2025-10,105.5425889366802,,,,final,,,
gmsl.aviso.monthly,WLD,2025-11,106.98170354378229,,,,final,,,
gmsl.aviso.monthly,WLD,2025-12,105.83492304793731,,,,final,,,
gmsl.aviso.monthly,WLD,2026-01,106.61311564601066,,,,final,,,
gmsl.aviso.monthly,WLD,2026-02,107.51544441009489,,,,final,,,
gmsl.aviso.monthly,WLD,2026-03,106.63354140879687,,,,final,,,
gmsl.aviso.monthly,WLD,2026-04,104.8181245308686,,,,final,,,
gmsl.aviso.monthly,WLD,2026-05,108.27636897555867,,,,final,,,
gmsl.aviso.monthly,WLD,2026-06,111.12764366800783,,,,final,,,
gmsl.aviso.monthly,WLD,2026-07,111.7744299608096,,,,final,,,
