# Potential work hours lost to heat, world
# Indicator: heat.lancet-2025.labour-hours-global (vintage 2025 report); unit: billion hours (bn-hours)
# Source: Lancet Countdown on Health and Climate Change (led by University College London) <https://lancetcountdown.org/explore-our-data/>
# Credit: Calculated by Environment Dashboard from Lancet Countdown on Health and Climate Change 2025 report data: indicator 1.1.1 by A. J. Pershing and J. Giguere (attributable heatwave days) and by F. Tartarini and O. Jay (vulnerable populations); indicator 1.1.3 by C. Freyberg, B. Lemke and M. Otto; indicator 1.1.5 by J. Ballester, X. Basagaña and J. Ruiz-Cabrejos. Romanello et al., The Lancet, 2025, doi:10.1016/S0140-6736(25)01919-1. CC BY-NC-SA 4.0. Changes: work hours lost converted from thousands of hours to billions of hours.
# Notice: Licensed CC BY-NC-SA 4.0 (https://creativecommons.org/licenses/by-nc-sa/4.0/): non-commercial use only, and anything built from these figures must be shared under the same licence. These indicators are computed from ERA5 and contain modified Copernicus Climate Change Service information 2025; neither the European Commission nor ECMWF is responsible for any use that may be made of the Copernicus information or data it contains.
# Licence: CC BY-NC-SA 4.0 <https://creativecommons.org/licenses/by-nc-sa/4.0/>
# Provenance and processing: https://environmentdashboard.org/data/heat/lancet-2025/labour-hours-global
indicator_id,entity,period,value,lower,upper,interval,status,note,missing_reason,age_bp,sector
heat.lancet-2025.labour-hours-global,WLD,1990,295.0418309300002,,,,final,,,,total
heat.lancet-2025.labour-hours-global,WLD,1991,297.11525971,,,,final,,,,total
heat.lancet-2025.labour-hours-global,WLD,1992,283.35039312,,,,final,,,,total
heat.lancet-2025.labour-hours-global,WLD,1993,296.65639721000014,,,,final,,,,total
heat.lancet-2025.labour-hours-global,WLD,1994,320.53010765000005,,,,final,,,,total
heat.lancet-2025.labour-hours-global,WLD,1995,336.33688594000006,,,,final,,,,total
heat.lancet-2025.labour-hours-global,WLD,1996,322.3312840599999,,,,final,,,,total
heat.lancet-2025.labour-hours-global,WLD,1997,324.19969208000003,,,,final,,,,total
heat.lancet-2025.labour-hours-global,WLD,1998,410.12865785999986,,,,final,,,,total
heat.lancet-2025.labour-hours-global,WLD,1999,343.7953587600001,,,,final,,,,total
heat.lancet-2025.labour-hours-global,WLD,2000,356.75923212,,,,final,,,,total
heat.lancet-2025.labour-hours-global,WLD,2001,363.8972873100001,,,,final,,,,total
heat.lancet-2025.labour-hours-global,WLD,2002,386.90967361999975,,,,final,,,,total
heat.lancet-2025.labour-hours-global,WLD,2003,392.32419849000036,,,,final,,,,total
heat.lancet-2025.labour-hours-global,WLD,2004,382.93560902999985,,,,final,,,,total
heat.lancet-2025.labour-hours-global,WLD,2005,406.8168664499998,,,,final,,,,total
heat.lancet-2025.labour-hours-global,WLD,2006,408.50716702,,,,final,,,,total
heat.lancet-2025.labour-hours-global,WLD,2007,407.33921290999984,,,,final,,,,total
heat.lancet-2025.labour-hours-global,WLD,2008,379.82222616999996,,,,final,,,,total
heat.lancet-2025.labour-hours-global,WLD,2009,426.1484183800002,,,,final,,,,total
heat.lancet-2025.labour-hours-global,WLD,2010,476.3094601399999,,,,final,,,,total
heat.lancet-2025.labour-hours-global,WLD,2011,402.1650615599999,,,,final,,,,total
heat.lancet-2025.labour-hours-global,WLD,2012,420.71129463000005,,,,final,,,,total
heat.lancet-2025.labour-hours-global,WLD,2013,431.4258517500003,,,,final,,,,total
heat.lancet-2025.labour-hours-global,WLD,2014,434.3400801199998,,,,final,,,,total
heat.lancet-2025.labour-hours-global,WLD,2015,446.7161603899999,,,,final,,,,total
heat.lancet-2025.labour-hours-global,WLD,2016,499.6521028600001,,,,final,,,,total
heat.lancet-2025.labour-hours-global,WLD,2017,482.36506862999994,,,,final,,,,total
heat.lancet-2025.labour-hours-global,WLD,2018,462.9294761400001,,,,final,,,,total
heat.lancet-2025.labour-hours-global,WLD,2019,497.8969072400001,,,,final,,,,total
heat.lancet-2025.labour-hours-global,WLD,2020,487.7168216000002,,,,final,,,,total
heat.lancet-2025.labour-hours-global,WLD,2021,486.2664289399998,,,,final,,,,total
heat.lancet-2025.labour-hours-global,WLD,2022,522.97075539,,,,final,,,,total
heat.lancet-2025.labour-hours-global,WLD,2023,550.5082729499998,,,,final,,,,total
heat.lancet-2025.labour-hours-global,WLD,2024,639.85500565,,,,final,,,,total
heat.lancet-2025.labour-hours-global,WLD,1990,11.102328510000001,,,,final,,,,services
heat.lancet-2025.labour-hours-global,WLD,1991,11.314034150000012,,,,final,,,,services
heat.lancet-2025.labour-hours-global,WLD,1992,10.429052389999997,,,,final,,,,services
heat.lancet-2025.labour-hours-global,WLD,1993,12.01347574999999,,,,final,,,,services
heat.lancet-2025.labour-hours-global,WLD,1994,13.55555738999999,,,,final,,,,services
heat.lancet-2025.labour-hours-global,WLD,1995,15.266225919999997,,,,final,,,,services
heat.lancet-2025.labour-hours-global,WLD,1996,14.173222299999988,,,,final,,,,services
heat.lancet-2025.labour-hours-global,WLD,1997,14.40641287000001,,,,final,,,,services
heat.lancet-2025.labour-hours-global,WLD,1998,21.731476720000014,,,,final,,,,services
heat.lancet-2025.labour-hours-global,WLD,1999,16.019025859999992,,,,final,,,,services
heat.lancet-2025.labour-hours-global,WLD,2000,16.75541542,,,,final,,,,services
heat.lancet-2025.labour-hours-global,WLD,2001,17.92368481,,,,final,,,,services
heat.lancet-2025.labour-hours-global,WLD,2002,20.15518332,,,,final,,,,services
heat.lancet-2025.labour-hours-global,WLD,2003,21.167179440000012,,,,final,,,,services
heat.lancet-2025.labour-hours-global,WLD,2004,20.48843037000002,,,,final,,,,services
heat.lancet-2025.labour-hours-global,WLD,2005,23.509138650000008,,,,final,,,,services
heat.lancet-2025.labour-hours-global,WLD,2006,23.854169199999987,,,,final,,,,services
heat.lancet-2025.labour-hours-global,WLD,2007,24.451810469999995,,,,final,,,,services
heat.lancet-2025.labour-hours-global,WLD,2008,21.739061409999994,,,,final,,,,services
heat.lancet-2025.labour-hours-global,WLD,2009,26.39601265999999,,,,final,,,,services
heat.lancet-2025.labour-hours-global,WLD,2010,32.89077076000001,,,,final,,,,services
heat.lancet-2025.labour-hours-global,WLD,2011,26.11733647000002,,,,final,,,,services
heat.lancet-2025.labour-hours-global,WLD,2012,28.55867519,,,,final,,,,services
heat.lancet-2025.labour-hours-global,WLD,2013,31.175707069999984,,,,final,,,,services
heat.lancet-2025.labour-hours-global,WLD,2014,32.07324811999999,,,,final,,,,services
heat.lancet-2025.labour-hours-global,WLD,2015,34.51706097,,,,final,,,,services
heat.lancet-2025.labour-hours-global,WLD,2016,42.77686424000002,,,,final,,,,services
heat.lancet-2025.labour-hours-global,WLD,2017,41.48697026000004,,,,final,,,,services
heat.lancet-2025.labour-hours-global,WLD,2018,40.04122809000001,,,,final,,,,services
heat.lancet-2025.labour-hours-global,WLD,2019,45.50266647,,,,final,,,,services
heat.lancet-2025.labour-hours-global,WLD,2020,42.81004223,,,,final,,,,services
heat.lancet-2025.labour-hours-global,WLD,2021,40.98811331000002,,,,final,,,,services
heat.lancet-2025.labour-hours-global,WLD,2022,45.87408327999998,,,,final,,,,services
heat.lancet-2025.labour-hours-global,WLD,2023,50.432660679999984,,,,final,,,,services
heat.lancet-2025.labour-hours-global,WLD,2024,63.81989167999997,,,,final,,,,services
heat.lancet-2025.labour-hours-global,WLD,1990,15.028350589999995,,,,final,,,,manufacturing
heat.lancet-2025.labour-hours-global,WLD,1991,14.864521460000011,,,,final,,,,manufacturing
heat.lancet-2025.labour-hours-global,WLD,1992,13.74771082,,,,final,,,,manufacturing
heat.lancet-2025.labour-hours-global,WLD,1993,14.758094680000005,,,,final,,,,manufacturing
heat.lancet-2025.labour-hours-global,WLD,1994,17.481307209999986,,,,final,,,,manufacturing
heat.lancet-2025.labour-hours-global,WLD,1995,18.287979560000007,,,,final,,,,manufacturing
heat.lancet-2025.labour-hours-global,WLD,1996,17.076481840000014,,,,final,,,,manufacturing
heat.lancet-2025.labour-hours-global,WLD,1997,17.257136099999983,,,,final,,,,manufacturing
heat.lancet-2025.labour-hours-global,WLD,1998,24.03188608999999,,,,final,,,,manufacturing
heat.lancet-2025.labour-hours-global,WLD,1999,18.606912220000012,,,,final,,,,manufacturing
heat.lancet-2025.labour-hours-global,WLD,2000,19.740211190000014,,,,final,,,,manufacturing
heat.lancet-2025.labour-hours-global,WLD,2001,20.37947769999999,,,,final,,,,manufacturing
heat.lancet-2025.labour-hours-global,WLD,2002,21.960270329999982,,,,final,,,,manufacturing
heat.lancet-2025.labour-hours-global,WLD,2003,22.96321495000001,,,,final,,,,manufacturing
heat.lancet-2025.labour-hours-global,WLD,2004,22.22122064999999,,,,final,,,,manufacturing
heat.lancet-2025.labour-hours-global,WLD,2005,25.18593241,,,,final,,,,manufacturing
heat.lancet-2025.labour-hours-global,WLD,2006,25.710766150000012,,,,final,,,,manufacturing
heat.lancet-2025.labour-hours-global,WLD,2007,26.079494999999984,,,,final,,,,manufacturing
heat.lancet-2025.labour-hours-global,WLD,2008,23.37995665,,,,final,,,,manufacturing
heat.lancet-2025.labour-hours-global,WLD,2009,26.911980729999975,,,,final,,,,manufacturing
heat.lancet-2025.labour-hours-global,WLD,2010,32.04270875,,,,final,,,,manufacturing
heat.lancet-2025.labour-hours-global,WLD,2011,26.631899749999985,,,,final,,,,manufacturing
heat.lancet-2025.labour-hours-global,WLD,2012,29.632258520000008,,,,final,,,,manufacturing
heat.lancet-2025.labour-hours-global,WLD,2013,32.188070110000005,,,,final,,,,manufacturing
heat.lancet-2025.labour-hours-global,WLD,2014,31.973161169999997,,,,final,,,,manufacturing
heat.lancet-2025.labour-hours-global,WLD,2015,33.349110299999985,,,,final,,,,manufacturing
heat.lancet-2025.labour-hours-global,WLD,2016,40.015313510000006,,,,final,,,,manufacturing
heat.lancet-2025.labour-hours-global,WLD,2017,39.00842332,,,,final,,,,manufacturing
heat.lancet-2025.labour-hours-global,WLD,2018,37.67607118000002,,,,final,,,,manufacturing
heat.lancet-2025.labour-hours-global,WLD,2019,40.518456790000016,,,,final,,,,manufacturing
heat.lancet-2025.labour-hours-global,WLD,2020,38.49880989999999,,,,final,,,,manufacturing
heat.lancet-2025.labour-hours-global,WLD,2021,38.28130223999997,,,,final,,,,manufacturing
heat.lancet-2025.labour-hours-global,WLD,2022,42.39721204999998,,,,final,,,,manufacturing
heat.lancet-2025.labour-hours-global,WLD,2023,45.15094975,,,,final,,,,manufacturing
heat.lancet-2025.labour-hours-global,WLD,2024,56.04637619000002,,,,final,,,,manufacturing
heat.lancet-2025.labour-hours-global,WLD,1990,251.85730272000015,,,,final,,,,agriculture
heat.lancet-2025.labour-hours-global,WLD,1991,253.22660511999993,,,,final,,,,agriculture
heat.lancet-2025.labour-hours-global,WLD,1992,242.17315695,,,,final,,,,agriculture
heat.lancet-2025.labour-hours-global,WLD,1993,251.05273380000014,,,,final,,,,agriculture
heat.lancet-2025.labour-hours-global,WLD,1994,268.52626756000006,,,,final,,,,agriculture
heat.lancet-2025.labour-hours-global,WLD,1995,280.18949916,,,,final,,,,agriculture
heat.lancet-2025.labour-hours-global,WLD,1996,268.51993813999985,,,,final,,,,agriculture
heat.lancet-2025.labour-hours-global,WLD,1997,269.2953421600001,,,,final,,,,agriculture
heat.lancet-2025.labour-hours-global,WLD,1998,335.82240064999985,,,,final,,,,agriculture
heat.lancet-2025.labour-hours-global,WLD,1999,284.49999676000016,,,,final,,,,agriculture
heat.lancet-2025.labour-hours-global,WLD,2000,294.4138549,,,,final,,,,agriculture
heat.lancet-2025.labour-hours-global,WLD,2001,298.04594763000006,,,,final,,,,agriculture
heat.lancet-2025.labour-hours-global,WLD,2002,314.07675518999974,,,,final,,,,agriculture
heat.lancet-2025.labour-hours-global,WLD,2003,316.2863512600003,,,,final,,,,agriculture
heat.lancet-2025.labour-hours-global,WLD,2004,307.0326722399999,,,,final,,,,agriculture
heat.lancet-2025.labour-hours-global,WLD,2005,321.1281551599998,,,,final,,,,agriculture
heat.lancet-2025.labour-hours-global,WLD,2006,318.59797709,,,,final,,,,agriculture
heat.lancet-2025.labour-hours-global,WLD,2007,313.0930917199999,,,,final,,,,agriculture
heat.lancet-2025.labour-hours-global,WLD,2008,291.26758105,,,,final,,,,agriculture
heat.lancet-2025.labour-hours-global,WLD,2009,322.1393961700002,,,,final,,,,agriculture
heat.lancet-2025.labour-hours-global,WLD,2010,350.7272176699999,,,,final,,,,agriculture
heat.lancet-2025.labour-hours-global,WLD,2011,295.5465436899999,,,,final,,,,agriculture
heat.lancet-2025.labour-hours-global,WLD,2012,303.87453803000005,,,,final,,,,agriculture
heat.lancet-2025.labour-hours-global,WLD,2013,306.9301101500002,,,,final,,,,agriculture
heat.lancet-2025.labour-hours-global,WLD,2014,306.2948390999999,,,,final,,,,agriculture
heat.lancet-2025.labour-hours-global,WLD,2015,309.8846282099999,,,,final,,,,agriculture
heat.lancet-2025.labour-hours-global,WLD,2016,339.0388646700001,,,,final,,,,agriculture
heat.lancet-2025.labour-hours-global,WLD,2017,324.08549533999985,,,,final,,,,agriculture
heat.lancet-2025.labour-hours-global,WLD,2018,307.85592864000006,,,,final,,,,agriculture
heat.lancet-2025.labour-hours-global,WLD,2019,328.1840077800001,,,,final,,,,agriculture
heat.lancet-2025.labour-hours-global,WLD,2020,327.4470167700002,,,,final,,,,agriculture
heat.lancet-2025.labour-hours-global,WLD,2021,324.15352109999986,,,,final,,,,agriculture
heat.lancet-2025.labour-hours-global,WLD,2022,339.62804784,,,,final,,,,agriculture
heat.lancet-2025.labour-hours-global,WLD,2023,360.2985250899999,,,,final,,,,agriculture
heat.lancet-2025.labour-hours-global,WLD,2024,406.47171747,,,,final,,,,agriculture
heat.lancet-2025.labour-hours-global,WLD,1990,17.053849109999984,,,,final,,,,construction
heat.lancet-2025.labour-hours-global,WLD,1991,17.71009898,,,,final,,,,construction
heat.lancet-2025.labour-hours-global,WLD,1992,17.00047295999999,,,,final,,,,construction
heat.lancet-2025.labour-hours-global,WLD,1993,18.83209298,,,,final,,,,construction
heat.lancet-2025.labour-hours-global,WLD,1994,20.966975489999996,,,,final,,,,construction
heat.lancet-2025.labour-hours-global,WLD,1995,22.5931813,,,,final,,,,construction
heat.lancet-2025.labour-hours-global,WLD,1996,22.56164178000001,,,,final,,,,construction
heat.lancet-2025.labour-hours-global,WLD,1997,23.240800949999986,,,,final,,,,construction
heat.lancet-2025.labour-hours-global,WLD,1998,28.54289439999999,,,,final,,,,construction
heat.lancet-2025.labour-hours-global,WLD,1999,24.669423919999982,,,,final,,,,construction
heat.lancet-2025.labour-hours-global,WLD,2000,25.849750610000005,,,,final,,,,construction
heat.lancet-2025.labour-hours-global,WLD,2001,27.548177170000006,,,,final,,,,construction
heat.lancet-2025.labour-hours-global,WLD,2002,30.71746478000002,,,,final,,,,construction
heat.lancet-2025.labour-hours-global,WLD,2003,31.907452840000015,,,,final,,,,construction
heat.lancet-2025.labour-hours-global,WLD,2004,33.19328576999999,,,,final,,,,construction
heat.lancet-2025.labour-hours-global,WLD,2005,36.99364023000003,,,,final,,,,construction
heat.lancet-2025.labour-hours-global,WLD,2006,40.34425458,,,,final,,,,construction
heat.lancet-2025.labour-hours-global,WLD,2007,43.71481571999999,,,,final,,,,construction
heat.lancet-2025.labour-hours-global,WLD,2008,43.435627059999966,,,,final,,,,construction
heat.lancet-2025.labour-hours-global,WLD,2009,50.70102882,,,,final,,,,construction
heat.lancet-2025.labour-hours-global,WLD,2010,60.64876295999996,,,,final,,,,construction
heat.lancet-2025.labour-hours-global,WLD,2011,53.86928164999998,,,,final,,,,construction
heat.lancet-2025.labour-hours-global,WLD,2012,58.64582289000004,,,,final,,,,construction
heat.lancet-2025.labour-hours-global,WLD,2013,61.13196442000006,,,,final,,,,construction
heat.lancet-2025.labour-hours-global,WLD,2014,63.99883172999997,,,,final,,,,construction
heat.lancet-2025.labour-hours-global,WLD,2015,68.96536091000002,,,,final,,,,construction
heat.lancet-2025.labour-hours-global,WLD,2016,77.82106043999997,,,,final,,,,construction
heat.lancet-2025.labour-hours-global,WLD,2017,77.78417971000005,,,,final,,,,construction
heat.lancet-2025.labour-hours-global,WLD,2018,77.35624822999999,,,,final,,,,construction
heat.lancet-2025.labour-hours-global,WLD,2019,83.69177620000004,,,,final,,,,construction
heat.lancet-2025.labour-hours-global,WLD,2020,78.9609527,,,,final,,,,construction
heat.lancet-2025.labour-hours-global,WLD,2021,82.84349228999999,,,,final,,,,construction
heat.lancet-2025.labour-hours-global,WLD,2022,95.07141222,,,,final,,,,construction
heat.lancet-2025.labour-hours-global,WLD,2023,94.62613742999994,,,,final,,,,construction
heat.lancet-2025.labour-hours-global,WLD,2024,113.5170203099999,,,,final,,,,construction
