# Heat-related deaths, world
# Indicator: heat.lancet-2025.deaths-global (vintage 2025 report); unit: deaths (deaths)
# Source: Lancet Countdown on Health and Climate Change (led by University College London) <https://lancetcountdown.org/explore-our-data/>
# Credit: Lancet Countdown on Health and Climate Change, 2025 report data: indicator 1.1.1 by A. J. Pershing and J. Giguere (attributable heatwave days) and by F. Tartarini and O. Jay (vulnerable populations); indicator 1.1.3 by C. Freyberg, B. Lemke and M. Otto; indicator 1.1.5 by J. Ballester, X. Basagaña and J. Ruiz-Cabrejos. Romanello et al., The Lancet, 2025, doi:10.1016/S0140-6736(25)01919-1. CC BY-NC-SA 4.0.
# Notice: Licensed CC BY-NC-SA 4.0 (https://creativecommons.org/licenses/by-nc-sa/4.0/): non-commercial use only, and anything built from these figures must be shared under the same licence. These indicators are computed from ERA5 and contain modified Copernicus Climate Change Service information 2025; neither the European Commission nor ECMWF is responsible for any use that may be made of the Copernicus information or data it contains.
# Licence: CC BY-NC-SA 4.0 <https://creativecommons.org/licenses/by-nc-sa/4.0/>
# Provenance and processing: https://environmentdashboard.org/data/heat/lancet-2025/deaths-global
indicator_id,entity,period,value,lower,upper,interval,status,note,missing_reason,age_bp
heat.lancet-2025.deaths-global,WLD,1990,260952.0,,,,final,,,
heat.lancet-2025.deaths-global,WLD,1991,309995.0,,,,final,,,
heat.lancet-2025.deaths-global,WLD,1992,318293.0,,,,final,,,
heat.lancet-2025.deaths-global,WLD,1993,278906.0,,,,final,,,
heat.lancet-2025.deaths-global,WLD,1994,354884.0,,,,final,,,
heat.lancet-2025.deaths-global,WLD,1995,398883.0,,,,final,,,
heat.lancet-2025.deaths-global,WLD,1996,285125.0,,,,final,,,
heat.lancet-2025.deaths-global,WLD,1997,258013.0,,,,final,,,
heat.lancet-2025.deaths-global,WLD,1998,574110.0,,,,final,,,
heat.lancet-2025.deaths-global,WLD,1999,307742.0,,,,final,,,
heat.lancet-2025.deaths-global,WLD,2000,278617.0,,,,final,,,
heat.lancet-2025.deaths-global,WLD,2001,287022.0,,,,final,,,
heat.lancet-2025.deaths-global,WLD,2002,402404.0,,,,final,,,
heat.lancet-2025.deaths-global,WLD,2003,461538.0,,,,final,,,
heat.lancet-2025.deaths-global,WLD,2004,329810.0,,,,final,,,
heat.lancet-2025.deaths-global,WLD,2005,516926.0,,,,final,,,
heat.lancet-2025.deaths-global,WLD,2006,390253.0,,,,final,,,
heat.lancet-2025.deaths-global,WLD,2007,425991.0,,,,final,,,
heat.lancet-2025.deaths-global,WLD,2008,294318.0,,,,final,,,
heat.lancet-2025.deaths-global,WLD,2009,455614.0,,,,final,,,
heat.lancet-2025.deaths-global,WLD,2010,721588.0,,,,final,,,
heat.lancet-2025.deaths-global,WLD,2011,359081.0,,,,final,,,
heat.lancet-2025.deaths-global,WLD,2012,504462.0,,,,final,,,
heat.lancet-2025.deaths-global,WLD,2013,458251.0,,,,final,,,
heat.lancet-2025.deaths-global,WLD,2014,448321.0,,,,final,,,
heat.lancet-2025.deaths-global,WLD,2015,509489.0,,,,final,,,
heat.lancet-2025.deaths-global,WLD,2016,676006.0,,,,final,,,
heat.lancet-2025.deaths-global,WLD,2017,551282.0,,,,final,,,
heat.lancet-2025.deaths-global,WLD,2018,507062.0,,,,final,,,
heat.lancet-2025.deaths-global,WLD,2019,701303.0,,,,final,,,
heat.lancet-2025.deaths-global,WLD,2020,540304.0,,,,final,,,
heat.lancet-2025.deaths-global,WLD,2021,558304.0,,,,final,,,
