# Nitrous oxide, global annual mean
# Indicator: n2o.noaa-gml.annual-global (vintage 2026-09); unit: parts per billion (ppb)
# Source: NOAA Global Monitoring Laboratory <https://gml.noaa.gov/ccgg/trends_doi.html>
# Credit: NOAA Global Monitoring Laboratory (Lan, Thoning & Dlugokencky), version 2026-09, doi:10.15138/P8XG-AA10.
# Notice: The NOAA Global Monitoring Laboratory methane and nitrous oxide global marine surface means are US Government material and are not subject to copyright protection in the United States.
# Licence: Public domain (work of the US federal government) <https://www.copyright.gov/title17/92chap1.html#105>
# Provenance and processing: https://environmentdashboard.org/data/n2o.noaa-gml.annual-global
indicator_id,entity,period,value,lower,upper,interval,status,note,missing_reason
n2o.noaa-gml.annual-global,WLD,2001,316.36,316.24,316.48,1sigma,final,,
n2o.noaa-gml.annual-global,WLD,2002,316.94,316.81,317.07,1sigma,final,,
n2o.noaa-gml.annual-global,WLD,2003,317.63,317.49,317.77,1sigma,final,,
n2o.noaa-gml.annual-global,WLD,2004,318.25,318.13,318.37,1sigma,final,,
n2o.noaa-gml.annual-global,WLD,2005,318.91,318.78,319.04,1sigma,final,,
n2o.noaa-gml.annual-global,WLD,2006,319.82,319.69,319.95,1sigma,final,,
n2o.noaa-gml.annual-global,WLD,2007,320.44,320.33,320.55,1sigma,final,,
n2o.noaa-gml.annual-global,WLD,2008,321.5,321.38,321.62,1sigma,final,,
n2o.noaa-gml.annual-global,WLD,2009,322.27,322.13,322.41,1sigma,final,,
n2o.noaa-gml.annual-global,WLD,2010,323.18,323.05,323.31,1sigma,final,,
n2o.noaa-gml.annual-global,WLD,2011,324.21,324.09,324.33,1sigma,final,,
n2o.noaa-gml.annual-global,WLD,2012,325.05,324.93,325.17,1sigma,final,,
n2o.noaa-gml.annual-global,WLD,2013,325.94,325.82,326.06,1sigma,final,,
n2o.noaa-gml.annual-global,WLD,2014,327.09,326.98,327.2,1sigma,final,,
n2o.noaa-gml.annual-global,WLD,2015,328.17,328.05,328.29,1sigma,final,,
n2o.noaa-gml.annual-global,WLD,2016,328.95,328.83,329.07,1sigma,final,,
n2o.noaa-gml.annual-global,WLD,2017,329.74,329.63,329.85,1sigma,final,,
n2o.noaa-gml.annual-global,WLD,2018,330.9,330.78,331.02,1sigma,final,,
n2o.noaa-gml.annual-global,WLD,2019,331.88,331.76,332.0,1sigma,final,,
n2o.noaa-gml.annual-global,WLD,2020,333.0,332.94,333.06,1sigma,final,,
n2o.noaa-gml.annual-global,WLD,2021,334.27,334.24,334.3,1sigma,final,,
n2o.noaa-gml.annual-global,WLD,2022,335.61,335.58,335.64,1sigma,final,,
n2o.noaa-gml.annual-global,WLD,2023,336.68,336.65,336.71,1sigma,final,,
n2o.noaa-gml.annual-global,WLD,2024,337.71,337.69,337.73,1sigma,final,,
n2o.noaa-gml.annual-global,WLD,2025,338.85,338.83,338.87,1sigma,preliminary,,
