# How many countries have sent a 2025 climate pledge (NDC), and what the pledges contain
# Indicator: ndc.climate-watch.2025-ndc-countries (vintage NDC Tracker retrieved 2026-10-05); unit: countries (countries)
# Source: World Resources Institute (Climate Watch) <https://www.climatewatchdata.org/>
# Credit: Adapted by Environment Dashboard from Climate Watch NDC Tracker. 2026. Washington, DC: World Resources Institute. Available online at: https://www.climatewatchdata.org/ndc-tracker. CC BY-NC 4.0. Changes: Counted the countries Climate Watch codes yes and no for each question.
# Notice: NDC documents: UNFCCC. 2026. NDC Registry. Available at: https://unfccc.int/NDCREG. Climate Watch data shared under CC BY-NC 4.0, for non-commercial use only.
# Licence: CC BY-NC 4.0 (Climate Watch dataset metadata; the site-wide text says CC BY 4.0) <https://creativecommons.org/licenses/by-nc/4.0/>
# Provenance and processing: https://environmentdashboard.org/data/ndc/climate-watch/2025-ndc-countries
indicator_id,entity,period,value,lower,upper,interval,status,note,missing_reason,age_bp,question,answer
ndc.climate-watch.2025-ndc-countries,WLD,2026-10-05,151.0,,,,final,,,,submitted,yes
ndc.climate-watch.2025-ndc-countries,WLD,2026-10-05,1.0,,,,final,,,,submitted,no
ndc.climate-watch.2025-ndc-countries,WLD,2026-10-05,138.0,,,,final,,,,ghg-target-2035,yes
ndc.climate-watch.2025-ndc-countries,WLD,2026-10-05,14.0,,,,final,,,,ghg-target-2035,no
ndc.climate-watch.2025-ndc-countries,WLD,2026-10-05,98.0,,,,final,,,,economy-wide-target-2035,yes
ndc.climate-watch.2025-ndc-countries,WLD,2026-10-05,54.0,,,,final,,,,economy-wide-target-2035,no
ndc.climate-watch.2025-ndc-countries,WLD,2026-10-05,71.0,,,,final,,,,non-co2-target,yes
ndc.climate-watch.2025-ndc-countries,WLD,2026-10-05,73.0,,,,final,,,,non-co2-target,no
ndc.climate-watch.2025-ndc-countries,WLD,2026-10-05,27.0,,,,final,,,,strengthened-2030-target,yes
ndc.climate-watch.2025-ndc-countries,WLD,2026-10-05,125.0,,,,final,,,,strengthened-2030-target,no
ndc.climate-watch.2025-ndc-countries,WLD,2026-10-05,97.0,,,,final,,,,strengthened-adaptation,yes
ndc.climate-watch.2025-ndc-countries,WLD,2026-10-05,55.0,,,,final,,,,strengthened-adaptation,no
ndc.climate-watch.2025-ndc-countries,WLD,2026-10-05,139.0,,,,final,,,,added-clarity-transparency,yes
ndc.climate-watch.2025-ndc-countries,WLD,2026-10-05,13.0,,,,final,,,,added-clarity-transparency,no
