# Ocean heat content, 0–2000 m, five-year means (NCEI)
# Indicator: ohc.ncei.pentadal-0-2000m (vintage 2026-07-06); unit: 10²² joules (10 zettajoules) (1e22J)
# Source: NOAA National Centers for Environmental Information (NCEI) <https://www.ncei.noaa.gov/access/global-ocean-heat-content/>
# Credit: NOAA NCEI Ocean Heat Content Climate Data Record (Levitus, Antonov, Boyer et al.), NCEI Accession 0164586, doi:10.7289/V53F4MVP, accessed 2026-10-05; Levitus et al. (2012), Geophys. Res. Lett. 39, L10603, doi:10.1029/2012GL051106.
# Licence: No restrictions on use (NOAA CDR Program Open Data Policy; US federal government work) <https://www.ncei.noaa.gov/pub/data/sds/cdr/CDRs/Ocean_Heat_Content/UseAgreement_01B-41.pdf>
# Provenance and processing: https://environmentdashboard.org/data/ohc/ncei/pentadal-0-2000m
indicator_id,entity,period,value,lower,upper,interval,status,note,missing_reason,age_bp
ohc.ncei.pentadal-0-2000m,WLD,1955/1959,-9.303,-11.328,-7.278,1sigma,final,,,
ohc.ncei.pentadal-0-2000m,WLD,1956/1960,-8.059,-10.076,-6.042,1sigma,final,,,
ohc.ncei.pentadal-0-2000m,WLD,1957/1961,-8.713,-10.749,-6.677,1sigma,final,,,
ohc.ncei.pentadal-0-2000m,WLD,1958/1962,-5.479,-7.372,-3.586,1sigma,final,,,
ohc.ncei.pentadal-0-2000m,WLD,1959/1963,-4.762,-6.535,-2.989,1sigma,final,,,
ohc.ncei.pentadal-0-2000m,WLD,1960/1964,-4.121,-5.849,-2.393,1sigma,final,,,
ohc.ncei.pentadal-0-2000m,WLD,1961/1965,-5.697,-7.512,-3.882,1sigma,final,,,
ohc.ncei.pentadal-0-2000m,WLD,1962/1966,-6.521,-8.254,-4.788,1sigma,final,,,
ohc.ncei.pentadal-0-2000m,WLD,1963/1967,-7.218,-8.959,-5.477,1sigma,final,,,
ohc.ncei.pentadal-0-2000m,WLD,1964/1968,-9.122,-10.786,-7.458,1sigma,final,,,
ohc.ncei.pentadal-0-2000m,WLD,1965/1969,-9.059,-10.678,-7.44,1sigma,final,,,
ohc.ncei.pentadal-0-2000m,WLD,1966/1970,-8.991,-10.459,-7.523,1sigma,final,,,
ohc.ncei.pentadal-0-2000m,WLD,1967/1971,-7.62,-8.995,-6.245,1sigma,final,,,
ohc.ncei.pentadal-0-2000m,WLD,1968/1972,-6.838,-8.15,-5.526,1sigma,final,,,
ohc.ncei.pentadal-0-2000m,WLD,1969/1973,-5.627,-6.943,-4.311,1sigma,final,,,
ohc.ncei.pentadal-0-2000m,WLD,1970/1974,-4.77,-6.144,-3.396,1sigma,final,,,
ohc.ncei.pentadal-0-2000m,WLD,1971/1975,-4.087,-5.405,-2.769,1sigma,final,,,
ohc.ncei.pentadal-0-2000m,WLD,1972/1976,-3.354,-4.668,-2.04,1sigma,final,,,
ohc.ncei.pentadal-0-2000m,WLD,1973/1977,-1.398,-2.722,-0.074,1sigma,final,,,
ohc.ncei.pentadal-0-2000m,WLD,1974/1978,-1.445,-2.797,-0.093,1sigma,final,,,
ohc.ncei.pentadal-0-2000m,WLD,1975/1979,-1.143,-2.376,0.09,1sigma,final,,,
ohc.ncei.pentadal-0-2000m,WLD,1976/1980,0.056,-1.126,1.238,1sigma,final,,,
ohc.ncei.pentadal-0-2000m,WLD,1977/1981,0.068,-1.11,1.246,1sigma,final,,,
ohc.ncei.pentadal-0-2000m,WLD,1978/1982,-1.176,-2.34,-0.012,1sigma,final,,,
ohc.ncei.pentadal-0-2000m,WLD,1979/1983,-1.383,-2.493,-0.273,1sigma,final,,,
ohc.ncei.pentadal-0-2000m,WLD,1980/1984,-1.073,-2.159,0.013,1sigma,final,,,
ohc.ncei.pentadal-0-2000m,WLD,1981/1985,-0.974,-2.102,0.154,1sigma,final,,,
ohc.ncei.pentadal-0-2000m,WLD,1982/1986,-0.21,-1.242,0.822,1sigma,final,,,
ohc.ncei.pentadal-0-2000m,WLD,1983/1987,0.481,-0.449,1.411,1sigma,final,,,
ohc.ncei.pentadal-0-2000m,WLD,1984/1988,0.718,-0.228,1.664,1sigma,final,,,
ohc.ncei.pentadal-0-2000m,WLD,1985/1989,1.023,0.133,1.913,1sigma,final,,,
ohc.ncei.pentadal-0-2000m,WLD,1986/1990,0.844,-0.068,1.756,1sigma,final,,,
ohc.ncei.pentadal-0-2000m,WLD,1987/1991,0.412,-0.456,1.28,1sigma,final,,,
ohc.ncei.pentadal-0-2000m,WLD,1988/1992,0.517,-0.292,1.326,1sigma,final,,,
ohc.ncei.pentadal-0-2000m,WLD,1989/1993,3.036,2.343,3.729,1sigma,final,,,
ohc.ncei.pentadal-0-2000m,WLD,1990/1994,3.899,3.247,4.551,1sigma,final,,,
ohc.ncei.pentadal-0-2000m,WLD,1991/1995,3.84,3.291,4.389,1sigma,final,,,
ohc.ncei.pentadal-0-2000m,WLD,1992/1996,3.409,2.867,3.951,1sigma,final,,,
ohc.ncei.pentadal-0-2000m,WLD,1993/1997,4.543,3.981,5.105,1sigma,final,,,
ohc.ncei.pentadal-0-2000m,WLD,1994/1998,5.033,4.383,5.683,1sigma,final,,,
ohc.ncei.pentadal-0-2000m,WLD,1995/1999,4.996,4.26,5.732,1sigma,final,,,
ohc.ncei.pentadal-0-2000m,WLD,1996/2000,6.233,5.372,7.094,1sigma,final,,,
ohc.ncei.pentadal-0-2000m,WLD,1997/2001,6.234,5.37,7.098,1sigma,final,,,
ohc.ncei.pentadal-0-2000m,WLD,1998/2002,7.286,6.464,8.108,1sigma,final,,,
ohc.ncei.pentadal-0-2000m,WLD,1999/2003,8.284,7.677,8.891,1sigma,final,,,
ohc.ncei.pentadal-0-2000m,WLD,2000/2004,9.481,9.041,9.921,1sigma,final,,,
ohc.ncei.pentadal-0-2000m,WLD,2001/2005,10.173,9.852,10.494,1sigma,final,,,
ohc.ncei.pentadal-0-2000m,WLD,2002/2006,11.806,11.524,12.088,1sigma,final,,,
ohc.ncei.pentadal-0-2000m,WLD,2003/2007,11.996,11.727,12.265,1sigma,final,,,
ohc.ncei.pentadal-0-2000m,WLD,2004/2008,12.423,12.165,12.681,1sigma,final,,,
ohc.ncei.pentadal-0-2000m,WLD,2005/2009,12.664,12.412,12.916,1sigma,final,,,
ohc.ncei.pentadal-0-2000m,WLD,2006/2010,14.102,13.839,14.365,1sigma,final,,,
ohc.ncei.pentadal-0-2000m,WLD,2007/2011,14.587,14.331,14.843,1sigma,final,,,
ohc.ncei.pentadal-0-2000m,WLD,2008/2012,15.229,14.981,15.477,1sigma,final,,,
ohc.ncei.pentadal-0-2000m,WLD,2009/2013,16.681,16.448,16.914,1sigma,final,,,
ohc.ncei.pentadal-0-2000m,WLD,2010/2014,17.563,17.347,17.779,1sigma,final,,,
ohc.ncei.pentadal-0-2000m,WLD,2011/2015,19.004,18.806,19.202,1sigma,final,,,
ohc.ncei.pentadal-0-2000m,WLD,2012/2016,20.001,19.807,20.195,1sigma,final,,,
ohc.ncei.pentadal-0-2000m,WLD,2013/2017,21.074,20.884,21.264,1sigma,final,,,
ohc.ncei.pentadal-0-2000m,WLD,2014/2018,21.879,21.695,22.063,1sigma,final,,,
ohc.ncei.pentadal-0-2000m,WLD,2015/2019,22.147,21.957,22.337,1sigma,final,,,
ohc.ncei.pentadal-0-2000m,WLD,2016/2020,23.294,23.083,23.505,1sigma,final,,,
ohc.ncei.pentadal-0-2000m,WLD,2017/2021,24.442,24.263,24.621,1sigma,final,,,
ohc.ncei.pentadal-0-2000m,WLD,2018/2022,25.186,25.003,25.369,1sigma,final,,,
ohc.ncei.pentadal-0-2000m,WLD,2019/2023,27.021,26.836,27.206,1sigma,final,,,
ohc.ncei.pentadal-0-2000m,WLD,2020/2024,27.939,27.753,28.125,1sigma,final,,,
ohc.ncei.pentadal-0-2000m,WLD,2021/2025,29.48,29.293,29.667,1sigma,final,,,
