# Ocean heat content, 0–2000 m, yearly (NCEI)
# Indicator: ohc.ncei.yearly-0-2000m (vintage 2026-07-06); unit: 10²² joules (10 zettajoules) (1e22J)
# Source: NOAA National Centers for Environmental Information (NCEI) <https://www.ncei.noaa.gov/access/global-ocean-heat-content/>
# Credit: NOAA NCEI Ocean Heat Content Climate Data Record (Levitus, Antonov, Boyer et al.), NCEI Accession 0164586, doi:10.7289/V53F4MVP, accessed 2026-10-05; Levitus et al. (2012), Geophys. Res. Lett. 39, L10603, doi:10.1029/2012GL051106.
# Licence: No restrictions on use (NOAA CDR Program Open Data Policy; US federal government work) <https://www.ncei.noaa.gov/pub/data/sds/cdr/CDRs/Ocean_Heat_Content/UseAgreement_01B-41.pdf>
# Provenance and processing: https://environmentdashboard.org/data/ohc/ncei/yearly-0-2000m
indicator_id,entity,period,value,lower,upper,interval,status,note,missing_reason,age_bp
ohc.ncei.yearly-0-2000m,WLD,2005,10.171,9.336,11.006,1sigma,final,,,
ohc.ncei.yearly-0-2000m,WLD,2006,12.638,12.311,12.965,1sigma,final,,,
ohc.ncei.yearly-0-2000m,WLD,2007,12.394,11.96,12.828,1sigma,final,,,
ohc.ncei.yearly-0-2000m,WLD,2008,13.257,12.738,13.776,1sigma,final,,,
ohc.ncei.yearly-0-2000m,WLD,2009,13.431,12.795,14.067,1sigma,final,,,
ohc.ncei.yearly-0-2000m,WLD,2010,14.537,14.01,15.064,1sigma,final,,,
ohc.ncei.yearly-0-2000m,WLD,2011,15.394,14.887,15.901,1sigma,final,,,
ohc.ncei.yearly-0-2000m,WLD,2012,16.187,15.714,16.66,1sigma,final,,,
ohc.ncei.yearly-0-2000m,WLD,2013,18.65,17.591,19.709,1sigma,final,,,
ohc.ncei.yearly-0-2000m,WLD,2014,20.11,19.521,20.699,1sigma,final,,,
ohc.ncei.yearly-0-2000m,WLD,2015,22.401,22.016,22.786,1sigma,final,,,
ohc.ncei.yearly-0-2000m,WLD,2016,20.799,19.967,21.631,1sigma,final,,,
ohc.ncei.yearly-0-2000m,WLD,2017,23.589,23.026,24.152,1sigma,final,,,
ohc.ncei.yearly-0-2000m,WLD,2018,24.059,23.231,24.887,1sigma,final,,,
ohc.ncei.yearly-0-2000m,WLD,2019,25.436,25.149,25.723,1sigma,final,,,
ohc.ncei.yearly-0-2000m,WLD,2020,25.525,24.601,26.449,1sigma,final,,,
ohc.ncei.yearly-0-2000m,WLD,2021,27.28,26.912,27.648,1sigma,final,,,
ohc.ncei.yearly-0-2000m,WLD,2022,28.192,27.942,28.442,1sigma,final,,,
ohc.ncei.yearly-0-2000m,WLD,2023,29.22,28.674,29.766,1sigma,final,,,
ohc.ncei.yearly-0-2000m,WLD,2024,30.316,30.127,30.505,1sigma,final,,,
ohc.ncei.yearly-0-2000m,WLD,2025,32.533,32.266,32.8,1sigma,final,,,
