# Human-induced warming since 1850–1900, each year (IGCC 2025)
# Indicator: warming.igcc-2025.human-induced (vintage IGCC-2025a); unit: degrees Celsius (degC)
# Source: Indicators of Global Climate Change (IGCC) consortium, led by the University of Leeds <https://doi.org/10.5281/zenodo.21494229>
# Credit: Calculated by Environment Dashboard from Indicators of Global Climate Change 2025: Forster et al. (2026), Earth Syst. Sci. Data 18, 3889–3933, doi:10.5194/essd-18-3889-2026; data: Smith et al. (2026), version IGCC-2025a, doi:10.5281/zenodo.21494229. CC BY 4.0. Changes: best estimate and likely range for each year computed from the three methods' annual percentiles with IGCC's stated multi-method assessment rule.
# Licence: CC BY 4.0 <https://creativecommons.org/licenses/by/4.0/>
# Provenance and processing: https://environmentdashboard.org/data/warming.igcc-2025.human-induced
indicator_id,entity,period,value,lower,upper,interval,status,note,missing_reason
warming.igcc-2025.human-induced,WLD,1850,-0.03,-0.2,0.1,likely,final,,
warming.igcc-2025.human-induced,WLD,1851,-0.04,-0.2,0.1,likely,final,,
warming.igcc-2025.human-induced,WLD,1852,-0.04,-0.2,0.1,likely,final,,
warming.igcc-2025.human-induced,WLD,1853,-0.03,-0.2,0.1,likely,final,,
warming.igcc-2025.human-induced,WLD,1854,-0.01,-0.2,0.2,likely,final,,
warming.igcc-2025.human-induced,WLD,1855,-0.02,-0.3,0.2,likely,final,,
warming.igcc-2025.human-induced,WLD,1856,-0.03,-0.2,0.1,likely,final,,
warming.igcc-2025.human-induced,WLD,1857,-0.02,-0.2,0.1,likely,final,,
warming.igcc-2025.human-induced,WLD,1858,-0.01,-0.2,0.2,likely,final,,
warming.igcc-2025.human-induced,WLD,1859,0.01,-0.1,0.2,likely,final,,
warming.igcc-2025.human-induced,WLD,1860,-0.01,-0.2,0.1,likely,final,,
warming.igcc-2025.human-induced,WLD,1861,-0.02,-0.2,0.1,likely,final,,
warming.igcc-2025.human-induced,WLD,1862,-0.02,-0.3,0.2,likely,final,,
warming.igcc-2025.human-induced,WLD,1863,-0.01,-0.3,0.2,likely,final,,
warming.igcc-2025.human-induced,WLD,1864,-0.02,-0.2,0.1,likely,final,,
warming.igcc-2025.human-induced,WLD,1865,-0.03,-0.2,0.1,likely,final,,
warming.igcc-2025.human-induced,WLD,1866,-0.02,-0.2,0.1,likely,final,,
warming.igcc-2025.human-induced,WLD,1867,0.0,-0.2,0.2,likely,final,,
warming.igcc-2025.human-induced,WLD,1868,-0.01,-0.2,0.1,likely,final,,
warming.igcc-2025.human-induced,WLD,1869,-0.01,-0.3,0.2,likely,final,,
warming.igcc-2025.human-induced,WLD,1870,-0.01,-0.2,0.2,likely,final,,
warming.igcc-2025.human-induced,WLD,1871,-0.01,-0.2,0.1,likely,final,,
warming.igcc-2025.human-induced,WLD,1872,-0.01,-0.1,0.1,likely,final,,
warming.igcc-2025.human-induced,WLD,1873,-0.01,-0.2,0.1,likely,final,,
warming.igcc-2025.human-induced,WLD,1874,0.0,-0.1,0.1,likely,final,,
warming.igcc-2025.human-induced,WLD,1875,0.0,-0.2,0.2,likely,final,,
warming.igcc-2025.human-induced,WLD,1876,0.0,-0.2,0.2,likely,final,,
warming.igcc-2025.human-induced,WLD,1877,-0.01,-0.2,0.1,likely,final,,
warming.igcc-2025.human-induced,WLD,1878,0.0,-0.1,0.1,likely,final,,
warming.igcc-2025.human-induced,WLD,1879,0.03,-0.1,0.2,likely,final,,
warming.igcc-2025.human-induced,WLD,1880,0.02,-0.1,0.2,likely,final,,
warming.igcc-2025.human-induced,WLD,1881,0.0,-0.2,0.2,likely,final,,
warming.igcc-2025.human-induced,WLD,1882,0.0,-0.1,0.1,likely,final,,
warming.igcc-2025.human-induced,WLD,1883,0.01,-0.2,0.2,likely,final,,
warming.igcc-2025.human-induced,WLD,1884,0.02,-0.1,0.2,likely,final,,
warming.igcc-2025.human-induced,WLD,1885,0.01,-0.2,0.2,likely,final,,
warming.igcc-2025.human-induced,WLD,1886,0.01,-0.2,0.2,likely,final,,
warming.igcc-2025.human-induced,WLD,1887,0.0,-0.2,0.1,likely,final,,
warming.igcc-2025.human-induced,WLD,1888,0.01,-0.1,0.2,likely,final,,
warming.igcc-2025.human-induced,WLD,1889,0.02,-0.1,0.2,likely,final,,
warming.igcc-2025.human-induced,WLD,1890,0.01,-0.1,0.2,likely,final,,
warming.igcc-2025.human-induced,WLD,1891,0.0,-0.1,0.1,likely,final,,
warming.igcc-2025.human-induced,WLD,1892,0.01,-0.2,0.2,likely,final,,
warming.igcc-2025.human-induced,WLD,1893,0.02,-0.2,0.3,likely,final,,
warming.igcc-2025.human-induced,WLD,1894,0.04,-0.1,0.2,likely,final,,
warming.igcc-2025.human-induced,WLD,1895,0.03,-0.1,0.2,likely,final,,
warming.igcc-2025.human-induced,WLD,1896,0.02,-0.1,0.2,likely,final,,
warming.igcc-2025.human-induced,WLD,1897,0.03,-0.1,0.2,likely,final,,
warming.igcc-2025.human-induced,WLD,1898,0.03,-0.1,0.2,likely,final,,
warming.igcc-2025.human-induced,WLD,1899,0.04,-0.1,0.2,likely,final,,
warming.igcc-2025.human-induced,WLD,1900,0.04,-0.1,0.2,likely,final,,
warming.igcc-2025.human-induced,WLD,1901,0.04,-0.1,0.2,likely,final,,
warming.igcc-2025.human-induced,WLD,1902,0.03,-0.1,0.2,likely,final,,
warming.igcc-2025.human-induced,WLD,1903,0.02,-0.2,0.2,likely,final,,
warming.igcc-2025.human-induced,WLD,1904,0.02,-0.3,0.3,likely,final,,
warming.igcc-2025.human-induced,WLD,1905,0.03,-0.2,0.3,likely,final,,
warming.igcc-2025.human-induced,WLD,1906,0.01,-0.2,0.1,likely,final,,
warming.igcc-2025.human-induced,WLD,1907,0.03,-0.2,0.2,likely,final,,
warming.igcc-2025.human-induced,WLD,1908,0.03,-0.1,0.2,likely,final,,
warming.igcc-2025.human-induced,WLD,1909,0.03,-0.2,0.2,likely,final,,
warming.igcc-2025.human-induced,WLD,1910,0.04,-0.1,0.3,likely,final,,
warming.igcc-2025.human-induced,WLD,1911,0.03,-0.2,0.2,likely,final,,
warming.igcc-2025.human-induced,WLD,1912,0.05,-0.2,0.4,likely,final,,
warming.igcc-2025.human-induced,WLD,1913,0.05,-0.2,0.4,likely,final,,
warming.igcc-2025.human-induced,WLD,1914,0.03,-0.2,0.2,likely,final,,
warming.igcc-2025.human-induced,WLD,1915,0.03,-0.2,0.2,likely,final,,
warming.igcc-2025.human-induced,WLD,1916,0.05,-0.2,0.3,likely,final,,
warming.igcc-2025.human-induced,WLD,1917,0.08,-0.1,0.4,likely,final,,
warming.igcc-2025.human-induced,WLD,1918,0.07,-0.2,0.4,likely,final,,
warming.igcc-2025.human-induced,WLD,1919,0.06,-0.2,0.3,likely,final,,
warming.igcc-2025.human-induced,WLD,1920,0.07,-0.1,0.3,likely,final,,
warming.igcc-2025.human-induced,WLD,1921,0.08,-0.1,0.3,likely,final,,
warming.igcc-2025.human-induced,WLD,1922,0.09,-0.1,0.3,likely,final,,
warming.igcc-2025.human-induced,WLD,1923,0.09,-0.1,0.3,likely,final,,
warming.igcc-2025.human-induced,WLD,1924,0.08,-0.1,0.3,likely,final,,
warming.igcc-2025.human-induced,WLD,1925,0.08,-0.1,0.3,likely,final,,
warming.igcc-2025.human-induced,WLD,1926,0.09,-0.1,0.3,likely,final,,
warming.igcc-2025.human-induced,WLD,1927,0.1,-0.1,0.3,likely,final,,
warming.igcc-2025.human-induced,WLD,1928,0.11,-0.1,0.3,likely,final,,
warming.igcc-2025.human-induced,WLD,1929,0.12,-0.1,0.4,likely,final,,
warming.igcc-2025.human-induced,WLD,1930,0.11,-0.1,0.4,likely,final,,
warming.igcc-2025.human-induced,WLD,1931,0.1,-0.1,0.3,likely,final,,
warming.igcc-2025.human-induced,WLD,1932,0.11,-0.1,0.3,likely,final,,
warming.igcc-2025.human-induced,WLD,1933,0.12,0.0,0.4,likely,final,,
warming.igcc-2025.human-induced,WLD,1934,0.13,0.0,0.3,likely,final,,
warming.igcc-2025.human-induced,WLD,1935,0.12,0.0,0.3,likely,final,,
warming.igcc-2025.human-induced,WLD,1936,0.13,0.0,0.3,likely,final,,
warming.igcc-2025.human-induced,WLD,1937,0.14,0.0,0.4,likely,final,,
warming.igcc-2025.human-induced,WLD,1938,0.14,-0.1,0.5,likely,final,,
warming.igcc-2025.human-induced,WLD,1939,0.12,0.0,0.3,likely,final,,
warming.igcc-2025.human-induced,WLD,1940,0.12,-0.1,0.3,likely,final,,
warming.igcc-2025.human-induced,WLD,1941,0.12,-0.1,0.3,likely,final,,
warming.igcc-2025.human-induced,WLD,1942,0.12,-0.1,0.3,likely,final,,
warming.igcc-2025.human-induced,WLD,1943,0.15,-0.1,0.5,likely,final,,
warming.igcc-2025.human-induced,WLD,1944,0.15,-0.1,0.4,likely,final,,
warming.igcc-2025.human-induced,WLD,1945,0.14,-0.1,0.4,likely,final,,
warming.igcc-2025.human-induced,WLD,1946,0.14,-0.1,0.3,likely,final,,
warming.igcc-2025.human-induced,WLD,1947,0.15,0.0,0.3,likely,final,,
warming.igcc-2025.human-induced,WLD,1948,0.19,0.0,0.5,likely,final,,
warming.igcc-2025.human-induced,WLD,1949,0.18,0.0,0.5,likely,final,,
warming.igcc-2025.human-induced,WLD,1950,0.17,-0.1,0.5,likely,final,,
warming.igcc-2025.human-induced,WLD,1951,0.16,-0.1,0.4,likely,final,,
warming.igcc-2025.human-induced,WLD,1952,0.16,0.0,0.3,likely,final,,
warming.igcc-2025.human-induced,WLD,1953,0.15,-0.1,0.3,likely,final,,
warming.igcc-2025.human-induced,WLD,1954,0.17,-0.1,0.4,likely,final,,
warming.igcc-2025.human-induced,WLD,1955,0.18,0.0,0.4,likely,final,,
warming.igcc-2025.human-induced,WLD,1956,0.17,-0.1,0.4,likely,final,,
warming.igcc-2025.human-induced,WLD,1957,0.18,0.0,0.4,likely,final,,
warming.igcc-2025.human-induced,WLD,1958,0.19,0.0,0.4,likely,final,,
warming.igcc-2025.human-induced,WLD,1959,0.19,0.0,0.4,likely,final,,
warming.igcc-2025.human-induced,WLD,1960,0.19,0.0,0.4,likely,final,,
warming.igcc-2025.human-induced,WLD,1961,0.18,0.0,0.4,likely,final,,
warming.igcc-2025.human-induced,WLD,1962,0.19,-0.1,0.4,likely,final,,
warming.igcc-2025.human-induced,WLD,1963,0.21,0.0,0.5,likely,final,,
warming.igcc-2025.human-induced,WLD,1964,0.2,0.0,0.4,likely,final,,
warming.igcc-2025.human-induced,WLD,1965,0.19,0.0,0.4,likely,final,,
warming.igcc-2025.human-induced,WLD,1966,0.2,0.0,0.4,likely,final,,
warming.igcc-2025.human-induced,WLD,1967,0.21,0.0,0.4,likely,final,,
warming.igcc-2025.human-induced,WLD,1968,0.22,0.0,0.4,likely,final,,
warming.igcc-2025.human-induced,WLD,1969,0.23,0.0,0.5,likely,final,,
warming.igcc-2025.human-induced,WLD,1970,0.23,0.0,0.5,likely,final,,
warming.igcc-2025.human-induced,WLD,1971,0.25,0.0,0.4,likely,final,,
warming.igcc-2025.human-induced,WLD,1972,0.24,0.0,0.5,likely,final,,
warming.igcc-2025.human-induced,WLD,1973,0.25,0.1,0.5,likely,final,,
warming.igcc-2025.human-induced,WLD,1974,0.27,0.0,0.5,likely,final,,
warming.igcc-2025.human-induced,WLD,1975,0.29,0.1,0.5,likely,final,,
warming.igcc-2025.human-induced,WLD,1976,0.3,0.0,0.6,likely,final,,
warming.igcc-2025.human-induced,WLD,1977,0.31,0.1,0.5,likely,final,,
warming.igcc-2025.human-induced,WLD,1978,0.33,0.0,0.6,likely,final,,
warming.igcc-2025.human-induced,WLD,1979,0.32,0.0,0.5,likely,final,,
warming.igcc-2025.human-induced,WLD,1980,0.34,0.1,0.5,likely,final,,
warming.igcc-2025.human-induced,WLD,1981,0.36,0.1,0.6,likely,final,,
warming.igcc-2025.human-induced,WLD,1982,0.41,0.2,0.7,likely,final,,
warming.igcc-2025.human-induced,WLD,1983,0.42,0.2,0.6,likely,final,,
warming.igcc-2025.human-induced,WLD,1984,0.42,0.1,0.7,likely,final,,
warming.igcc-2025.human-induced,WLD,1985,0.44,0.2,0.6,likely,final,,
warming.igcc-2025.human-induced,WLD,1986,0.45,0.2,0.7,likely,final,,
warming.igcc-2025.human-induced,WLD,1987,0.47,0.2,0.8,likely,final,,
warming.igcc-2025.human-induced,WLD,1988,0.51,0.3,0.8,likely,final,,
warming.igcc-2025.human-induced,WLD,1989,0.53,0.3,0.8,likely,final,,
warming.igcc-2025.human-induced,WLD,1990,0.53,0.4,0.7,likely,final,,
warming.igcc-2025.human-induced,WLD,1991,0.55,0.4,0.7,likely,final,,
warming.igcc-2025.human-induced,WLD,1992,0.58,0.4,0.8,likely,final,,
warming.igcc-2025.human-induced,WLD,1993,0.6,0.4,0.8,likely,final,,
warming.igcc-2025.human-induced,WLD,1994,0.61,0.4,0.8,likely,final,,
warming.igcc-2025.human-induced,WLD,1995,0.63,0.3,0.9,likely,final,,
warming.igcc-2025.human-induced,WLD,1996,0.65,0.4,0.9,likely,final,,
warming.igcc-2025.human-induced,WLD,1997,0.68,0.5,0.9,likely,final,,
warming.igcc-2025.human-induced,WLD,1998,0.69,0.5,0.9,likely,final,,
warming.igcc-2025.human-induced,WLD,1999,0.73,0.5,0.9,likely,final,,
warming.igcc-2025.human-induced,WLD,2000,0.74,0.5,0.9,likely,final,,
warming.igcc-2025.human-induced,WLD,2001,0.76,0.5,1.0,likely,final,,
warming.igcc-2025.human-induced,WLD,2002,0.79,0.6,1.1,likely,final,,
warming.igcc-2025.human-induced,WLD,2003,0.82,0.6,1.1,likely,final,,
warming.igcc-2025.human-induced,WLD,2004,0.83,0.6,1.1,likely,final,,
warming.igcc-2025.human-induced,WLD,2005,0.84,0.7,1.1,likely,final,,
warming.igcc-2025.human-induced,WLD,2006,0.87,0.7,1.1,likely,final,,
warming.igcc-2025.human-induced,WLD,2007,0.89,0.7,1.2,likely,final,,
warming.igcc-2025.human-induced,WLD,2008,0.92,0.7,1.3,likely,final,,
warming.igcc-2025.human-induced,WLD,2009,0.94,0.7,1.3,likely,final,,
warming.igcc-2025.human-induced,WLD,2010,0.94,0.8,1.1,likely,final,,
warming.igcc-2025.human-induced,WLD,2011,0.99,0.8,1.3,likely,final,,
warming.igcc-2025.human-induced,WLD,2012,1.02,0.8,1.3,likely,final,,
warming.igcc-2025.human-induced,WLD,2013,1.04,0.8,1.4,likely,final,,
warming.igcc-2025.human-induced,WLD,2014,1.04,0.8,1.3,likely,final,,
warming.igcc-2025.human-induced,WLD,2015,1.06,0.9,1.2,likely,final,,
warming.igcc-2025.human-induced,WLD,2016,1.09,0.9,1.3,likely,final,,
warming.igcc-2025.human-induced,WLD,2017,1.14,0.9,1.4,likely,final,,
warming.igcc-2025.human-induced,WLD,2018,1.18,1.0,1.5,likely,final,,
warming.igcc-2025.human-induced,WLD,2019,1.19,1.0,1.4,likely,final,,
warming.igcc-2025.human-induced,WLD,2020,1.22,0.9,1.6,likely,final,,
warming.igcc-2025.human-induced,WLD,2021,1.26,1.0,1.6,likely,final,,
warming.igcc-2025.human-induced,WLD,2022,1.28,1.1,1.5,likely,final,,
warming.igcc-2025.human-induced,WLD,2023,1.31,1.1,1.6,likely,final,,
warming.igcc-2025.human-induced,WLD,2024,1.36,1.1,1.8,likely,final,,
warming.igcc-2025.human-induced,WLD,2025,1.38,1.1,1.7,likely,final,,
