iso3,name,kind,ne_adm0_a3,ne_iso_a3_eh,member_of
ABW,Aruba,territory,ABW,ABW,
AFG,Afghanistan,country,AFG,AFG,
AGO,Angola,country,AGO,AGO,
AIA,Anguilla,territory,AIA,AIA,
ALA,Aland,territory,ALD,ALA,
ALB,Albania,country,ALB,ALB,
AND,Andorra,country,AND,AND,
ANT_ICECORES,Antarctic ice cores (composite of several sites),station,,,
ARE,United Arab Emirates,country,ARE,ARE,
ARG,Argentina,country,ARG,ARG,
ARM,Armenia,country,ARM,ARM,
ASM,American Samoa,territory,ASM,ASM,
ATA,Antarctica,territory,ATA,ATA,
ATC,Ashmore and Cartier Islands,territory,ATC,AUS,
ATF,French Southern and Antarctic Lands,territory,ATF,ATF,
ATG,Antigua and Barbuda,country,ATG,ATG,
AUS,Australia,country,AUS,AUS,
AUT,Austria,country,AUT,AUT,EU27
AZE,Azerbaijan,country,AZE,AZE,
BDI,Burundi,country,BDI,BDI,
BEL,Belgium,country,BEL,BEL,EU27
BEN,Benin,country,BEN,BEN,
BES,Caribbean Netherlands,territory,,BES,
BFA,Burkina Faso,country,BFA,BFA,
BGD,Bangladesh,country,BGD,BGD,
BGR,Bulgaria,country,BGR,BGR,EU27
BHR,Bahrain,country,BHR,BHR,
BHS,The Bahamas,country,BHS,BHS,
BIH,Bosnia and Herzegovina,country,BIH,BIH,
BLM,Saint Barthelemy,territory,BLM,BLM,
BLR,Belarus,country,BLR,BLR,
BLZ,Belize,country,BLZ,BLZ,
BMU,Bermuda,territory,BMU,BMU,
BOL,Bolivia,country,BOL,BOL,
BRA,Brazil,country,BRA,BRA,
BRB,Barbados,country,BRB,BRB,
BRN,Brunei,country,BRN,BRN,
BTN,Bhutan,country,BTN,BTN,
BWA,Botswana,country,BWA,BWA,
CAF,Central African Republic,country,CAF,CAF,
CAN,Canada,country,CAN,CAN,
CHE,Switzerland,country,CHE,CHE,
CHL,Chile,country,CHL,CHL,
CHN,China,country,CHN,CHN,
CIV,Ivory Coast,country,CIV,CIV,
CMR,Cameroon,country,CMR,CMR,
COD,Democratic Republic of the Congo,country,COD,COD,
COG,Republic of the Congo,country,COG,COG,
COK,Cook Islands,territory,COK,COK,
COL,Colombia,country,COL,COL,
COM,Comoros,country,COM,COM,
CPV,Cabo Verde,country,CPV,CPV,
CRI,Costa Rica,country,CRI,CRI,
CUB,Cuba,country,CUB,CUB,
CUW,Curaçao,territory,CUW,CUW,
CXR,Christmas Island,territory,,,
CYM,Cayman Islands,territory,CYM,CYM,
CYN,Northern Cyprus,country,CYN,,
CYP,Cyprus,country,CYP,CYP,EU27
CZE,Czechia,country,CZE,CZE,EU27
DEU,Germany,country,DEU,DEU,EU27
DJI,Djibouti,country,DJI,DJI,
DMA,Dominica,country,DMA,DMA,
DNK,Denmark,country,DNK,DNK,EU27
DOM,Dominican Republic,country,DOM,DOM,
DZA,Algeria,country,DZA,DZA,
ECU,Ecuador,country,ECU,ECU,
EGY,Egypt,country,EGY,EGY,
ERI,Eritrea,country,ERI,ERI,
ESH,Western Sahara,territory,SAH,ESH,
ESP,Spain,country,ESP,ESP,EU27
EST,Estonia,country,EST,EST,EU27
ETH,Ethiopia,country,ETH,ETH,
EU27,European Union (27 member states since 1 February 2020),aggregate,,,
FIN,Finland,country,FIN,FIN,EU27
FJI,Fiji,country,FJI,FJI,
FLK,Falkland Islands,territory,FLK,FLK,
FRA,France,country,FRA,FRA,EU27
FRO,Faroe Islands,territory,FRO,FRO,
FSM,Federated States of Micronesia,country,FSM,FSM,
GAB,Gabon,country,GAB,GAB,
GBR,United Kingdom,country,GBR,GBR,
GEO,Georgia,country,GEO,GEO,
GGY,Guernsey,territory,GGY,GGY,
GHA,Ghana,country,GHA,GHA,
GIB,Gibraltar,territory,,GIB,
GIN,Guinea,country,GIN,GIN,
GLP,Guadeloupe,territory,,GLP,
GMB,Gambia,country,GMB,GMB,
GNB,Guinea-Bissau,country,GNB,GNB,
GNQ,Equatorial Guinea,country,GNQ,GNQ,
GRC,Greece,country,GRC,GRC,EU27
GRD,Grenada,country,GRD,GRD,
GRL,Greenland,territory,GRL,GRL,
GTM,Guatemala,country,GTM,GTM,
GUM,Guam,territory,GUM,GUM,
GUY,Guyana,country,GUY,GUY,
HKG,Hong Kong S.A.R.,territory,HKG,HKG,
HMD,Heard Island and McDonald Islands,territory,HMD,HMD,
HND,Honduras,country,HND,HND,
HRV,Croatia,country,HRV,HRV,EU27
HTI,Haiti,country,HTI,HTI,
HUN,Hungary,country,HUN,HUN,EU27
IDN,Indonesia,country,IDN,IDN,
IMN,Isle of Man,territory,IMN,IMN,
IND,India,country,IND,IND,
INTL_AIR,International aviation,aggregate,,,
INTL_BUNKERS,International transport (aviation and shipping bunker fuels),aggregate,,,
INTL_SEA,International shipping,aggregate,,,
IOA,Indian Ocean Territories,territory,IOA,AUS,
IOT,British Indian Ocean Territory,territory,IOT,IOT,
IRL,Ireland,country,IRL,IRL,EU27
IRN,Iran,country,IRN,IRN,
IRQ,Iraq,country,IRQ,IRQ,
ISL,Iceland,country,ISL,ISL,
ISR,Israel,country,ISR,ISR,
ITA,Italy,country,ITA,ITA,EU27
JAM,Jamaica,country,JAM,JAM,
JEY,Jersey,territory,JEY,JEY,
JOR,Jordan,country,JOR,JOR,
JPN,Japan,country,JPN,JPN,
KAS,Siachen Glacier,territory,KAS,,
KAZ,Kazakhstan,country,KAZ,KAZ,
KEN,Kenya,country,KEN,KEN,
KGZ,Kyrgyzstan,country,KGZ,KGZ,
KHM,Cambodia,country,KHM,KHM,
KIR,Kiribati,country,KIR,KIR,
KNA,Saint Kitts and Nevis,country,KNA,KNA,
KOR,South Korea,country,KOR,KOR,
KOS,Kosovo,country,KOS,,
KWT,Kuwait,country,KWT,KWT,
KWT_OILFIRES,Kuwaiti oil fires (1991),aggregate,,,
LAO,Laos,country,LAO,LAO,
LAWDOME,"Law Dome ice cores, Antarctica",station,,,
LBN,Lebanon,country,LBN,LBN,
LBR,Liberia,country,LBR,LBR,
LBY,Libya,country,LBY,LBY,
LCA,Saint Lucia,country,LCA,LCA,
LIE,Liechtenstein,country,LIE,LIE,
LKA,Sri Lanka,country,LKA,LKA,
LSO,Lesotho,country,LSO,LSO,
LTU,Lithuania,country,LTU,LTU,EU27
LUX,Luxembourg,country,LUX,LUX,EU27
LVA,Latvia,country,LVA,LVA,EU27
MAC,Macao S.A.R,territory,MAC,MAC,
MAF,Saint Martin,territory,MAF,MAF,
MAR,Morocco,country,MAR,MAR,
MCO,Monaco,country,MCO,MCO,
MDA,Moldova,country,MDA,MDA,
MDG,Madagascar,country,MDG,MDG,
MDV,Maldives,country,MDV,MDV,
MEX,Mexico,country,MEX,MEX,
MHL,Marshall Islands,country,MHL,MHL,
MKD,North Macedonia,country,MKD,MKD,
MLI,Mali,country,MLI,MLI,
MLO,"Mauna Loa Observatory, Hawaii",station,,,
MLT,Malta,country,MLT,MLT,EU27
MMR,Myanmar,country,MMR,MMR,
MNE,Montenegro,country,MNE,MNE,
MNG,Mongolia,country,MNG,MNG,
MNP,Northern Mariana Islands,territory,MNP,MNP,
MOZ,Mozambique,country,MOZ,MOZ,
MRT,Mauritania,country,MRT,MRT,
MSR,Montserrat,territory,MSR,MSR,
MTQ,Martinique,territory,,MTQ,
MUS,Mauritius,country,MUS,MUS,
MWI,Malawi,country,MWI,MWI,
MYS,Malaysia,country,MYS,MYS,
NAM,Namibia,country,NAM,NAM,
NCL,New Caledonia,territory,NCL,NCL,
NER,Niger,country,NER,NER,
NFK,Norfolk Island,territory,NFK,NFK,
NGA,Nigeria,country,NGA,NGA,
NIC,Nicaragua,country,NIC,NIC,
NIU,Niue,territory,NIU,NIU,
NLD,Netherlands,country,NLD,NLD,EU27
NOR,Norway,country,NOR,NOR,
NPL,Nepal,country,NPL,NPL,
NRU,Nauru,country,NRU,NRU,
NZL,New Zealand,country,NZL,NZL,
OMN,Oman,country,OMN,OMN,
PAC_ISLANDS,"Pacific Islands Trust Territory (Palau), as reported before Palau's independence",aggregate,,,
PAK,Pakistan,country,PAK,PAK,
PAN,Panama,country,PAN,PAN,
PCN,Pitcairn Islands,territory,PCN,PCN,
PER,Peru,country,PER,PER,
PHL,Philippines,country,PHL,PHL,
PLW,Palau,country,PLW,PLW,
PNG,Papua New Guinea,country,PNG,PNG,
POL,Poland,country,POL,POL,EU27
PRI,Puerto Rico,territory,PRI,PRI,
PRK,North Korea,country,PRK,PRK,
PRT,Portugal,country,PRT,PRT,EU27
PRY,Paraguay,country,PRY,PRY,
PSE,Palestine,territory,PSX,PSE,
PYF,French Polynesia,territory,PYF,PYF,
QAT,Qatar,country,QAT,QAT,
ROU,Romania,country,ROU,ROU,EU27
RUS,Russia,country,RUS,RUS,
RWA,Rwanda,country,RWA,RWA,
RYUKYU,"Ryukyu Islands, as reported while under US administration",aggregate,,,
SAU,Saudi Arabia,country,SAU,SAU,
SDN,Sudan,country,SDN,SDN,
SEN,Senegal,country,SEN,SEN,
SGP,Singapore,country,SGP,SGP,
SGS,South Georgia and the Islands,territory,SGS,SGS,
SHN,Saint Helena,territory,SHN,SHN,
SLB,Solomon Islands,country,SLB,SLB,
SLE,Sierra Leone,country,SLE,SLE,
SLV,El Salvador,country,SLV,SLV,
SMR,San Marino,country,SMR,SMR,
SOL,Somaliland,country,SOL,,
SOM,Somalia,country,SOM,SOM,
SPM,Saint Pierre and Miquelon,territory,SPM,SPM,
SRB,Republic of Serbia,country,SRB,SRB,
SSD,South Sudan,country,SDS,SSD,
STP,São Tomé and Principe,country,STP,STP,
SUR,Suriname,country,SUR,SUR,
SVK,Slovakia,country,SVK,SVK,EU27
SVN,Slovenia,country,SVN,SVN,EU27
SWE,Sweden,country,SWE,SWE,EU27
SWZ,eSwatini,country,SWZ,SWZ,
SXM,Sint Maarten,territory,SXM,SXM,
SYC,Seychelles,country,SYC,SYC,
SYR,Syria,country,SYR,SYR,
TCA,Turks and Caicos Islands,territory,TCA,TCA,
TCD,Chad,country,TCD,TCD,
TGO,Togo,country,TGO,TGO,
THA,Thailand,country,THA,THA,
TJK,Tajikistan,country,TJK,TJK,
TKL,Tokelau,territory,,TKL,
TKM,Turkmenistan,country,TKM,TKM,
TLS,East Timor,country,TLS,TLS,
TON,Tonga,country,TON,TON,
TTO,Trinidad and Tobago,country,TTO,TTO,
TUN,Tunisia,country,TUN,TUN,
TUR,Turkey,country,TUR,TUR,
TUV,Tuvalu,country,TUV,TUV,
TWN,Taiwan,country,TWN,TWN,
TZA,United Republic of Tanzania,country,TZA,TZA,
UGA,Uganda,country,UGA,UGA,
UKR,Ukraine,country,UKR,UKR,
URY,Uruguay,country,URY,URY,
USA,United States of America,country,USA,USA,
UZB,Uzbekistan,country,UZB,UZB,
VAT,Vatican,country,VAT,VAT,
VCT,Saint Vincent and the Grenadines,country,VCT,VCT,
VEN,Venezuela,country,VEN,VEN,
VGB,British Virgin Islands,territory,VGB,VGB,
VIR,United States Virgin Islands,territory,VIR,VIR,
VNM,Vietnam,country,VNM,VNM,
VUT,Vanuatu,country,VUT,VUT,
WLD,World,aggregate,,,
WLF,Wallis and Futuna,territory,WLF,WLF,
WSM,Samoa,country,WSM,WSM,
YEM,Yemen,country,YEM,YEM,
ZAF,South Africa,country,ZAF,ZAF,
ZMB,Zambia,country,ZMB,ZMB,
ZWE,Zimbabwe,country,ZWE,ZWE,
